메뉴 이름,방법 분류,국가 분류,테마 분류,난이도 분류,주재료 이름,조리시간
견과류 영양솥밥,"['밥', '죽', '스프']",한식,메인요리,쉬움,"['백미 1과3/4컵', '은행 12개', '밤 8개', '대추 4개', '잣 1큰술']",60
굴밥,"['밥', '죽', '스프']",한식,메인요리,매우 쉬움,"['굴 300g', '쌀 200g', '보리쌀 80g']",30
김치볶음밥,"['밥', '죽', '스프']",한식,메인요리,매우 쉬움,"['김치(잘게썬것) 1/3포기', '밥 2공기']",20
꽃상추쌈,"['밥', '죽', '스프']",한식,메인요리,매우 쉬움,"['상추 4장', '밥 1그릇']",30
녹두죽,"['밥', '죽', '스프']",한식,메인요리,매우 쉬움,"['녹두 1컵', '쌀 2컵']",60
단팥죽,"['밥', '죽', '스프']",한식,메인요리,쉬움,"['팥 2컵', '설탕 2컵', '인절미 100g', '소금 약간']",60
달래간장과 모둠버섯밥,"['밥', '죽', '스프']",한식,메인요리,쉬움,"['표고버섯 2장', '팽이버섯 1봉', '느타리버섯 20g', '양송이버섯 2개', '새송이버섯 1개', '쌀 100g']",60
닭날개주먹밥,"['밥', '죽', '스프']",한식,메인요리,매우 쉬움,"['찹쌀 2/3컵씩', '멥쌀 2/3컵씩', '닭날개 10개']",60
닭안심죽,"['밥', '죽', '스프']",한식,메인요리,매우 쉬움,"['닭(안심) 50g', '찬밥 1/2공기']",30
대구계란죽,"['밥', '죽', '스프']",한식,메인요리,매우 쉬움,"['대구(살) 50g', '쌀(가루) 1/2컵']",20
돌솥비빔밥,"['밥', '죽', '스프']",한식,메인요리,매우 쉬움,"['애호박 60g', '취나물 60g', '시금치 60g', '고사리 60g', '육회 60g']",30
두부밥부침,"['밥', '죽', '스프']",한식,메인요리,매우 쉬움,"['두부 1모', '찬밥 1/2공기']",20
무죽,"['밥', '죽', '스프']",한식,메인요리,매우 쉬움,"['무 1/4개', '쌀 1/2컵']",60
무청밥,"['밥', '죽', '스프']",한식,메인요리,매우 쉬움,"['불린쌀 1과1/2컵', '무청 삶은 것(시래기) 80g', '물 1과1/2컵']",60
미니김밥,"['밥', '죽', '스프']",한식,간식,매우 쉬움,"['쌀 1컵', '김 3장', '계란 3개']",30
버섯덮밥,"['밥', '죽', '스프']",한식,메인요리,쉬움,"['밥 4공기', '쇠고기(우둔) 80g', '느타리버섯 100g', '표고버섯 3장', '양송이버섯 3개', '목이버섯 6장', '팽이버섯 1/2봉지']",60
버섯죽,"['밥', '죽', '스프']",한식,메인요리,매우 쉬움,"['쌀 100g', '버섯 40g']",30
새우죽,"['밥', '죽', '스프']",한식,메인요리,매우 쉬움,"['쌀 1컵', '새우 200g']",30
색색주먹밥,"['밥', '죽', '스프']",한식,메인요리,매우 쉬움,"['밥 2공기', '쇠고기(다진것) 100g', '김치 100g', '후리가께 약간']",30
송어상추까나페,"['밥', '죽', '스프']",한식,메인요리,매우 쉬움,['송어(슬라이스) 1마리'],30
쇠고기김치말이,"['밥', '죽', '스프']",한식,메인요리,매우 쉬움,"['쇠고기 400g', '밥 1공기', '김치 200g']",30
쇠고기김치말이밥,"['밥', '죽', '스프']",한식,메인요리,매우 쉬움,"['쇠고기(안심) 300g', '찬밥 1/2공기', '김치 50g']",30
쇠고기덮밥,"['밥', '죽', '스프']",한식,메인요리,매우 쉬움,"['쇠고기 100g', '밥 1공기']",30
쇠고기말이밥,"['밥', '죽', '스프']",한식,메인요리,매우 쉬움,"['쇠고기(샤브샤브용) 200g', '밥 1공기']",30
수삼영양밥,"['밥', '죽', '스프']",한식,메인요리,매우 쉬움,"['수삼 1뿌리', '찹쌀 1/2컵', '멥쌀 1/2컵', '흑미 30g', '차조 20g']",30
시금치된장죽,"['밥', '죽', '스프']",한식,메인요리,매우 쉬움,"['쌀 1컵', '시금치 30g']",30
양송이버섯죽,"['밥', '죽', '스프']",한식,메인요리,매우 쉬움,"['찹쌀 1컵', '양송이버섯 5개']",30
오곡밥쌈밥정식,"['밥', '죽', '스프']",한식,메인요리,쉬움,"['오곡곡물 2컵', '상추(쌈용) 약간', '깻잎 약간', '치커리 약간']",60
오곡주먹밥,"['밥', '죽', '스프']",한식,메인요리,매우 쉬움,"['찹쌀 40g', '쌀 40g']",30
옥수수죽,"['밥', '죽', '스프']",한식,메인요리,매우 쉬움,"['스위트콘 1캔', '쌀 1컵']",30
우렁된장쌈밥,"['밥', '죽', '스프']",한식,메인요리,매우 쉬움,['우렁 100g'],20
우엉시금치죽,"['밥', '죽', '스프']",한식,메인요리,매우 쉬움,"['우엉 15cm', '당근 10cm', '시금치 50g', '쌀(불린 것) 1과1/2컵']",30
웰빙비빔밥,"['밥', '죽', '스프']",한식,메인요리,매우 쉬움,['보리밥 400g'],20
전복죽,"['밥', '죽', '스프']",한식,메인요리,매우 쉬움,"['전복 1개', '쌀 1컵']",30
죽순죽,"['밥', '죽', '스프']",한식,메인요리,매우 쉬움,"['쌀 2컵', '죽순 120g']",30
참치김초밥,"['밥', '죽', '스프']",한식,메인요리,매우 쉬움,"['김 6장', '참치통조림 1캔', '밥 6공기']",30
참치주먹밥,"['밥', '죽', '스프']",한식,메인요리,매우 쉬움,"['참치통조림 1캔', '밥 2공기']",30
참치죽,"['밥', '죽', '스프']",한식,메인요리,매우 쉬움,"['밥 2공기', '참치캔 1개']",30
참치죽,"['밥', '죽', '스프']",한식,메인요리,매우 쉬움,"['참치통조림 1캔', '불린쌀 1컵']",30
채소영양밥,"['밥', '죽', '스프']",한식,메인요리,쉬움,"['쌀 2컵', '대추 6알', '밤 3톨', '은행 6알', '느타리버섯 60g', '스위트콘 1캔']",60
콩가루찬밥지짐이,"['밥', '죽', '스프']",한식,메인요리,매우 쉬움,"['밥 2공기', '콩가루 2큰술']",30
콩나물국밥,"['밥', '죽', '스프']",한식,메인요리,매우 쉬움,"['밥 4공기', '콩나물 300g']",30
콩나물무밥,"['밥', '죽', '스프']",한식,메인요리,매우 쉬움,"['쌀 2컵', '콩나물 500g', '무 1/5개']",30
콩나물밥,"['밥', '죽', '스프']",한식,메인요리,쉬움,"['쌀 2컵', '콩나물 300g', '쇠고기 100g']",60
키조개나물밥,"['밥', '죽', '스프']",한식,메인요리,쉬움,"['키조개 1개', '머위 20g']",60
해삼밥,"['밥', '죽', '스프']",한식,메인요리,매우 쉬움,"['불린쌀 1과1/2컵', '반건조해삼 2마리']",30
현미땅콩죽,"['밥', '죽', '스프']",한식,메인요리,매우 쉬움,"['현미찹쌀 1/2컵', '생땅콩 1/4컵']",30
흑임자깨죽,"['밥', '죽', '스프']",한식,메인요리,매우 쉬움,"['밥 1공기', '불린쌀 2큰술', '흑임자 1/2컵']",30
가지냉국,['국'],한식,메인요리,쉬움,['가지 2개'],60
감자국,['국'],한식,메인요리,쉬움,"['북어포 1/2마리', '감자 2개', '양파 1/2개']",60
계란실파국,['국'],한식,메인요리,매우 쉬움,['계란 2개'],30
굴비매운탕,['국'],한식,메인요리,매우 쉬움,['굴비 2마리'],30
근대된장국,['국'],한식,메인요리,매우 쉬움,['근대 200g'],30
김치홍합국,['국'],한식,메인요리,매우 쉬움,"['김치 1/4포기', '홍합 1/2컵']",30
냉이조갯국,['국'],한식,메인요리,매우 쉬움,"['냉이 200g', '모시조개 200g']",30
다시마냉국,['국'],한식,메인요리,매우 쉬움,['다시마(5cm x 10cm) 2장'],20
닭개장,['국'],한식,메인요리,매우 쉬움,['닭 1/2마리'],60
두부새우젓국,['국'],한식,메인요리,매우 쉬움,"['두부 1모', '굴 200g']",60
두부조개탕,['국'],한식,메인요리,매우 쉬움,"['두부 1/2모', '모시조개 200g', '북어 30g']",30
두붓국,['국'],한식,메인요리,매우 쉬움,"['두부 1모', '쇠고기 100g']",60
떡국,['국'],한식,메인요리,매우 쉬움,"['가래떡 500g', '쇠고기 육수 8컵', '쇠고기(우둔) 100g']",30
맑은대구탕,['국'],한식,메인요리,매우 쉬움,['생대구 1/2마리'],60
무국,['국'],한식,메인요리,매우 쉬움,"['쇠고기(양지) 120g', '무 400g']",60
무맑은국,['국'],한식,메인요리,매우 쉬움,"['쇠고기 120g', '무 400g']",30
미역국,['국'],한식,메인요리,매우 쉬움,"['미역(불린것) 2컵', '다진쇠고기 150g']",30
미역냉국,['국'],한식,메인요리,매우 쉬움,['불린미역 2컵'],30
배추속댓국,['국'],한식,메인요리,매우 쉬움,"['배추(속대) 200g', '무 1/4개', '쇠고기(사태) 60g']",30
부추재첩국,['국'],한식,메인요리,매우 쉬움,"['부추 1/2단', '재첩 100g']",30
북어국,['국'],한식,메인요리,매우 쉬움,"['통북어 2마리', '콩나물 40g', '두부 1/2모']",30
생태매운탕,['국'],한식,메인요리,쉬움,"['생태 1마리', '바지락 50g', '무 50g']",60
시금치된장국,['국'],한식,메인요리,매우 쉬움,"['시금치 300g', '말린새우 30g', '된장 3큰술']",30
아구탕,['국'],한식,메인요리,매우 쉬움,"['아구 1/2마리', '콩나물 50g']",30
아욱국,['국'],한식,메인요리,매우 쉬움,['아욱 200g'],30
양배춧국,['국'],한식,메인요리,매우 쉬움,"['양배추 100g', '모시조개 1봉지']",30
어묵국,['국'],한식,메인요리,매우 쉬움,['어묵 150g'],30
오이냉국,['국'],한식,메인요리,매우 쉬움,"['오이 2개', '물 10컵']",20
우무콩냉국,['국'],한식,메인요리,매우 쉬움,"['우무 40g', '콩 500g']",20
유부미역된장국,['국'],한식,메인요리,매우 쉬움,"['불린미역 100g', '유부 5장', '두부 1/3모']",30
재첩국,['국'],한식,메인요리,매우 쉬움,['재첩 10컵'],30
조개맑은탕,['국'],한식,메인요리,쉬움,['대합 15개'],60
콩가루에빠진쑥국,['국'],한식,메인요리,매우 쉬움,"['쑥 20g', '날콩가루 2큰술']",20
콩나물냉국,['국'],한식,메인요리,매우 쉬움,['콩나물 300g'],20
콩나물북어채국,['국'],한식,메인요리,매우 쉬움,"['콩나물 50g', '북어채 50g']",60
톳미역콩국,['국'],한식,메인요리,매우 쉬움,"['톳 100g', '미역 50g', '메주콩 500g']",30
해물 취나물된장국,['국'],한식,메인요리,매우 쉬움,"['꽃게 2마리', '키조개 1개', '취나물 30g']",30
갈치무조림,['조림'],한식,메인요리,매우 쉬움,"['갈치 1마리', '무 1/4개']",60
갈치조림,['조림'],한식,메인요리,매우 쉬움,['갈치 4토막'],30
감자곤약조림,['조림'],한식,반찬,매우 쉬움,"['감자 2개', '곤약 40g']",30
감자조림,['조림'],한식,반찬,매우 쉬움,"['감자 3개', '멸치(조림용) 100g', '꽈리고추 10개']",60
견과류조림,['조림'],한식,반찬,매우 쉬움,"['호두 6개', '땅콩 4큰술', '잣 4큰술', '밤 4개']",20
고등어무조림,['조림'],한식,메인요리,매우 쉬움,"['고등어 1마리', '무 1/3개']",30
고등어조림,['조림'],한식,메인요리,매우 쉬움,['고등어 1마리'],30
고등어튀김케첩조림,['조림'],한식,메인요리,매우 쉬움,['고등어 1마리'],30
굴비조림,['조림'],한식,메인요리,매우 쉬움,['굴비 2마리'],30
꼴뚜기조림,['조림'],한식,반찬,매우 쉬움,['건꼴뚜기 1컵'],30
돼지고기우엉말이조림,['조림'],한식,반찬,매우 쉬움,"['우엉 100g', '돼지고기 100g']",30
두부양념조림,['조림'],한식,반찬,매우 쉬움,['두부 1/2모'],20
두부조림,['조림'],한식,반찬,매우 쉬움,['두부 1모'],30
떡선,['조림'],한식,반찬,매우 쉬움,"['가래떡 1줄', '쇠고기(홍두깨) 50g']",60
알감자조림,['조림'],한식,반찬,매우 쉬움,['알감자 60g'],30
알감자조림,['조림'],한식,반찬,매우 쉬움,['알감자 300g'],30
어묵곤약조림,['조림'],한식,반찬,매우 쉬움,"['어묵 100g', '곤약 50g']",30
우엉조림,['조림'],한식,반찬,매우 쉬움,['우엉 400g'],30
조기한식조림,['조림'],한식,메인요리,쉬움,['조기 1마리'],60
향신양념쇠고기장조림,['조림'],한식,메인요리,매우 쉬움,['쇠고기 600g'],30
가자미구이,['구이'],한식,메인요리,매우 쉬움,['가자미 1마리'],20
갈치구이,['구이'],한식,메인요리,매우 쉬움,['갈치 1마리'],15
건포도갈비구이,['구이'],한식,메인요리,매우 쉬움,['쇠고기(갈비) 400g'],20
고등어된장구이,['구이'],한식,메인요리,매우 쉬움,['고등어 1/2마리'],30
고등어스테이크,['구이'],한식,메인요리,매우 쉬움,['고등어 1마리'],60
고등어양념구이,['구이'],한식,메인요리,매우 쉬움,['고등어 1/2마리'],30
굴꼬치구이,['구이'],한식,메인요리,매우 쉬움,['굴 200g'],30
김구이,['구이'],한식,반찬,매우 쉬움,['김 10장'],10
꽁치구이,['구이'],한식,메인요리,매우 쉬움,['꽁치 1마리'],20
낙지호롱구이,['구이'],한식,메인요리,매우 쉬움,['낙지 2마리'],30
닭꼬치구이,['구이'],한식,메인요리,매우 쉬움,['닭고기 500g'],30
대파미소구이,['구이'],한식,메인요리,매우 쉬움,['대파 2대'],20
도루묵구이,['구이'],한식,메인요리,매우 쉬움,['도루묵 2마리'],30
돼지갈비구이,['구이'],한식,메인요리,매우 쉬움,['돼지갈비(구이용) 600g'],60
돼지고기고추장구이,['구이'],한식,메인요리,매우 쉬움,['돼지고기(등심 또는 삼겹살) 300g'],30
두부김치,['구이'],한식,메인요리,매우 쉬움,"['두부 1/2모', '신김치 50g']",30
떡꼬치,['구이'],한식,간식,매우 쉬움,"['가래떡(떡볶이용) 250g', '쇠고기(우둔) 100g']",30
로스편채,['구이'],한식,메인요리,매우 쉬움,"['쇠고기 150g', '찹쌀가루 1컵']",30
뱅어포구이,['구이'],한식,메인요리,매우 쉬움,['뱅어포 4장'],30
병어양념구이,['구이'],한식,메인요리,매우 쉬움,['병어 2마리'],30
봄나물돼지고기구이,['구이'],한식,메인요리,매우 쉬움,"['돼지고기(목심) 300g', '미나리 40g']",30
북어고추장구이,['구이'],한식,메인요리,매우 쉬움,['북어 2마리'],30
삼치마요네즈구이,['구이'],한식,메인요리,매우 쉬움,['삼치 1마리'],30
새송이버섯구이,['구이'],한식,메인요리,매우 쉬움,['새송이버섯 2개'],20
섭산적,['구이'],한식,메인요리,매우 쉬움,"['쇠고기 300g', '두부 100g']",30
오징어통구이,['구이'],한식,메인요리,매우 쉬움,['오징어 1마리'],30
자반고등어구이,['구이'],한식,메인요리,매우 쉬움,['자반고등어 1마리'],20
제육파말이,['구이'],한식,메인요리,매우 쉬움,"['돼지고기(삼겹살) 150g', '찹쌀가루 4큰술']",30
쭈꾸미버터구이,['구이'],한식,메인요리,매우 쉬움,['쭈꾸미 1코'],30
청어구이,['구이'],한식,메인요리,매우 쉬움,['청어 1마리'],30
한식닭양념구이,['구이'],한식,메인요리,쉬움,['닭 1마리'],60
호박가지된장구이,['구이'],한식,메인요리,매우 쉬움,"['애호박 1개', '가지 1개']",30
가지튀김,"['튀김', '커틀릿']",한식,메인요리,매우 쉬움,"['가지 1개', '돼지고기(다진것) 150g']",30
굴튀김,"['튀김', '커틀릿']",한식,메인요리,매우 쉬움,['굴 10개'],30
단호박튀김,"['튀김', '커틀릿']",한식,메인요리,매우 쉬움,['단호박 100g'],30
대추수삼마늘튀김,"['튀김', '커틀릿']",한식,메인요리,매우 쉬움,"['대추 20알', '수삼 1뿌리', '마늘 2알']",30
북어강정,"['튀김', '커틀릿']",한식,메인요리,매우 쉬움,['북어 1마리'],30
잡채전병튀김,"['튀김', '커틀릿']",한식,메인요리,매우 쉬움,"['잡채 300g', '만두피 10장']",20
코다리강정,"['튀김', '커틀릿']",한식,메인요리,매우 쉬움,['코다리 50g'],30
가지된장찜,['찜'],한식,메인요리,매우 쉬움,"['가지 1개', '돼지고기 50g', '다진파 약간', '다진마늘 약간']",30
건포도닭찜,['찜'],한식,메인요리,쉬움,['닭고기 1kg'],60
계란찜,['찜'],한식,메인요리,매우 쉬움,['계란 2개'],20
꼬막양념찜,['찜'],한식,메인요리,매우 쉬움,['꼬막 600g'],25
꽈리고추찜,['찜'],한식,메인요리,매우 쉬움,['꽈리고추 150g'],30
머위 조기찜,['찜'],한식,메인요리,매우 쉬움,"['조기 4마리', '머위 100g']",30
명란찜,['찜'],한식,메인요리,매우 쉬움,['명란젓 100g'],20
모듬나물계란찜,['찜'],한식,메인요리,매우 쉬움,"['두부적 1개', '삼색나물 각20g', '계란 3개']",30
모듬해산물채소찜,['찜'],한식,메인요리,매우 쉬움,"['배춧잎 8장', '대구(4cm폭) 4토막']",30
바지락콩나물찜,['찜'],한식,메인요리,매우 쉬움,"['콩나물 30g', '바지락 20g']",30
밥계란찜,['찜'],한식,메인요리,매우 쉬움,"['찬밥 1공기', '계란 4개', '햄 20g']",20
버섯두부선,['찜'],한식,메인요리,매우 쉬움,"['두부 1/2모', '표고버섯 2개', '계란 2개']",30
소꼬리찜,['찜'],한식,메인요리,매우 쉬움,['소꼬리 5토막'],60
쇠고기가지찜,['찜'],한식,메인요리,매우 쉬움,"['다진쇠고기(홍두깨) 200g', '가지 2개']",20
쇠고기청고추찜,['찜'],한식,메인요리,매우 쉬움,"['쇠고기 100g', '청고추 150g']",30
알찜,['찜'],한식,메인요리,매우 쉬움,['계란 3개'],30
양배추&호박찜,['찜'],한식,메인요리,매우 쉬움,"['양배추 1/4통', '호박잎 20장']",30
콘새우계란찜,['찜'],한식,메인요리,매우 쉬움,"['새우 3마리', '표고버섯 1장', '계란 2개', '스위트콘 1/2캔']",30
티포크쌈,['찜'],한식,메인요리,매우 쉬움,"['돼지고기 600g', '된장 2와1/2큰술', '김치 1포기']",60
편육파채무침,['찜'],한식,메인요리,쉬움,"['돼지고기(편육용) 800g', '파 4뿌리']",60
갖은나물,"['나물', '생채', '샐러드']",한식,반찬,매우 쉬움,"['고사리 150g', '도라지 150g', '시금치 150g', '숙주 150g', '참나물 100g']",30
골뱅이냉채,"['나물', '생채', '샐러드']",한식,메인요리,매우 쉬움,['골뱅이 1통'],30
골뱅이무침,"['나물', '생채', '샐러드']",한식,메인요리,매우 쉬움,"['골뱅이통조림 200g', '오이 50g', '양파 50g']",30
골뱅이옥수수무침,"['나물', '생채', '샐러드']",한식,메인요리,매우 쉬움,"['골뱅이 200g', '오징어포 200g']",30
냉이초무침,"['나물', '생채', '샐러드']",한식,반찬,매우 쉬움,['냉이 200g'],30
다시마채소말이,"['나물', '생채', '샐러드']",한식,반찬,매우 쉬움,"['쌈다시마 8장', '오징어 1마리']",30
달래무침과냉이나물,"['나물', '생채', '샐러드']",한식,반찬,매우 쉬움,"['달래 100g', '냉이 200g']",30
달래오이무침,"['나물', '생채', '샐러드']",한식,반찬,매우 쉬움,"['달래 80g', '오이 1/2']",30
닭가슴살해파리샐러드,"['나물', '생채', '샐러드']",한식,반찬,매우 쉬움,"['닭(가슴살) 50g', '해파리 60g']",30
대파생채,"['나물', '생채', '샐러드']",한식,반찬,매우 쉬움,['대파 2대'],10
도라지생채,"['나물', '생채', '샐러드']",한식,반찬,매우 쉬움,['도라지 200g'],25
도라지오이생채,"['나물', '생채', '샐러드']",한식,반찬,매우 쉬움,"['도라지 200g', '오이 1개']",20
도토리묵무침,"['나물', '생채', '샐러드']",한식,반찬,매우 쉬움,"['도토리묵 2모', '쑥갓 1/2단', '오이 1개']",15
돌나물달래샐러드,"['나물', '생채', '샐러드']",한식,반찬,매우 쉬움,"['돌나물 50g', '달래 15g']",20
두릅된장무침,"['나물', '생채', '샐러드']",한식,반찬,매우 쉬움,"['두릅 200g', '된장 1큰술', '실고추 1큰술']",30
두릅숙회,"['나물', '생채', '샐러드']",한식,반찬,매우 쉬움,['두릅 12개'],30
두부미역냉채,"['나물', '생채', '샐러드']",한식,반찬,매우 쉬움,"['두부 1모', '미역 100g']",30
두부채소냉채,"['나물', '생채', '샐러드']",한식,반찬,매우 쉬움,"['두부 1/2모', '쇠고기 80g']",30
무생채,"['나물', '생채', '샐러드']",한식,반찬,매우 쉬움,['무 1/4개'],20
무쌈말이,"['나물', '생채', '샐러드']",한식,반찬,매우 쉬움,['절임무 1팩'],30
묵과양념장,"['나물', '생채', '샐러드']",한식,반찬,매우 쉬움,"['도토리묵 1/2모', '청포묵 1/2모']",20
미나리꼬막간장무침,"['나물', '생채', '샐러드']",한식,반찬,매우 쉬움,"['꼬막 30개', '미나리 10g']",20
사색나물,"['나물', '생채', '샐러드']",한식,반찬,매우 쉬움,"['콩나물 50g', '도라지 50g', '시금치 50g', '고사리 50g']",30
상추채소무침,"['나물', '생채', '샐러드']",한식,반찬,매우 쉬움,"['상추 10g', '들깻잎 10g', '쑥갓 5g', '케일 10g']",20
새우겨자채,"['나물', '생채', '샐러드']",한식,반찬,매우 쉬움,['새우 5마리'],30
송어샐러드,"['나물', '생채', '샐러드']",한식,반찬,매우 쉬움,['송어(슬라이스) 1마리'],30
숙주미나리무침,"['나물', '생채', '샐러드']",한식,반찬,매우 쉬움,"['숙주 100g', '미나리 50g']",20
시금치무침,"['나물', '생채', '샐러드']",한식,반찬,매우 쉬움,['시금치 100g'],20
오이나물,"['나물', '생채', '샐러드']",한식,반찬,매우 쉬움,['오이 2개'],15
오징어도라지생채,"['나물', '생채', '샐러드']",한식,반찬,매우 쉬움,"['도라지 100g', '오징어 1마리']",30
오징어숙회,"['나물', '생채', '샐러드']",한식,메인요리,매우 쉬움,['오징어 1마리'],60
오징어와마늘소스,"['나물', '생채', '샐러드']",한식,메인요리,매우 쉬움,['오징어 1마리'],30
오징어초말이,"['나물', '생채', '샐러드']",한식,메인요리,매우 쉬움,['오징어 2마리'],25
우묵냉채,"['나물', '생채', '샐러드']",한식,메인요리,매우 쉬움,['우묵 100g'],20
유부냉채,"['나물', '생채', '샐러드']",한식,메인요리,매우 쉬움,"['유부 80g', '숙주 50g']",30
육회,"['나물', '생채', '샐러드']",한식,메인요리,매우 쉬움,"['쇠고기(우둔) 30g', '배 1/4쪽', '잣가루 1작은술', '잣 약간']",30
전어회무침,"['나물', '생채', '샐러드']",한식,메인요리,매우 쉬움,['전어 3마리'],30
죽순회와미나리강회,"['나물', '생채', '샐러드']",한식,메인요리,매우 쉬움,"['죽순 1개', '미나리 5줄기']",20
차돌박이겉절이무침,"['나물', '생채', '샐러드']",한식,메인요리,매우 쉬움,"['차돌박이 200g', '얼갈이배추 적당량', '영양부추 적당량']",60
참나물간장무침,"['나물', '생채', '샐러드']",한식,반찬,매우 쉬움,['참나물 200g'],20
참나물고추장무침,"['나물', '생채', '샐러드']",한식,반찬,매우 쉬움,['참나물 100g'],20
채소무침,"['나물', '생채', '샐러드']",한식,반찬,매우 쉬움,['쌈야채 500g'],20
청경채닭살무침,"['나물', '생채', '샐러드']",한식,반찬,매우 쉬움,['청경채 100g'],30
초고추장쑥무침,"['나물', '생채', '샐러드']",한식,반찬,매우 쉬움,"['쑥 150g', '미나리 50g']",30
탕평채,"['나물', '생채', '샐러드']",한식,메인요리,쉬움,"['청포묵 1개(200g)', '쇠고기(우둔) 100g', '숙주 100g', '소금 1/2작은술']",60
팽이버섯냉채,"['나물', '생채', '샐러드']",한식,메인요리,매우 쉬움,"['팽이버섯 100g', '오이 1/2개']",20
해물잣소스무침,"['나물', '생채', '샐러드']",한식,메인요리,매우 쉬움,"['새우 5마리', '오징어 1/4마리']",30
해파리냉채,"['나물', '생채', '샐러드']",한식,메인요리,매우 쉬움,"['해파리 300g', '게맛살 8개', '오이 1개']",60
해파리새우말이냉채,"['나물', '생채', '샐러드']",한식,메인요리,매우 쉬움,"['해파리 50g', '새우 10마리', '오이 20g']",30
해파리해물냉채,"['나물', '생채', '샐러드']",한식,메인요리,쉬움,"['해파리 80g', '새우 6개', '쭈꾸미 20g']",60
해파리해물냉채,"['나물', '생채', '샐러드']",한식,메인요리,매우 쉬움,"['해파리 80g', '새우 4개', '쭈구미 20g']",30
가지김치,"['밑반찬', '김치']",한식,반찬,매우 쉬움,"['가지 2개', '부추 20g', '고춧가루 1큰술']",30
깍두기,"['밑반찬', '김치']",한식,반찬,매우 쉬움,['무 2개'],60
깻잎롤김치,"['밑반찬', '김치']",한식,반찬,매우 쉬움,"['깻잎 5묶음', '밤 10개', '홍고추 3개', '청고추 3개']",30
깻잎말이김치,"['밑반찬', '김치']",한식,반찬,매우 쉬움,"['깻잎 5묶음', '밤 10개']",30
깻잎조림,"['밑반찬', '김치']",한식,반찬,매우 쉬움,['깻잎 20장'],15
된장깻잎장아찌,"['밑반찬', '김치']",한식,반찬,매우 쉬움,['깻잎 30장'],20
마늘장아찌,"['밑반찬', '김치']",한식,반찬,매우 쉬움,"['마늘 10통', '간장 1/2컵']",20
마늘쫑굴소스볶음,"['밑반찬', '김치']",한식,반찬,매우 쉬움,"['마늘쫑 200g', '새우(마른것) 한줌']",20
마른오징어조림,"['밑반찬', '김치']",한식,반찬,매우 쉬움,['마른오징어 2마리'],30
매실장아찌,"['밑반찬', '김치']",한식,반찬,매우 쉬움,['매실 1kg'],30
무말랭이장아찌,"['밑반찬', '김치']",한식,반찬,매우 쉬움,['무 600g'],20
무우갑장과,"['밑반찬', '김치']",한식,반찬,매우 쉬움,"['무 300g', '쇠고기 50g']",30
무초김치,"['밑반찬', '김치']",한식,반찬,매우 쉬움,['무 1/2'],30
미나리나물,"['밑반찬', '김치']",한식,반찬,매우 쉬움,['미나리 1/2단'],60
배추겉절이,"['밑반찬', '김치']",한식,반찬,매우 쉬움,['배추 1/4통'],30
봄동겉절이,"['밑반찬', '김치']",한식,반찬,매우 쉬움,['봄동 100g'],30
붉은갓동치미,"['밑반찬', '김치']",한식,반찬,매우 쉬움,"['무(1/2kg 정도 크기) 1개', '붉은갓 50g']",30
새송이장조림,"['밑반찬', '김치']",한식,반찬,매우 쉬움,['새송이버섯 3개'],30
섞박지,"['밑반찬', '김치']",한식,반찬,매우 쉬움,"['배추 2포기', '무 2개']",30
시금치나물,"['밑반찬', '김치']",한식,반찬,매우 쉬움,['시금치 1/2단'],20
양파김치,"['밑반찬', '김치']",한식,반찬,매우 쉬움,"['양파 3개', '부추 30g']",30
오이갑장과,"['밑반찬', '김치']",한식,반찬,매우 쉬움,"['오이 2개', '쇠고기 60g']",30
오징어젓갈,"['밑반찬', '김치']",한식,반찬,쉬움,['오징어 1마리'],60
잔멸치된장볶음,"['밑반찬', '김치']",한식,반찬,매우 쉬움,"['잔멸치 100g', '된장 1작은술', '밥 4공기']",30
잔멸치파래튀김,"['밑반찬', '김치']",한식,반찬,매우 쉬움,"['잔멸치 200g', '파래김 100g']",30
채소피클깻잎말이,"['밑반찬', '김치']",한식,반찬,매우 쉬움,"['오이 1/2개', '무 1/6개', '당근 1/2개', '깻잎 15장', '미나리 1/3단']",30
콩나물무침,"['밑반찬', '김치']",한식,반찬,매우 쉬움,['콩나물 600g'],20
콩나물미나리무침,"['밑반찬', '김치']",한식,반찬,매우 쉬움,"['콩나물 40g', '미나리 3줄기']",20
통마늘장아찌,"['밑반찬', '김치']",한식,반찬,매우 쉬움,['통마늘 20쪽'],60
파래무침,"['밑반찬', '김치']",한식,반찬,매우 쉬움,['파래 50g'],20
향신양념무장아찌,"['밑반찬', '김치']",한식,반찬,매우 쉬움,['무 600g'],20
향신양념콩나물무침,"['밑반찬', '김치']",한식,반찬,매우 쉬움,['콩나물 150g'],20
홍차계란장조림,"['밑반찬', '김치']",한식,반찬,매우 쉬움,"['홍차티백 4개', '계란 5개']",60
가래떡꼬치,"['도시락', '간식']",한식,간식,매우 쉬움,['가래떡 1줄'],60
고구마맛탕,"['도시락', '간식']",한식,반찬,매우 쉬움,['고구마 300g'],60
밤맛탕,"['도시락', '간식']",한식,반찬,매우 쉬움,"['밤 20알', '설탕 1/2컵']",30
사과탕,"['도시락', '간식']",한식,반찬,매우 쉬움,['사과 1개'],30
오색주먹밥도시락,"['도시락', '간식']",한식,메인요리,매우 쉬움,"['쌀 2와1/2컵', '다진쇠고기(우둔) 20g', '표고버섯 2장', '멸치 10g', '단무지 10g', '김치 20g']",30
주먹밥,"['도시락', '간식']",한식,메인요리,매우 쉬움,"['밥 300g', '쇠고기(안심) 100g']",30
불고기양념,['양념장'],한식,반찬,매우 쉬움,"['간장 1/2컵', '배 1/2개']",30
쌈장,['양념장'],한식,반찬,매우 쉬움,['고추장 1큰술'],10
약고추장,['양념장'],한식,반찬,매우 쉬움,"['고추장 1컵', '다진쇠고기(안심) 80g']",60
개성주악,"['떡', '한과']",한식,간식,쉬움,"['찹쌀 1kg', '밀가루 1컵', '막걸리 1컵', '뜨거운 물 1큰술']",60
건포도강정,"['떡', '한과']",한식,간식,매우 쉬움,"['건포도 1/2컵', '땅콩', '아몬드', '호두', '깨 1 1/2컵']",30
건포도오색경단,"['떡', '한과']",한식,간식,매우 쉬움,['찹쌀가루 2컵'],30
사색경단,"['떡', '한과']",한식,간식,쉬움,['찹쌀가루 2컵'],60
삼색매작과,"['떡', '한과']",한식,간식,쉬움,"['밀가루 3컵', '다진생강 1큰술', '파래가루 1큰술', '보리새우 1큰술']",60
新고구마경단,"['떡', '한과']",한식,간식,매우 쉬움,"['고구마 2개', '인절미 적당량', '카스테라 1개']",60
아몬드녹차설기,"['떡', '한과']",한식,간식,매우 쉬움,['멥쌀가루 5컵'],30
인절미,"['떡', '한과']",한식,간식,매우 쉬움,['찹쌀 1/4되'],60
찬밥인절미,"['떡', '한과']",한식,간식,매우 쉬움,['찬밥 3공기'],60
화전,"['떡', '한과']",한식,간식,매우 쉬움,['찹쌀가루 160g'],30
화전,"['떡', '한과']",한식,간식,매우 쉬움,['찹쌀가루 160g'],30
미모사케이크,"['빵', '과자']",한식,간식,쉬움,['박력분 350'],60
과일팥빙수,['음료'],한식,간식,매우 쉬움,"['얼음 8개', '팥 2큰술']",30
대추생강차,['음료'],한식,간식,매우 쉬움,"['대추 10개', '생강 1개', '꿀 약간']",60
대추차,['음료'],한식,간식,매우 쉬움,['대추 20알'],60
배숙,['음료'],한식,간식,매우 쉬움,['배 1/4개'],20
생강차,['음료'],한식,간식,매우 쉬움,['생강 6쪽'],30
수박화채,['음료'],한식,간식,매우 쉬움,['수박 1/4통'],10
수정과샤베트,['음료'],한식,간식,매우 쉬움,['수정과 2컵'],30
오과차,['음료'],한식,간식,매우 쉬움,"['황률(말린밤) 10개', '대추 10개', '말린인삼 1뿌리']",20
유자차,['음료'],한식,간식,매우 쉬움,['유자 1kg'],60
젤리팥빙수,['음료'],한식,간식,매우 쉬움,"['우유 200ml', '팥(조린것) 3큰술']",30
감자수제비,"['만두', '면류']",한식,메인요리,매우 쉬움,"['밀가루 4컵', '감자 2개']",60
고덕칡냉면,"['만두', '면류']",한식,메인요리,매우 쉬움,"['양지머리 30g', '칡냉면 150g']",30
고추장볶음칼국수,"['만두', '면류']",한식,메인요리,매우 쉬움,"['생칼국수 150g', '느타리버섯 40g', '오징어 1/2마리']",30
고추장얼큰라면,"['만두', '면류']",한식,메인요리,매우 쉬움,"['라면 2개', '고추장 1/2큰술']",20
국수냄비,"['만두', '면류']",한식,메인요리,쉬움,"['사태 400g', '가래떡 200g', '국수 200g']",70
김치수제비,"['만두', '면류']",한식,메인요리,쉬움,"['밀가루 2컵', '계란 1개', '식용유 1작은술', '물 약간']",60
냉소면,"['만두', '면류']",한식,메인요리,매우 쉬움,"['소면 400g', '계란 2개', '꽃어묵(야마보고) 1개']",30
대대로닭칼국수,"['만두', '면류']",한식,메인요리,매우 쉬움,"['날콩가루 100g', '밀가루 100g', '닭 1마리']",30
된장채소수제비,"['만두', '면류']",한식,메인요리,매우 쉬움,"['표고버섯 2개', '감자 1개', '밀가루 2컵']",30
미역수제비,"['만두', '면류']",한식,메인요리,쉬움,"['닭고기 500g', '미역 10g', '밀가루 1컵']",60
바지락칼국수,"['만두', '면류']",한식,메인요리,매우 쉬움,"['칼국수 300g', '바지락 200g', '애호박 1/4개']",25
볶음유니자장,"['만두', '면류']",한식,메인요리,매우 쉬움,"['국수(생면) 200g', '춘장 약간']",30
비빔국수,"['만두', '면류']",한식,메인요리,쉬움,['국수 400g'],60
비빔쌀국수,"['만두', '면류']",한식,메인요리,매우 쉬움,['쌀국수 500g'],30
서리태콩국수,"['만두', '면류']",한식,메인요리,매우 쉬움,"['서리태콩 1컵', '소면 150g']",30
오징어무침냉면,"['만두', '면류']",한식,메인요리,매우 쉬움,"['냉면국수 500g', '오징어 1마리', '오이 1개', '무 5cm토막', '다진파 1큰술']",20
온면,"['만두', '면류']",한식,메인요리,매우 쉬움,['국수 300g'],30
유부만두탕,"['만두', '면류']",한식,메인요리,쉬움,"['유부 10장', '두부 1/2모', '배추김치 1/3포기', '쇠고기 50g']",60
잔치국수,"['만두', '면류']",한식,메인요리,매우 쉬움,"['쇠고기(우둔 또는 양지) 20g', '소면 300g']",30
카레라면,"['만두', '면류']",한식,메인요리,쉬움,"['카레가루 30g', '라면 1개']",60
해장라면,"['만두', '면류']",한식,메인요리,매우 쉬움,"['라면 4개', '배추김치 1/4포기', '표고버섯 4개', '콩나물 50g', '햄 30g', '게맛살 2개']",30
갈치맑은찌개,"['찌개', '전골', '스튜']",한식,메인요리,매우 쉬움,['갈치 4토막'],30
굴북어찌개,"['찌개', '전골', '스튜']",한식,메인요리,매우 쉬움,"['굴 150g', '북어 1/4마리']",30
김치찌개,"['찌개', '전골', '스튜']",한식,메인요리,쉬움,"['배추김치 1/4포기', '대파 1뿌리']",60
낙지연포탕,"['찌개', '전골', '스튜']",한식,메인요리,매우 쉬움,"['낙지 2마리', '모시조개 5개']",30
대구지리탕,"['찌개', '전골', '스튜']",한식,메인요리,매우 쉬움,['대구 1마리'],60
동태찌개,"['찌개', '전골', '스튜']",한식,메인요리,쉬움,"['동태 1마리', '무 300g']",60
된장찌개,"['찌개', '전골', '스튜']",한식,메인요리,매우 쉬움,"['두부 1/2모', '순창콩된장 50g']",30
두부젓국찌개,"['찌개', '전골', '스튜']",한식,메인요리,매우 쉬움,"['두부 1/2모', '된장 50g']",30
모시조개탕,"['찌개', '전골', '스튜']",한식,메인요리,매우 쉬움,['모시조개 400g'],30
버섯두부찌개,"['찌개', '전골', '스튜']",한식,메인요리,쉬움,"['두부 1모', '돼지고기 50g', '느타리버섯 50g', '표고버섯 2장', '팽이버섯 50g']",60
버섯탕,"['찌개', '전골', '스튜']",한식,메인요리,매우 쉬움,"['표고버섯(말린것) 3개', '새송이 2개', '청경채 1송이']",30
부대찌개,"['찌개', '전골', '스튜']",한식,메인요리,쉬움,"['햄 150g', '프랑크소시지 2개', '김치 1/2포기']",60
순두부찌개,"['찌개', '전골', '스튜']",한식,메인요리,매우 쉬움,['순두부 800g'],25
애호박된장찌개,"['찌개', '전골', '스튜']",한식,메인요리,매우 쉬움,"['애호박 150g', '두부 150g', '된장 1/2컵']",30
얼큰어묵탕,"['찌개', '전골', '스튜']",한식,메인요리,매우 쉬움,"['어묵 1팩', '무 1/3개']",30
오징어섞어찌개,"['찌개', '전골', '스튜']",한식,메인요리,매우 쉬움,"['오징어 1마리', '두부 1/2모', '모시조개 5개', '김치 30g']",30
오징어찌개,"['찌개', '전골', '스튜']",한식,메인요리,쉬움,"['오징어 1마리', '쇠고기(우둔) 100g']",60
조기매운탕,"['찌개', '전골', '스튜']",한식,메인요리,매우 쉬움,['조기 2마리'],30
참치김치찌개,"['찌개', '전골', '스튜']",한식,메인요리,매우 쉬움,"['김치 1/4포기', '참치 1캔']",30
청국장찌개,"['찌개', '전골', '스튜']",한식,메인요리,매우 쉬움,"['청국장 1컵', '쇠고기(우둔) 100g', '무 1/6개']",30
해물지지기,"['찌개', '전골', '스튜']",한식,메인요리,매우 쉬움,"['새우 2마리', '모시조개 100g', '오징어 1/2마리']",30
호박두부찌개,"['찌개', '전골', '스튜']",한식,메인요리,매우 쉬움,"['호박 1개', '두부 1/2모']",30
계란말이,['부침'],한식,메인요리,매우 쉬움,['계란 4개'],30
고구마전,['부침'],한식,메인요리,매우 쉬움,"['밀가루 4큰술', '계란 2개', '홍고추 1/2개']",25
고추장떡,['부침'],한식,메인요리,매우 쉬움,"['밀가루 2컵', '고추장 1큰술', '된장 1큰술', '부추 1/4단']",30
굴청경채부침개,['부침'],한식,메인요리,매우 쉬움,['생굴(중) 20개'],30
김치동그랑땡,['부침'],한식,메인요리,매우 쉬움,"['김치 1/6포기', '감자 1개', '두부 1/4모']",30
김치적,['부침'],한식,메인요리,매우 쉬움,"['김치 200g', '쇠고기(우둔) 100g', '표고버섯 5장', '통도라지 100g']",25
김치콩비지전,['부침'],한식,메인요리,매우 쉬움,"['콩비지 1컵', '밀가루 1컵', '베이컨 2장', '대파 1뿌리', '김치 1/6포기']",30
누룽적,['부침'],한식,메인요리,매우 쉬움,"['느타리버섯 30g', '쇠고기(우둔) 50g', '도라지 50g', '실파 10뿌리']",30
달래굴파전,['부침'],한식,메인요리,매우 쉬움,"['달래 100g', '굴 80g', '밀가루 1컵']",30
달래지짐,['부침'],한식,메인요리,매우 쉬움,['달래 100g'],30
대구전,['부침'],한식,메인요리,매우 쉬움,['대구살 200g'],30
대구전,['부침'],한식,메인요리,매우 쉬움,['대구(냉동) 400g'],30
대파산적,['부침'],한식,메인요리,매우 쉬움,"['대파 3대', '고기(산적용) 200g']",30
동그랑땡,['부침'],한식,메인요리,매우 쉬움,"['두부 1/4모', '쇠고기(등심', '사태) 100g']",30
두부완자전,['부침'],한식,메인요리,매우 쉬움,"['두부 1/4모', '쇠고기(등심) 100g']",30
두부전,['부침'],한식,메인요리,매우 쉬움,['두부 1/2모'],30
두부파프리카전,['부침'],한식,메인요리,매우 쉬움,"['두부 반모', '파프리카 2개']",30
모듬전,['부침'],한식,메인요리,매우 쉬움,"['감자 1개', '양파 1개', '밀가루 1/3컵', '깻잎 6장']",30
부추부침개,['부침'],한식,메인요리,매우 쉬움,"['밀가루 1컵', '찹쌀가루 4큰술', '부추 200g', '청고추 10개', '오징어 1마리']",30
산적,['부침'],한식,메인요리,매우 쉬움,"['쇠고기 50g', '느타리버섯 30g', '실파 10뿌리', '도라지 50g']",30
"삼색전(고등어,갈치,새우)",['부침'],한식,메인요리,매우 쉬움,"['고등어 1/4마리', '갈치 1/2마리', '새우 3마리']",30
생선감자채구이,['부침'],한식,메인요리,매우 쉬움,"['동태 1마리', '감자 1개']",30
생선전,['부침'],한식,메인요리,매우 쉬움,['대구살 200g'],30
스위트콘참치전,['부침'],한식,메인요리,매우 쉬움,"['옥수수통조림 1/2캔', '전분 1/2컵', '참치통조림 1캔']",20
시금치계란말이,['부침'],한식,메인요리,매우 쉬움,"['시금치 20g', '계란 3개']",30
양파전,['부침'],한식,메인요리,매우 쉬움,['양파 2개'],30
연근전,['부침'],한식,메인요리,매우 쉬움,"['연근 50g', '계란 1개']",60
오징어채소부침,['부침'],한식,메인요리,매우 쉬움,"['오징어 1마리', '쇠고기 100g', '감자 3개']",30
찬밥전,['부침'],한식,메인요리,매우 쉬움,"['찬밥 1공기', '참치(통조림) 1/2통', '양파 1/4개', '당근 1/4개']",20
찬밥지짐이,['부침'],한식,메인요리,매우 쉬움,['찬밥 1공기'],30
참치완자전,['부침'],한식,메인요리,쉬움,"['두부 1모', '참치 80g', '깻잎 10장']",60
참치채소전,['부침'],한식,메인요리,매우 쉬움,"['참치캔 1개', '계란 1개', '청고추 1개', '홍고추 1개']",30
채소감자지짐,['부침'],한식,메인요리,매우 쉬움,['감자 2개'],20
표고전,['부침'],한식,메인요리,쉬움,"['표고버섯 15장', '쇠고기 150g']",35
호박전,['부침'],한식,메인요리,매우 쉬움,['애호박 1개'],30
가지볶음,['볶음'],한식,반찬,매우 쉬움,['가지 2개'],30
가지쇠고기볶음,['볶음'],한식,메인요리,매우 쉬움,"['가지 1개', '쇠고기(등심) 100g']",20
가지와마른새우무침,['볶음'],한식,메인요리,매우 쉬움,"['가지 1개', '마른새우 20g']",30
개조개쌈장볶음,['볶음'],한식,메인요리,매우 쉬움,['개조개 2마리'],60
고구마줄기볶음,['볶음'],한식,메인요리,매우 쉬움,['고구마줄기 25g'],20
고사리볶음,['볶음'],한식,메인요리,매우 쉬움,['말린고사리 30g'],20
고추장불고기,['볶음'],한식,메인요리,매우 쉬움,"['돼지고기(목살) 400g', '청고추 1개', '홍고추 1개', '고추장 2큰술', '다진생강 1/2작은술', '설탕 1/2작은술', '간장 1작은술', '청주 1큰술', '다진마늘 1큰술', '물엿 1큰술', '후춧가루 약간', '참기름 약간']",30
골뱅이볶음,['볶음'],한식,메인요리,매우 쉬움,['골뱅이(통조림) 1개'],30
굴소스 죽순버섯볶음,['볶음'],한식,반찬,매우 쉬움,"['죽순 1캔', '느타리버섯 30g', '새송이버섯 30g', '팽이버섯 1봉지']",30
낙지불고기,['볶음'],한식,메인요리,쉬움,"['쇠고기 150g', '낙지 2마리']",60
느타리버섯볶음,['볶음'],한식,반찬,매우 쉬움,['느타리버섯 80g'],30
두부구이와 버섯볶음,['볶음'],한식,반찬,매우 쉬움,"['두부 1모', '새송이버섯 2개', '팽이버섯 1/2봉']",30
두부김치,['볶음'],한식,메인요리,매우 쉬움,"['두부 1모', '배추김치 1/2포기']",20
라볶이,['볶음'],한식,메인요리,매우 쉬움,"['라면 1봉', '떡 30g', '어묵 30g']",30
마른새우볶음,['볶음'],한식,반찬,매우 쉬움,['마른새우 2컵'],10
멸치꽈리고추볶음,['볶음'],한식,반찬,매우 쉬움,"['꽈리고추 200g', '멸치 30g']",20
멸치볶음,['볶음'],한식,반찬,매우 쉬움,['잔멸치 1컵'],20
버섯볶음,['볶음'],한식,반찬,매우 쉬움,"['느타리버섯 30g', '새송이버섯 30g', '팽이버섯 1봉지']",30
버섯볶음과들깨소스,['볶음'],한식,반찬,매우 쉬움,"['표고버섯 20g', '느타리버섯 40g', '새송이버섯 40g', '팽이버섯 50g', '양송이버섯 30g']",20
버섯잡채,['볶음'],한식,반찬,매우 쉬움,"['느타리버섯 60g', '표고버섯 3장', '팽이버섯 30g']",30
버터오징어채볶음,['볶음'],한식,반찬,매우 쉬움,"['오징어채 50g', '버터 2큰술']",30
보고또보고닭발,['볶음'],한식,메인요리,매우 쉬움,['닭발 200g'],30
부추잡채,['볶음'],한식,반찬,매우 쉬움,"['부추 1/4단', '돼지고기(안심) 100g']",30
불고기,['볶음'],한식,메인요리,매우 쉬움,['쇠고기(등심) 500g'],20
순대볶음,['볶음'],한식,메인요리,매우 쉬움,['순대 300g'],20
어묵볶음,['볶음'],한식,반찬,매우 쉬움,['어묵 100g'],30
연근볶음,['볶음'],한식,반찬,매우 쉬움,['연근 150g'],20
오징어떡볶음,['볶음'],한식,메인요리,매우 쉬움,"['오징어 1마리', '떡볶이떡 50g']",30
오징어볶음과소면,['볶음'],한식,메인요리,매우 쉬움,['오징어 1마리'],30
오징어삼겹살볶음,['볶음'],한식,메인요리,매우 쉬움,"['오징어 1마리', '돼지고기(삼겹살) 200g']",30
오징어채볶음,['볶음'],한식,반찬,매우 쉬움,"['오징어채 100g', '고추장 1큰술', '설탕 1큰술']",20
잔멸치쌈장볶음,['볶음'],한식,반찬,매우 쉬움,['잔멸치 100g'],20
청경채닭고기볶음,['볶음'],한식,메인요리,매우 쉬움,"['닭다리 2개', '청경채 70g']",30
고구마스프,"['밥', '죽', '스프']",서양,메인요리,매우 쉬움,"['고구마 2개', '우유(또는 물) 1컵']",30
닭살크림수프,"['밥', '죽', '스프']",서양,메인요리,쉬움,"['닭(가슴살) 100g', '우유 2컵']",60
덴마크식당근스프,"['밥', '죽', '스프']",서양,메인요리,매우 쉬움,"['당근(잘게 썬것) 1/2개', '크림치즈 200g']",30
러시안수프,"['밥', '죽', '스프']",서양,메인요리,쉬움,['쇠고기(사태) 100g'],60
모듬콩수프,"['밥', '죽', '스프']",서양,메인요리,매우 쉬움,"['콩(메주콩', '검은콩 외) 각 100g']",20
버섯스프,"['밥', '죽', '스프']",서양,메인요리,매우 쉬움,['버섯 6개'],30
버섯크림수프,"['밥', '죽', '스프']",서양,메인요리,매우 쉬움,['양송이 10개'],30
베이비콘채소스프,"['밥', '죽', '스프']",서양,메인요리,매우 쉬움,['베비이콘 70g'],60
브로콜리수프,"['밥', '죽', '스프']",서양,메인요리,매우 쉬움,"['브로콜리 100g', '생크림 50ml', '닭육수 400g']",30
양송이크림수프,"['밥', '죽', '스프']",서양,메인요리,매우 쉬움,"['양송이버섯 150g', '생크림 3큰술']",30
어니언그라탱수프,"['밥', '죽', '스프']",서양,메인요리,매우 쉬움,"['양파 2개', '바게트빵 2장', '마늘 1개']",30
오므라이스,"['밥', '죽', '스프']",서양,메인요리,매우 쉬움,"['계란 3개', '밥 2공기']",30
완두콩감자수프,"['밥', '죽', '스프']",서양,메인요리,매우 쉬움,"['완두콩 1컵', '감자 1/2개']",30
완두콩수프,"['밥', '죽', '스프']",서양,메인요리,매우 쉬움,['완두콩(통조림) 200g'],30
인도식과일카레라이스,"['밥', '죽', '스프']",서양,메인요리,매우 쉬움,"['밥 2인분', '카레 100g']",30
채소수프,"['밥', '죽', '스프']",서양,메인요리,쉬움,"['감자 2개', '홀토마토 4개']",60
채소스프,"['밥', '죽', '스프']",서양,메인요리,매우 쉬움,"['당근 1/4개', '양파 1/2개', '샐러리 1/3대', '피망 1개', '무 20g']",30
치즈라이스볼,"['밥', '죽', '스프']",서양,메인요리,매우 쉬움,"['밥 1공기', '치즈(슬라이스) 3장']",30
콘크림수프,"['밥', '죽', '스프']",서양,메인요리,매우 쉬움,['스위트콘 1캔'],30
껍질콩버터조림,['조림'],서양,반찬,매우 쉬움,"['껍질콩 400g', '베이컨 50g', '양상추 1/2개']",30
돼지고기바베큐,['조림'],서양,메인요리,매우 쉬움,['돼지고기 300g'],30
가지토마토그라탕,['구이'],서양,메인요리,매우 쉬움,"['토마토 2개', '가지 1개']",30
감자오븐구이,['구이'],서양,메인요리,매우 쉬움,['감자 2개'],30
닭가슴살구이와채소샐러드,['구이'],서양,메인요리,매우 쉬움,"['닭가슴살 100g', '양상추 30g']",30
등심스테이크,['구이'],서양,메인요리,매우 쉬움,['쇠고기(등심) 200g'],30
레이즌닭다리스테이크,['구이'],서양,메인요리,매우 쉬움,['닭다리 2개'],30
베이컨햄말이,['구이'],서양,메인요리,매우 쉬움,"['베이컨 10', '햄 10개']",30
비프채소롤,['구이'],서양,메인요리,매우 쉬움,['쇠고기(홍두깨살) 500g'],30
속채운감자,['구이'],서양,메인요리,매우 쉬움,['감자 2개'],20
아스파라거스베이컨말이,['구이'],서양,메인요리,매우 쉬움,"['아스파라거스 200g', '메추리알 8개', '베이컨 16장']",30
오븐감자구이,['구이'],서양,메인요리,매우 쉬움,['감자 4개'],60
오븐채소구이,['구이'],서양,메인요리,매우 쉬움,"['고구마 2개', '단호박 1/2개', '가지 1개', '당근 1/2개']",30
치즈고기말이,['구이'],서양,메인요리,매우 쉬움,"['쇠고기(불고기) 150g', '모짜렐라치즈 100g']",30
치즈연어구이,['구이'],서양,메인요리,매우 쉬움,"['연어 200g', '치즈(슬라이스) 2장']",30
콘버터,['구이'],서양,메인요리,매우 쉬움,"['옥수수통조림 1캔', '피자치즈 한줌']",20
콘치즈구이,['구이'],서양,메인요리,매우 쉬움,"['옥수수통조림 1/2캔', '피자치즈 30g']",20
토마토치즈구이,['구이'],서양,메인요리,매우 쉬움,"['토마토 5개', '모짜렐라치즈 70g']",60
홍합구이,['구이'],서양,메인요리,매우 쉬움,['홍합 12개'],20
홍합치즈구이,['구이'],서양,메인요리,매우 쉬움,['홍합 20개'],30
고구마크로켓,"['튀김', '커틀릿']",서양,메인요리,매우 쉬움,['고구마 4개'],30
고등어샐러드,"['튀김', '커틀릿']",서양,메인요리,매우 쉬움,"['고등어 1/2마리', '양상추 1/2개']",30
골드 코스트 코코넛 쉬림프,"['튀김', '커틀릿']",서양,메인요리,쉬움,['새우(중하) 6마리'],60
닭날개너트봉,"['튀김', '커틀릿']",서양,메인요리,매우 쉬움,['닭(날개) 5개'],30
머스터드소스와치킨너겟,"['튀김', '커틀릿']",서양,간식,매우 쉬움,['닭(안심) 300g'],30
모짜렐라치즈튀김,"['튀김', '커틀릿']",서양,간식,매우 쉬움,['모짜렐라치즈 225g'],60
미니핫도그,"['튀김', '커틀릿']",서양,간식,매우 쉬움,"['비엔나소시지 10개', '빵가루 3컵']",30
베이컨메추리알말이,"['튀김', '커틀릿']",서양,메인요리,매우 쉬움,"['베이컨 10장', '메추리알 10개']",20
식빵모서리튀김,"['튀김', '커틀릿']",서양,메인요리,매우 쉬움,['식빵(모서리) 100g'],30
양파링카레튀김,"['튀김', '커틀릿']",서양,메인요리,매우 쉬움,['양파 1개'],30
옥수수크로켓,"['튀김', '커틀릿']",서양,메인요리,매우 쉬움,"['감자 2개', '스위트콘 1/2캔']",30
치킨까스와 허니머스터드드레싱,"['튀김', '커틀릿']",서양,메인요리,매우 쉬움,['닭안심 2조각'],30
튀김볼모듬,"['튀김', '커틀릿']",서양,메인요리,매우 쉬움,"['새우 200g', '고등어 200g', '굴비 200g', '갈치 200g', '오렌지 1개', '방울토마토 약간']",30
프라이드그린토마토,"['튀김', '커틀릿']",서양,메인요리,매우 쉬움,"['토마토 2개', '샐러드오일 약간']",30
허브를입혀튀긴고등어샐러리,"['튀김', '커틀릿']",서양,메인요리,쉬움,['고등어 1/2마리'],60
허브를입혀튀긴새우와레몬드레싱,"['튀김', '커틀릿']",서양,메인요리,매우 쉬움,['새우 3마리'],30
단호박크림찜,['찜'],서양,메인요리,매우 쉬움,"['단호박 1/2개', '크림치즈 3큰술']",20
제육배추찜,['찜'],서양,메인요리,매우 쉬움,"['돼지고기(갈은것) 300g', '부추 50g', '양파 1/4개', '배춧잎 10장']",30
토마토와찐갈치,['찜'],서양,메인요리,매우 쉬움,"['갈치 1마리', '토마토 1/2개']",20
건강식과일해산물샐러드,"['나물', '생채', '샐러드']",서양,반찬,매우 쉬움,"['생홍합 10개', '바지락 10개', '파인애플 1쪽', '사과 1/4개']",30
과일샐러드,"['나물', '생채', '샐러드']",서양,반찬,매우 쉬움,"['사과 1개', '자몽 1개', '샐러리 1대', '오이 1개', '딸기 4개']",20
과일샐러드,"['나물', '생채', '샐러드']",서양,반찬,매우 쉬움,"['방울토마토 8개', '키위 2개', '파인애플통조림 4조각', '과일통조림 약간']",20
그린샐러드,"['나물', '생채', '샐러드']",서양,반찬,매우 쉬움,['양상추 250g'],10
당근채 견과류샐러드,"['나물', '생채', '샐러드']",서양,반찬,매우 쉬움,"['당근 3개', '건포도 6큰술', '아몬드', '땅콩 300g']",30
레이즌쇠고기샐러드,"['나물', '생채', '샐러드']",서양,반찬,매우 쉬움,"['쇠고기(안심) 100g', '어린잎채소 200g']",30
레이즌컨츄리샐러드,"['나물', '생채', '샐러드']",서양,반찬,매우 쉬움,"['브로콜리 1송이', '건포도 1/2컵', '피칸 1/4컵', '베이컨 4줄', '적양파 1/4개']",20
레이즌푸실리컵샐러드,"['나물', '생채', '샐러드']",서양,반찬,매우 쉬움,"['닭고기(안심) 300g', '건포도 30g', '푸실리(삼색푸실리) 50g']",30
멕시칸샐러드,"['나물', '생채', '샐러드']",서양,반찬,매우 쉬움,"['햄 50g', '피망 1개', '샐러리 1대', '피망 1/2개', '오이 1/2개', '양배추잎(잎) 2장', '삶은계란노른자(삶은것) 1개']",30
모듬샐러드,"['나물', '생채', '샐러드']",서양,반찬,매우 쉬움,"['파마산치즈 약간', '샐러드 50g', '체리토마토 3개']",20
무당근피클,"['나물', '생채', '샐러드']",서양,반찬,쉬움,"['무 1/3개', '당근 3개', '월계수잎 약간']",60
바질토마토두부샐러드,"['나물', '생채', '샐러드']",서양,반찬,매우 쉬움,"['두부 1모', '토마토 2개', '바질 20장']",20
사과치즈샐러드,"['나물', '생채', '샐러드']",서양,반찬,매우 쉬움,"['치즈(연질) 100g', '사과 1개', '상추 약간']",20
새우와 아보카도샐러드,"['나물', '생채', '샐러드']",서양,반찬,매우 쉬움,"['새우 2마리', '아보카도 1개', '소금 약간']",30
새우와토마토샐러드,"['나물', '생채', '샐러드']",서양,반찬,매우 쉬움,"['새우(중하) 5마리', '체리토마토 10개', '미림 120ml']",30
시금치샐러드,"['나물', '생채', '샐러드']",서양,반찬,매우 쉬움,"['시금치 70g', '양송이버섯 4개', '베이컨 4장']",20
시저샐러드,"['나물', '생채', '샐러드']",서양,반찬,매우 쉬움,"['식빵 3장', '양파 1/2개', '양상추 1/2통', '방울토마토 7개', '치커리 적당량']",15
양상추참치샐러드,"['나물', '생채', '샐러드']",서양,반찬,매우 쉬움,"['참치 1/2캔', '양파 15g', '당근 10g', '오이 20g', '양상추 40g']",20
연어샐러드,"['나물', '생채', '샐러드']",서양,반찬,매우 쉬움,"['훈제연어 160g', '앤다이브 40g']",10
월도프치킨샐러드,"['나물', '생채', '샐러드']",서양,반찬,매우 쉬움,"['사과 1개', '샐러리 1대', '귤 2개', '브로콜리 1/2송이', '호두 40g', '건포도 30g']",30
젤리샐러드,"['나물', '생채', '샐러드']",서양,반찬,매우 쉬움,"['젤리 100g', '샐러드용채소 50g']",30
치즈아보카도,"['나물', '생채', '샐러드']",서양,반찬,매우 쉬움,"['아보카도 1개', '크림치즈 4큰술']",20
치즈토마토,"['나물', '생채', '샐러드']",서양,반찬,매우 쉬움,['토마토 4개'],20
치킨텐더,"['나물', '생채', '샐러드']",서양,반찬,쉬움,['닭고기(안심) 6개'],60
컵샐러드,"['나물', '생채', '샐러드']",서양,반찬,매우 쉬움,"['햄 1/2개', '방울토마토 10개', '오이 1개', '춘권피 4장']",30
콘샐러드,"['나물', '생채', '샐러드']",서양,반찬,매우 쉬움,['옥수수통조림 1캔'],20
콩샐러드,"['나물', '생채', '샐러드']",서양,반찬,매우 쉬움,['콩(통조림) 1/2컵'],30
크레송샐러드,"['나물', '생채', '샐러드']",서양,반찬,매우 쉬움,"['베이컨 1장', '크레송 50g']",30
키위드레싱과콘샐러드,"['나물', '생채', '샐러드']",서양,반찬,매우 쉬움,"['양상추 1/2통', '양배추 1/4통', '토마토 1개', '치커리 약간', '스위트콘 약간', '적채 1/4통']",20
토마토샐러드,"['나물', '생채', '샐러드']",서양,반찬,매우 쉬움,['토마토 2개'],20
해산물모듬샐러드,"['나물', '생채', '샐러드']",서양,반찬,매우 쉬움,"['새우(중하) 8마리', '오징어 1마리', '치커리 약간', '양상추 약간']",30
흑미 샐러드,"['나물', '생채', '샐러드']",서양,반찬,매우 쉬움,"['샐러드용 야채(로즈', '비타민', '비트잎) 100g', '흑미 100g', '백미 100g']",20
오이피클,"['밑반찬', '김치']",서양,반찬,쉬움,"['오이 4개', '양파 1/2개', '물 5컵']",60
채소피클,"['밑반찬', '김치']",서양,반찬,매우 쉬움,"['미니파프리카 1팩', '오이 2개', '당근 1/2개']",20
가리비그라탕,['양식'],서양,메인요리,매우 쉬움,['가리비(껍질이 있는것) 10개'],20
까나페,['양식'],서양,메인요리,매우 쉬움,"['식빵 2쪽', '비스켓 8개']",30
새우스크램블,['양식'],서양,메인요리,매우 쉬움,"['새우 60g', '계란 2개']",20
스크램블드에그,['양식'],서양,메인요리,매우 쉬움,"['계란 2개', '베이컨 3장']",20
오믈렛,['양식'],서양,메인요리,매우 쉬움,['계란 4개'],20
오븐에 구운 브리치즈,['양식'],서양,메인요리,매우 쉬움,"['브리치즈 2개', '꿀 1큰술']",30
이탈리안오믈렛,['양식'],서양,메인요리,매우 쉬움,"['계란 2개', '스위트콘 1/3캔']",30
포크스테이크,['양식'],서양,메인요리,매우 쉬움,['돼지고기(안심) 600g'],60
포테이토스킨,['양식'],서양,메인요리,매우 쉬움,"['감자 2개', '베이컨 3쪽', '치즈(체다 슬라이스 치즈) 2장']",30
마늘빠스,"['도시락', '간식']",서양,메인요리,매우 쉬움,['마늘 20톨'],30
뮈슬리,"['도시락', '간식']",서양,메인요리,매우 쉬움,"['플레인요구르트 4컵', '씨리얼 6컵', '우유 2컵']",30
양배추베이컨말이,"['도시락', '간식']",서양,메인요리,매우 쉬움,['양배추잎(잎) 10장'],30
옥수수프리터,"['도시락', '간식']",서양,메인요리,쉬움,"['햄 30g', '옥수수 1/2컵', '밀가루 1/2컵']",60
치즈플레이트,"['도시락', '간식']",서양,메인요리,매우 쉬움,"['까망베르치즈 1개', '훈제치즈 1/2개', '허브갈릭치즈 1개', '에멘탈치즈 1/2개', '크림치즈 약간']",30
포테이토칩,"['도시락', '간식']",서양,메인요리,매우 쉬움,['감자 2개'],30
계피향의 바나나구이,['후식'],서양,간식,매우 쉬움,['바나나 1개'],20
레이즌셔벗,['후식'],서양,간식,매우 쉬움,"['레이즌 100g', '바나나 1개', '우유 500ml', '플레인요거트 500ml']",30
모듬과일,['후식'],서양,간식,매우 쉬움,"['사과 1개', '키위 1개', '오렌지 1개']",20
수박젤리,['후식'],서양,간식,매우 쉬움,"['수박즙 500g', '화이트와인 30g']",60
시드니신풀선데,['후식'],서양,간식,매우 쉬움,['바닐라아이스크림 4스쿠프'],20
싱가폴슬링,['후식'],서양,간식,매우 쉬움,"['진 60ml', '레몬 1개', '체리브랜디 30ml']",10
오렌지젤리,['후식'],서양,간식,매우 쉬움,['오렌지 3개'],60
장미꽃아이스크림,['후식'],서양,간식,매우 쉬움,['아이스크림 1통'],20
케러멜,['후식'],서양,간식,쉬움,"['생크림 250g', '트리몰린 25g', '설탕 190g', '물엿 175g', '슈가파우더 약간']",60
화이트와인젤리,['후식'],서양,간식,매우 쉬움,['화이트와인 250g'],60
딸기잼,['양념장'],서양,반찬,매우 쉬움,['딸기 1kg'],60
마요네즈드레싱,['양념장'],서양,반찬,매우 쉬움,"['계란노른자 1개', '샐러드유 1컵']",20
발사믹드레싱,['양념장'],서양,반찬,매우 쉬움,"['발사믹식초 1컵', '올리브오일 1컵']",60
애플소스,['양념장'],서양,반찬,매우 쉬움,['사과 200g'],2
타르타르소스,['양념장'],서양,반찬,매우 쉬움,"['마요네즈 3큰술', '피클 15g']",10
토마토소스,['양념장'],서양,반찬,매우 쉬움,"['홀토마토 1/2캔', '토마토 1개']",30
토마토소스,['양념장'],서양,반찬,쉬움,"['홀토마토 1/2캔', '토마토 1개']",60
감자수플레,"['빵', '과자']",서양,간식,매우 쉬움,['감자 4개'],30
구겔호프,"['빵', '과자']",서양,간식,쉬움,['밀가루(중력분) 500g'],60
레이즌마블케이크,"['빵', '과자']",서양,간식,쉬움,"['버터(실온보관) 100g', '밀가루(박력분) 100g']",60
레이즌비스코티,"['빵', '과자']",서양,간식,쉬움,"['밀가루(박력분) 140g', '건포도 60g']",60
레이즌쇼콜라케이크,"['빵', '과자']",서양,간식,쉬움,"['밀가루(박력분) 20g', '생크림 60g', '초콜릿(다크초콜릿) 70g']",60
레이즌초코쿠키,"['빵', '과자']",서양,간식,매우 쉬움,"['밀가루(박력분) 230g', '다크초콜릿(커버춰) 140g']",30
레이즌초코휘낭시에,"['빵', '과자']",서양,간식,쉬움,"['버터 70g', '설탕 40g']",60
레이즌컵코블러,"['빵', '과자']",서양,간식,쉬움,"['사과 2개', '밀가루(중력분) 200g']",60
레이즌크리스탈쿠키,"['빵', '과자']",서양,간식,매우 쉬움,"['밀가루(박력분) 130g', '사탕(색깔별로 100g씩) 100g']",30
레이즌크림치즈푸루따,"['빵', '과자']",서양,간식,매우 쉬움,['[비스퀴] 밀가루(박력분) 40g'],30
링도넛,"['빵', '과자']",서양,간식,쉬움,"['밀가루(박력분) 300g', '설탕 120g', '계란 2개', '버터 65g', '베이킹파우더 1작은술', '분유 2작은술', '소금 1/2작은술', '바닐라향 1/2작은술']",60
마늘버터빵,"['빵', '과자']",서양,간식,매우 쉬움,['바게트빵 8쪽'],30
마늘빵,"['빵', '과자']",서양,간식,매우 쉬움,['바게트 1개'],20
모양쿠키,"['빵', '과자']",서양,간식,매우 쉬움,['박력분 2컵'],30
모양쿠키,"['빵', '과자']",서양,간식,쉬움,['박력분 700g'],60
바나나머핀,"['빵', '과자']",서양,간식,매우 쉬움,"['박력분 500g', '바나나 500g']",30
바나나스프레드토스트,"['빵', '과자']",서양,간식,매우 쉬움,"['바나나 2개', '식빵 3개']",30
브라우니,"['빵', '과자']",서양,간식,쉬움,"['다크초콜릿 100g', '버터 100g', '코코아가루 30g', '밀가루(박력분) 50g']",60
산초포카시아,"['빵', '과자']",서양,간식,쉬움,"['강력분 100g', '박력분 100g']",90
소보로빵,"['빵', '과자']",서양,간식,쉬움,['강력분 500g'],120
쇼콜라프로마쥬,"['빵', '과자']",서양,간식,쉬움,"['크림치즈 1000g', '사워크림 114g', '초코비스킷가루 360g', '초콜릿 약간']",60
시가렛쿠키,"['빵', '과자']",서양,간식,매우 쉬움,['중력분 100g'],30
쑥브리오슈,"['빵', '과자']",서양,간식,쉬움,"['밀가루(강력분) 500g', '설탕 75g', '쑥(가루) 10g']",60
애플파이,"['빵', '과자']",서양,간식,쉬움,"['밀가루(박력분) 250g', '버터 130g', '사과 2개']",90
우유식빵,"['빵', '과자']",서양,간식,쉬움,"['밀가루(강력분) 500g', '우유 360g', '버터 10g', '쇼트닝 10g']",120
잉글리쉬머핀,"['빵', '과자']",서양,간식,쉬움,"['밀가루(강력분) 150g', '드라이이스트 2g']",120
채소모닝빵,"['빵', '과자']",서양,간식,쉬움,"['강력분 340g', '양파(다진것) 50g', '당근(다진것) 30g', '햄 30g']",60
초코머핀,"['빵', '과자']",서양,간식,매우 쉬움,"['다크초콜릿(커버쳐) 120g', '밀가루(박력분) 120g']",30
초코스콘,"['빵', '과자']",서양,간식,쉬움,"['플레인요구르트 1개', '박력분 200g', '초콜릿(다진것) 60g']",60
초코칩쿠키,"['빵', '과자']",서양,간식,쉬움,"['중력분 300g', '초코칩 105g']",60
초콜릿퐁듀,"['빵', '과자']",서양,간식,매우 쉬움,"['다크초콜릿 500g', '생크림 100g', '기타 제철과일 적당량']",20
쵸코칩쿠키,"['빵', '과자']",서양,간식,매우 쉬움,"['박력분 200g', '쵸코칩 100g']",30
치즈카나페,"['빵', '과자']",서양,간식,매우 쉬움,"['무설탕크래커 10개', '슬라이스 치즈 4장']",20
콘컵케이크,"['빵', '과자']",서양,간식,쉬움,"['스위트콘 1캔', '계란 2개', '우유 60g']",60
크레이프쌈,"['빵', '과자']",서양,간식,매우 쉬움,"['계란 1개', '밀가루(박력분) 60g', '우유 70cc']",20
크리스마스빵,"['빵', '과자']",서양,간식,쉬움,"['밀가루(강력분) 200g', '물 90g', '설탕 30g', '버터 36g', '소금 3.6g', '분유 6g', '계란 30g', '이스트 10g', '개량제 2g']",60
파인애플머핀,"['빵', '과자']",서양,간식,쉬움,"['밀가루(박력분) 100g', '버터 60g', '요플레 70g', '파인애플(통조림) 40~50g']",60
피칸파이,"['빵', '과자']",서양,간식,매우 쉬움,['[반죽용] 밀가루(박력분) 200g'],60
핫케이크,"['빵', '과자']",서양,간식,매우 쉬움,"['박력분 100g', '계란 2개']",20
호박빵,"['빵', '과자']",서양,간식,쉬움,"['호박 700g', '밀가루(강력분) 430g', '밀가루(박력분) 80g']",60
호일초콜릿,"['빵', '과자']",서양,간식,매우 쉬움,"['밀크초콜릿(커버쳐) 80g', '화이트초콜릿(커버쳐) 80g', '다크초콜릿(커버쳐) 80g']",20
까페라떼,['음료'],서양,간식,매우 쉬움,"['에스프레소 2샷', '우유 2컵']",10
딸기스무디,['음료'],서양,간식,매우 쉬움,"['딸기(냉동딸기) 200g', '요구르트 200g']",10
딸기스무디,['음료'],서양,간식,매우 쉬움,"['딸기 100g', '레몬 1/2개']",10
레몬에이드,['음료'],서양,간식,매우 쉬움,['레몬 4개'],10
롱아일랜드아이스티,['음료'],서양,간식,매우 쉬움,"['럼주 30ml', '보드카 30ml', '드라이진 30ml', '트리플색 15ml', '데킬라 30ml']",10
모스코바뮬,['음료'],서양,간식,매우 쉬움,"['보드카 60ml', '진저비어 약간']",10
발효초요구르트,['음료'],서양,간식,매우 쉬움,"['플레인요구르트 4개', '발효초 10큰술']",10
아메리카노,['음료'],서양,간식,매우 쉬움,"['보드카 60ml', '캄파리 60ml', '스위트버무스 60ml', '진저비어 약간', '소다수 약간']",10
아이스커피,['음료'],서양,간식,매우 쉬움,"['원두커피(가루) 30g', '물(뜨거운것) 90g']",20
아이스후르츠소다,['음료'],서양,간식,매우 쉬움,"['수박 1/4개', '키위 4개', '오렌지 2개', '레몬 2개']",10
카페라떼,['음료'],서양,간식,매우 쉬움,"['커피추출액 1/2컵', '우유 1/2컵']",20
키위주스,['음료'],서양,간식,매우 쉬움,"['키위 2개', '우유 1개']",10
토마토주스,['음료'],서양,간식,매우 쉬움,['토마토 2개'],10
플랜터즈,['음료'],서양,간식,매우 쉬움,"['자마이카럼 100ml', '라임쥬스 30ml', '오렌지주스 30ml', '파인애플주스 30ml', '그레나딘 약간']",10
해물스파게티,"['만두', '면류']",서양,메인요리,매우 쉬움,"['스파게티 200g', '홍합 100g', '오징어 1/2마리', '새우 3마리', '홀토마토 1/2컵']",30
고구마그라탱,"['그라탕', '리조또']",서양,메인요리,매우 쉬움,['고구마 2개'],30
레이즌파르미자나,"['그라탕', '리조또']",서양,메인요리,매우 쉬움,"['가지 1개', '감자 1개']",30
버섯리조또,"['그라탕', '리조또']",서양,메인요리,매우 쉬움,"['쌀(불린쌀) 75g', '물 1/2컵', '우유 1컵']",60
계란토스트,"['샌드위치', '햄버거']",서양,메인요리,매우 쉬움,"['식빵 6장', '계란 4개']",30
미니식빵튀김,"['샌드위치', '햄버거']",서양,메인요리,매우 쉬움,['식빵 4쪽'],30
베이글치킨샌드위치,"['샌드위치', '햄버거']",서양,메인요리,매우 쉬움,"['닭안심 200g', '베이글 2개']",30
새우튀김햄버거,"['샌드위치', '햄버거']",서양,메인요리,매우 쉬움,"['햄버거빵 2개', '새우(대하) 4마리']",30
스크램블드딸기샌드위치,"['샌드위치', '햄버거']",서양,메인요리,매우 쉬움,"['식빵 6장', '계란 4개', '딸기 400g']",30
연어오픈샌드위치,"['샌드위치', '햄버거']",서양,메인요리,매우 쉬움,"['바게트 6쪽', '훈제연어 6쪽']",30
참치버거,"['샌드위치', '햄버거']",서양,메인요리,매우 쉬움,"['참치(통조림) 1캔', '감자 100g']",30
클럽샌드위치,"['샌드위치', '햄버거']",서양,메인요리,매우 쉬움,['식빵 3장'],30
터널바게트,"['샌드위치', '햄버거']",서양,메인요리,매우 쉬움,['바게트 1개'],20
핫도그샌드위치,"['샌드위치', '햄버거']",서양,메인요리,매우 쉬움,['핫도그빵 4개'],20
핫샌드위치,"['샌드위치', '햄버거']",서양,메인요리,매우 쉬움,['보리빵 1개'],30
햄치즈롤샌드위치,"['샌드위치', '햄버거']",서양,메인요리,매우 쉬움,"['식빵 8쪽', '햄 8쪽']",30
레이즌버섯소테스테이크,['볶음'],서양,메인요리,매우 쉬움,"['쇠고기(등심) 100g', '생표고버섯 1개', '양송이버섯 3개', '느타리버섯 40g', '팽이버섯 1/4개']",30
모듬채소볶음,['볶음'],서양,메인요리,매우 쉬움,"['완두콩 3큰술', '옥수수 3큰술', '당근 1/4개', '감자 1/4개', '껍질콩 5개']",20
베이비콘채소볶음,['볶음'],서양,메인요리,매우 쉬움,['베이비콘 1캔'],20
소시지채소케첩볶음,['볶음'],서양,메인요리,매우 쉬움,"['소시지 50g', '양파 15g', '양송이버섯 2개', '피망 15g']",20
계란덮밥,"['밥', '죽', '스프']",일본,메인요리,매우 쉬움,"['밥 2공기', '계란 3개']",30
고등어사각스시,"['밥', '죽', '스프']",일본,메인요리,매우 쉬움,"['고등어 250g', '초밥 150g', '소금 약간']",60
닭고기덮밥,"['밥', '죽', '스프']",일본,메인요리,매우 쉬움,"['닭 50g', '계란 1개', '밥 1공기', '풋고추 1/4개', '대파 1/2뿌리']",20
돈가스덮밥,"['밥', '죽', '스프']",일본,메인요리,매우 쉬움,['돼지고기(안심) 200g'],30
모양초밥,"['밥', '죽', '스프']",일본,메인요리,매우 쉬움,['밥 1그릇'],30
삼색덮밥,"['밥', '죽', '스프']",일본,메인요리,매우 쉬움,"['돼지고기 70g', '계란 2개', '부추 20g', '밥 1공기', '고춧가루 약간']",30
쇠고기버섯덮밥,"['밥', '죽', '스프']",일본,메인요리,매우 쉬움,['쇠고기(등심) 30g'],30
연어알초밥,"['밥', '죽', '스프']",일본,메인요리,매우 쉬움,"['연어알 60g', '밥 2공기']",30
연어오차즈케,"['밥', '죽', '스프']",일본,메인요리,매우 쉬움,"['밥 2공기', '연어 100g']",30
유부쌈밥,"['밥', '죽', '스프']",일본,메인요리,쉬움,"['유부 8장', '밥 1공기', '깻잎 4장', '깨 2큰술', '날치알 50g', '미나리 몇줄기', '치커리 약간']",60
유부초밥,"['밥', '죽', '스프']",일본,메인요리,매우 쉬움,"['유부 6개', '밥 1공기']",30
유부초밥,"['밥', '죽', '스프']",일본,메인요리,매우 쉬움,"['밥 1공기', '유부 1봉지', '쪽파 1/2뿌리', '검은깨 약간']",30
장어덮밥,"['밥', '죽', '스프']",일본,메인요리,매우 쉬움,"['장어(민물장어) 1/2마리', '밥 1공기']",30
장어초밥,"['밥', '죽', '스프']",일본,메인요리,매우 쉬움,"['장어(민물장어) 1/2마리', '밥 1/2공기']",30
채소알밥,"['밥', '죽', '스프']",일본,메인요리,매우 쉬움,"['쌀 2컵', '날치알 100g']",30
채소초밥,"['밥', '죽', '스프']",일본,메인요리,매우 쉬움,"['밥 1공기', '팽이버섯 20g', '브로콜리 20g', '김 1장']",30
캘리포니아롤,"['밥', '죽', '스프']",일본,메인요리,매우 쉬움,"['밥 2공기', '크래미 5개', '오이 1/2개', '김 2장']",30
튀김덮밥,"['밥', '죽', '스프']",일본,메인요리,매우 쉬움,"['새우 2마리', '고구마 2쪽', '오징어 2쪽', '쑥갓 약간', '가지 2쪽', '생선살 2쪽', '밥 2그릇', '얼음물 1컵', '덴까스 약간']",30
필라델피아롤,"['밥', '죽', '스프']",일본,메인요리,매우 쉬움,"['크림치즈 30g', '김 1장', '초밥 1공기', '아보카도 1/4개', '날치알 약간']",30
하트오믈렛,"['밥', '죽', '스프']",일본,메인요리,매우 쉬움,"['밥 1.5그릇', '계란 2개']",30
미소된장국,['국'],일본,메인요리,매우 쉬움,['두부 1/2모'],30
상추미소국,['국'],일본,메인요리,매우 쉬움,"['상추 4장', '미소된장 2큰술']",20
갈치채소말이조림,['조림'],일본,메인요리,매우 쉬움,"['갈치 100g', '단호박 30g', '새우 50g', '표고버섯 20g']",20
고등어두부말이조림,['조림'],일본,메인요리,매우 쉬움,['고등어 150g'],30
도미조림,['조림'],일본,메인요리,매우 쉬움,['도미 1마리'],62
삼치조림구이,['조림'],일본,메인요리,매우 쉬움,['삼치 1마리'],31
일본식닭조림,['조림'],일본,메인요리,매우 쉬움,['닭 1마리'],30
가리비꼬치구이,['구이'],일본,메인요리,매우 쉬움,['가리비 4개'],30
갈치노끈소금구이,['구이'],일본,메인요리,매우 쉬움,['갈치살 150g'],30
굴비기노메야끼,['구이'],일본,메인요리,매우 쉬움,['굴비 150g'],30
데리야끼소스에 절인 관자,['구이'],일본,메인요리,매우 쉬움,['관자 3개'],30
삼치양념구이,['구이'],일본,메인요리,쉬움,['삼치 6도막'],60
새우우니야끼(새우성게구이),['구이'],일본,메인요리,매우 쉬움,"['새우 100g', '성게알 20g']",30
콘마요네즈버터구이,['구이'],일본,메인요리,매우 쉬움,['스위트콘 1캔'],30
갈치카레튀김,"['튀김', '커틀릿']",일본,메인요리,매우 쉬움,['갈치 1/2마리'],60
고등어카레튀김,"['튀김', '커틀릿']",일본,메인요리,매우 쉬움,['고등어 1마리'],30
덴까스우동,"['튀김', '커틀릿']",일본,메인요리,매우 쉬움,"['우동 200g', '새우 2마리', '고구마 2쪽', '쑥갓 2줄기', '생선살 2쪽', '오징어 2쪽', '가쓰오브시 약간']",30
모듬튀김,"['튀김', '커틀릿']",일본,메인요리,매우 쉬움,"['새우 4마리', '오징어 1/4마리', '생선살 30g', '고구마 1/4쪽', '가지 1/4쪽', '쑥갓 1줄기']",30
생선커틀릿,"['튀김', '커틀릿']",일본,메인요리,매우 쉬움,['흰살생선 400g'],60
일식계란찜,['찜'],일본,메인요리,매우 쉬움,['계란 2개'],20
치킨감자롤,['찜'],일본,메인요리,쉬움,"['닭 100g', '감자 3개', '계란 2개']",60
곤약소박이,"['나물', '생채', '샐러드']",일본,메인요리,매우 쉬움,"['곤약 1모', '쇠고기 100g', '계란 2개', '당근 1/2개', '오이 1/2개']",20
문어초회,"['나물', '생채', '샐러드']",일본,메인요리,매우 쉬움,"['문어(삶은것) 50g', '해파리 20g', '빨간무즙(아카오로시) 약간']",20
해초무침,"['나물', '생채', '샐러드']",일본,반찬,매우 쉬움,"['해초 60g', '미역 30g']",20
곤약무침,"['밑반찬', '김치']",일본,반찬,매우 쉬움,['곤약 1팩'],30
일본식도시락,"['밑반찬', '김치']",일본,메인요리,쉬움,"['닭다리(1인분80g) 160g', '계란 10개', '흰살생선 5쪽', '우엉(연근) 4쪽', '어묵(가마보꼬) 3쪽', '단호박 15g', '깻잎 1장']",60
장어계란말이,"['밑반찬', '김치']",일본,메인요리,매우 쉬움,"['장어 20g', '계란 5개']",30
와사비간장,['양념장'],일본,반찬,매우 쉬움,"['간장 5큰술', '와사비 1큰술']",20
밤만주,"['빵', '과자']",일본,간식,쉬움,"['박력분 340g', '강력분 60g', '흰팥앙금 1200g']",60
김치우동,"['만두', '면류']",일본,메인요리,매우 쉬움,"['우동면 100g', '김치 1/8포기']",30
볶음우동,"['만두', '면류']",일본,메인요리,매우 쉬움,['우동면 1개'],30
오무라안메밀국수,"['만두', '면류']",일본,메인요리,매우 쉬움,"['메밀가루 150g', '밀가루 50g']",30
우동,"['만두', '면류']",일본,메인요리,매우 쉬움,"['우동면 200g', '튀긴어묵 80g', '분홍색어묵 80g', '새끼갑오징어 2마리']",30
샤브샤브,"['찌개', '전골', '스튜']",일본,메인요리,매우 쉬움,['쇠고기(등심) 250g'],30
어묵전골,"['찌개', '전골', '스튜']",일본,메인요리,쉬움,"['어묵 400g', '유부 4장', '곤약 50g']",60
요세나베(모듬생선),"['찌개', '전골', '스튜']",일본,메인요리,매우 쉬움,"['갈치 50g', '고등어 50g', '굴비 50g', '새우 50g', '조미료 약간']",30
해물샤브샤브,"['찌개', '전골', '스튜']",일본,메인요리,매우 쉬움,"['새우 3마리', '맛조개 6개', '낙지 12g']",30
두부오코노미야키,['부침'],일본,메인요리,쉬움,"['두부 1모', '미나리 5대', '베이컨 2줄']",60
오꼬노미야끼,['부침'],일본,메인요리,매우 쉬움,"['양배추 1/6통', '양파 1/2개', '숙주 20g', '오징어 1/2마리']",30
과일소스의치킨데리야키,['볶음'],일본,메인요리,매우 쉬움,['닭다리 4개'],30
버섯잡채밥,"['밥', '죽', '스프']",중국,메인요리,쉬움,"['밥 2공기', '당면(불린것) 300g', '느타리버섯 30g', '팽이버섯 30g', '목이버섯 30g']",60
가리비깐소,"['튀김', '커틀릿']",중국,메인요리,매우 쉬움,"['가리비 5개', '새우 5마리']",30
굴소스와 튀김갈치,"['튀김', '커틀릿']",중국,메인요리,매우 쉬움,['갈치 3마리'],20
꿔바로우,"['튀김', '커틀릿']",중국,메인요리,매우 쉬움,['돼지고기(안심 또는 등심) 200g'],30
닭고기소스와굴비튀김,"['튀김', '커틀릿']",중국,메인요리,매우 쉬움,"['굴비 2마리', '닭고기 20g', '육수 약가']",60
라조기,"['튀김', '커틀릿']",중국,메인요리,쉬움,['닭 300g'],60
라조육,"['튀김', '커틀릿']",중국,메인요리,매우 쉬움,['돼지고기(목살) 300g'],30
비파두부,"['튀김', '커틀릿']",중국,메인요리,매우 쉬움,"['두부 1/2모', '새우 100g', '청경채 100g']",30
새우마요네즈볶음,"['튀김', '커틀릿']",중국,메인요리,매우 쉬움,"['새우 120g', '마요네즈 80g', '소금 약간', '식초 약간', '설탕 약간']",30
새우마요네즈소스,"['튀김', '커틀릿']",중국,메인요리,매우 쉬움,['새우(대하) 8마리'],30
장어깐풍기,"['튀김', '커틀릿']",중국,메인요리,매우 쉬움,['장어 1마리'],30
튀김고등어와토마토탕수육소스,"['튀김', '커틀릿']",중국,메인요리,매우 쉬움,['고등어 1마리'],30
파인애플갑오징어튀김,"['튀김', '커틀릿']",중국,메인요리,매우 쉬움,"['갑오징어 3마리', '파인애플(통조림) 5쪽']",30
마늘콩소스의해산물요리,"['나물', '생채', '샐러드']",중국,메인요리,매우 쉬움,"['홍합 100g', '낙지 1/2마리', '새우 50g', '청피망 1/2개']",20
중국식오이김치,"['밑반찬', '김치']",중국,반찬,매우 쉬움,['오이 1개'],60
고구마빠스,['후식'],중국,간식,매우 쉬움,['고구마 1개'],30
고춧기름,['양념장'],중국,반찬,매우 쉬움,"['식용유 3컵', '마른고추 5개']",30
고추잡채와꽃빵,"['만두', '면류']",중국,메인요리,매우 쉬움,"['청고추 4개', '홍고추 3개', '꽃빵 6개']",30
사천식자장면,"['만두', '면류']",중국,메인요리,쉬움,"['돼지고기(안심) 40g', '해삼 1마리', '새우(작은것) 10개', '표고버섯 2개', '생면 200g']",60
삼선짬뽕,"['만두', '면류']",중국,메인요리,매우 쉬움,"['오징어 30g', '새우 30g', '모시조개 25g']",30
울면,"['만두', '면류']",중국,메인요리,매우 쉬움,"['국수(소면) 250g', '새우 80g', '오징어 1/2마리']",30
고추닭볶음,['부침'],중국,메인요리,매우 쉬움,['닭가슴살 150g'],30
난자완스,['볶음'],중국,메인요리,매우 쉬움,['돼지고기 300g'],30
돼지고기표고볶음,['볶음'],중국,메인요리,매우 쉬움,"['돼지고기 100g', '표고버섯 2장']",30
쇠고기양상추볶음,['볶음'],중국,메인요리,매우 쉬움,"['쇠고기 150g', '양상추 4잎']",30
은대구두치소스,['볶음'],중국,메인요리,매우 쉬움,['은대구살 200g'],20
제육두반장볶음,['볶음'],중국,메인요리,매우 쉬움,['돼지고기 300g'],30
드라이카레볶음밥,"['밥', '죽', '스프']",동남아시아,메인요리,매우 쉬움,"['카레 2큰술', '밥 2공기']",20
카레라이스,"['밥', '죽', '스프']",동남아시아,메인요리,매우 쉬움,"['카레 70g', '밥 4공기']",30
피넛소스와밥,"['밥', '죽', '스프']",동남아시아,메인요리,매우 쉬움,"['밥 1공기', '돼지고기(간것) 50g', '피넛버터 2큰술']",20
탄두리치킨,['구이'],동남아시아,메인요리,매우 쉬움,['닭다리 4조각'],60
쌀국수냉채,"['나물', '생채', '샐러드']",동남아시아,반찬,매우 쉬움,"['쌀국수 50g', '새우 적당량']",20
타이식 오이땅콩 샐러드,"['나물', '생채', '샐러드']",동남아시아,반찬,매우 쉬움,"['오이 1개', '땅콩(굵게다진것) 3큰술']",20
Fresh Spring Roll,"['나물', '생채', '샐러드']",동남아시아,메인요리,매우 쉬움,"['라이스페이퍼 4장', '양파 약간']",30
피넛버터소스,['양념장'],동남아시아,반찬,매우 쉬움,['피넛버터 5큰술'],10
망고라씨,['음료'],동남아시아,간식,매우 쉬움,"['플레인요구르트 2개', '망고 100g']",10
망고시미루,['음료'],동남아시아,간식,매우 쉬움,"['시미루 20g', '망고 1개']",20
Che Thack Luu(채택루),['음료'],동남아시아,간식,매우 쉬움,['물밤 3개'],20
쌀국수,"['만두', '면류']",동남아시아,메인요리,매우 쉬움,"['쌀국수 70g', '쇠고기(양지) 30g', '[쇠고기육수] 쇠뼈 400g', '쇠꼬리 2토막', '양파 1개', '생강 2개', '팔각 1개', '정향 3개', '통계피(5cm 길이) 1토막']",30
레드드라이비프커리,"['찌개', '전골', '스튜']",동남아시아,메인요리,매우 쉬움,"['쇠고기 100g', '코코넛 밀크 1/4컵', '레드커리페이스트 1큰술']",30
인도식감자전병,['부침'],동남아시아,메인요리,매우 쉬움,"['밀가루 1컵', '감자(삶아으깬것) 1개']",30
해물필라프,"['밥', '죽', '스프']",이탈리아,메인요리,쉬움,"['쌀 1컵', '오징어 1마리', '새우 3마리', '고동 1개', '바지락 5개']",60
해물필라프,"['밥', '죽', '스프']",이탈리아,메인요리,쉬움,"['쌀 2컵', '오징어 1마리', '새우 5마리']",60
닭가슴살 샐러드와 오렌지드레싱,"['나물', '생채', '샐러드']",이탈리아,메인요리,매우 쉬움,"['닭가슴살 2개', '건포도 10g', '잣 2개', '후레쉬 치즈덩어리(롤링한것) 약간', '갖가지 채소 적당량']",25
로메인 시저샐러드,"['나물', '생채', '샐러드']",이탈리아,반찬,매우 쉬움,"['로메인 50g', '루꼴라 50g']",20
모짜렐라 카프레제,"['나물', '생채', '샐러드']",이탈리아,반찬,매우 쉬움,"['후레쉬 모짜렐라 50g', '토마토 6개']",10
시저샐러드프렌치드레싱,"['나물', '생채', '샐러드']",이탈리아,반찬,매우 쉬움,['로메인레터스(상추로 대체가능) 100g'],30
시칠리아문어샐러드,"['나물', '생채', '샐러드']",이탈리아,반찬,매우 쉬움,['문어 100g'],30
쌀샐러드,"['나물', '생채', '샐러드']",이탈리아,반찬,쉬움,"['쌀 60g', '낙지 1마리']",60
연어까르파치오,"['나물', '생채', '샐러드']",이탈리아,메인요리,매우 쉬움,['연어(포뜬것) 6조각'],30
조개샐러드,"['나물', '생채', '샐러드']",이탈리아,메인요리,매우 쉬움,"['여러가지채소 200g', '모시조개 100g']",20
파스타샐러드,"['나물', '생채', '샐러드']",이탈리아,메인요리,매우 쉬움,"['푸실리 150g', '청피망 1/2개', '파프리카 1/2개', '홍피망 1/2개']",30
브루스케타,['양식'],이탈리아,메인요리,매우 쉬움,"['블루치즈(고르곤졸라) 1큰술', '크림치즈 2큰술', '바게트(슬라이스) 6개']",20
페델리니 카르보나라,['양식'],이탈리아,메인요리,매우 쉬움,"['페델리니 40g', '베이컨 20g', '양파 10g']",10
바치디다마쿠키,"['빵', '과자']",이탈리아,간식,매우 쉬움,"['밀가루(박력분) 50g', '버터(제과용) 55g']",60
비스코티,"['빵', '과자']",이탈리아,간식,쉬움,"['밀가루(박력분) 200g', '아몬드가루 25g', '통아몬드 90g', '건포도 70g', '피스타치오 50g']",60
까르보나라 (이탈리아식),"['만두', '면류']",이탈리아,메인요리,매우 쉬움,"['돼지 볼살(혹은 베이컨) 60g', '스파게티 100g', '파마산치즈가루 1큰술']",30
까르보나라 (한국식),"['만두', '면류']",이탈리아,메인요리,매우 쉬움,"['돼지 볼살(혹은 베이컨) 60g', '스파게티 100g', '생크림 300g']",30
뇨끼프리마베라,"['만두', '면류']",이탈리아,메인요리,매우 쉬움,"['단호박 200g', '감자 200g', '밀가루 80g', '계란 40g']",20
다나블루소스의 그린파스타,"['만두', '면류']",이탈리아,메인요리,매우 쉬움,"['우유 150ml', '밀가루 1작은술', '다나블루치즈(블루치즈) 40g', '스파게티(국수) 150g']",30
버섯파스타,"['만두', '면류']",이탈리아,메인요리,매우 쉬움,"['파스타 250g', '표고버섯 150g', '느타리버섯 100g', '양송이버섯 100g']",25
봄채소파스타,"['만두', '면류']",이탈리아,메인요리,매우 쉬움,"['아스파라거스 4줄기', '파프리카(구운 것) 1/2개', '루꼴라 60g', '새송이버섯 2개', '호박 100g', '가지 100g', '스파게티 160g']",30
블랙스파게티,"['만두', '면류']",이탈리아,메인요리,매우 쉬움,"['스파게티 400g', '오징어 1/2마리', '먹물주머니 4~5개']",30
시금치크림소스푸질리,"['만두', '면류']",이탈리아,메인요리,매우 쉬움,"['푸질리(파스타) 180g', '시금치 120g']",30
시칠리안 링귀니,"['만두', '면류']",이탈리아,메인요리,매우 쉬움,"['링귀니 파스타 40g', '시칠리안 올리브 4개']",20
오븐스파게티,"['만두', '면류']",이탈리아,메인요리,쉬움,"['쇠고기 100g', '스파게티면 50g', '올리브오일 약간']",60
조개토마토스파게티,"['만두', '면류']",이탈리아,메인요리,매우 쉬움,"['스파게티 100g', '바지락 8개']",30
치킨스파게티,"['만두', '면류']",이탈리아,메인요리,매우 쉬움,"['스파게티면 100g', '토마토페이스트 50g', '닭 1/4마리']",30
토마토스파게티,"['만두', '면류']",이탈리아,메인요리,매우 쉬움,"['스파게티 84g', '홀토마토 1/2캔']",30
토마토해산물스파게티,"['만두', '면류']",이탈리아,메인요리,매우 쉬움,"['오징어 1/2마리', '새우 4마리', '홍합 6개', '모시조개 4개', '동태살 10g', '꼴뚜기 3마리', '스파게티 150g', '토마토 1개']",30
페스토소스스파게티,"['만두', '면류']",이탈리아,메인요리,매우 쉬움,['스파게티 100g'],30
펜네 아라비아따,"['만두', '면류']",이탈리아,메인요리,매우 쉬움,"['작은고추 8개', '토마토소스 400g', '펜네 200g']",30
펠라레제 파스타,"['만두', '면류']",이탈리아,메인요리,매우 쉬움,"['파스타 15개', '닭가슴살 100g']",30
푸실리크림스파게티,"['만두', '면류']",이탈리아,메인요리,매우 쉬움,['푸실리 150g'],30
피망소스라자냐,"['만두', '면류']",이탈리아,메인요리,매우 쉬움,['라자냐 10장'],30
가지치즈그라탕,"['그라탕', '리조또']",이탈리아,메인요리,매우 쉬움,['가지 1개'],30
관자와버섯을곁들인리조또,"['그라탕', '리조또']",이탈리아,메인요리,쉬움,"['관자 2개', '새송이버섯 1개', '양송이버섯 8개', '쌀 120g']",60
시칠리아식 가지요리,"['그라탕', '리조또']",이탈리아,메인요리,매우 쉬움,"['가지 슬라이스 6장', '밀가루 30g', '올리브오일 30g', '소금 적당량', '오레가노 5g', '토마토소스 100g', '모짜렐라치즈 100g', '바질 적당량', '파마산치즈가루 10g']",30
해물라이스그라탕,"['그라탕', '리조또']",이탈리아,메인요리,쉬움,"['모시조개 20g', '홍합 30g', '밥 1공기', '피자치즈 20g']",60
해물리조또,"['그라탕', '리조또']",이탈리아,메인요리,매우 쉬움,"['쌀 1컵', '새우 3마리', '모시조개 3개']",30
리코타칼조네,['피자'],이탈리아,메인요리,매우 쉬움,"['밀가루반죽(레시피참고) 180g', '리코타치즈 40g', '파마산가루 20g']",30
메뉴판피자,['피자'],이탈리아,메인요리,쉬움,"['밀가루(강력분) 200g', '밀가루(박력분) 50g']",60
피자,['피자'],이탈리아,메인요리,매우 쉬움,"['밀가루(도우) 1kg', '토마토소스 1/5컵', '모짜렐라치즈 120g', '소금(도우) 12g', '올리브오일(도우) 25g', '설탕(도우) 40g', '미온수(도우) 526g', '이스트(도우) 15g', '소금 약간']",30
미니또띠아치킨롤,"['샌드위치', '햄버거']",멕시코,메인요리,쉬움,"['닭안심 50g', '또띠아 2장']",60
양파와토마토의또띠아치킨롤,"['샌드위치', '햄버거']",멕시코,메인요리,쉬움,"['또띠아 2장', '닭안심 50g']",60
건포도새우XO소스볶음밥,"['밥', '죽', '스프']",퓨전,메인요리,매우 쉬움,"['건포도 30g', '칵테일새우 100g', '찬밥 2공기']",30
김치연어롤,"['밥', '죽', '스프']",퓨전,메인요리,매우 쉬움,"['백김치잎 5장', '훈제연어 8장']",60
깨소스밥꼬치,"['밥', '죽', '스프']",퓨전,메인요리,쉬움,"['깨 2큰술', '호두 4알']",60
마늘볶음국수,"['밥', '죽', '스프']",퓨전,메인요리,매우 쉬움,"['우동면 150g', '간마늘(간) 1작은술']",30
스팸스시,"['밥', '죽', '스프']",퓨전,메인요리,쉬움,"['김 1~2장', '스팸 1개', '밥 1공기', '무순 1/2팩', '와사비 약간']",60
시금치베이컨주먹밥,"['밥', '죽', '스프']",퓨전,메인요리,매우 쉬움,"['밥 2공기', '시금치 250g', '베이컨 2장']",20
어묵김밥,"['밥', '죽', '스프']",퓨전,메인요리,매우 쉬움,"['어묵 2장', '밥 1공기']",30
이유식치즈죽,"['밥', '죽', '스프']",퓨전,메인요리,매우 쉬움,"['밥 1/2공기', '치즈(슬라이스) 2장', '물 적당량']",20
참치김밥,"['밥', '죽', '스프']",퓨전,메인요리,매우 쉬움,"['밥 6공기', '김 6장', '참치통조림 1캔', '단무지 1/2통', '계란 2개', '우엉 50g', '어묵 2장', '햄 50g', '맛살 4개', '오이 1개']",30
찹밥키쉬,"['밥', '죽', '스프']",퓨전,메인요리,매우 쉬움,"['밥 1공기', '감자 1개', '계란 2개', '팽이버섯 20g', '베이컨 3장', '청피망 1/2개', '홍피망 1/2개', '당근 1/3개', '우유 1/3컵', '파마산치즈 2큰술', '소금 약간', '후춧가루 약간']",30
채소새우찜밥,"['밥', '죽', '스프']",퓨전,메인요리,쉬움,"['찹쌀 1컵', '새우 3마리']",60
채소치즈죽,"['밥', '죽', '스프']",퓨전,메인요리,매우 쉬움,"['햄 10g', '양파 1/4개', '밥 1공기', '치즈(슬라이스) 2장']",20
치즈멸치볼,"['밥', '죽', '스프']",퓨전,메인요리,매우 쉬움,"['밥 2공기', '잔멸치 50g']",20
치즈밥피자,"['밥', '죽', '스프']",퓨전,메인요리,매우 쉬움,"['밥 2공기', '계란 2개', '피자치즈 적당량']",30
케첩볶음밥,"['밥', '죽', '스프']",퓨전,메인요리,매우 쉬움,"['찬밥(찬것) 2공기', '양파 1개', '햄 40g', '토마토케첩 5큰술']",25
파프리카볶음밥,"['밥', '죽', '스프']",퓨전,메인요리,쉬움,"['파프리카 3개', '찬밥 1과1/2공기']",60
퓨전호박죽,"['밥', '죽', '스프']",퓨전,메인요리,매우 쉬움,['단호박 1개'],30
햄김치롤,"['밥', '죽', '스프']",퓨전,메인요리,매우 쉬움,"['스팸 1통', '김치 10잎', '베이컨 10장']",30
허브비빔밥,"['밥', '죽', '스프']",퓨전,메인요리,매우 쉬움,"['미츠바 50g', '레드치커리 30g', '겨자잎 30g', '쌀 2컵']",30
치즈국,['국'],퓨전,메인요리,매우 쉬움,"['햄 20g', '게맛살 20g', '양송이버섯 2개', '우유 200cc', '치즈 적당량']",20
돼지갈비고추장케첩조림,['조림'],퓨전,메인요리,매우 쉬움,['돼지갈비 400g'],30
떡케첩조림,['조림'],퓨전,메인요리,매우 쉬움,"['가래떡 1가래', '토마토케첩 4큰술']",30
베이컨떡말이,['조림'],퓨전,메인요리,매우 쉬움,"['가래떡 2개', '베이컨 8장']",30
양배추말이케첩조림,['조림'],퓨전,메인요리,매우 쉬움,"['양배추 150g', '다진쇠고기(등심 또는 사태) 200g']",30
감자프라이팬구이,['구이'],퓨전,메인요리,매우 쉬움,['감자 1개'],30
계란오븐구이,['구이'],퓨전,메인요리,매우 쉬움,"['계란 3개', '수제햄 2개']",30
김치드레싱오징어말이,['구이'],퓨전,메인요리,매우 쉬움,"['오징어 1마리', '배추김치 100g']",60
김치말이미트로프,['구이'],퓨전,메인요리,쉬움,"['쇠고기(안심) 200g', '밥 1공기', '배추김치 1/2포기']",60
꼬막오븐구이,['구이'],퓨전,메인요리,쉬움,"['꼬막 300g', '다진청고추 1/2작은술', '참기름 1/2작은술']",60
단호박구이,['구이'],퓨전,메인요리,매우 쉬움,['단호박 1/4개'],20
단호박베이컨구이,['구이'],퓨전,메인요리,매우 쉬움,['단호박 1/2통'],30
대파미트볼꼬치,['구이'],퓨전,메인요리,매우 쉬움,"['대파 1대', '쇠고기(간것) 300g']",20
돼지고기스테이크와구운사과,['구이'],퓨전,메인요리,매우 쉬움,"['사과 1/2개', '돼지고기(로스용) 300g']",30
마늘크림소스를곁들인대구말이,['구이'],퓨전,메인요리,쉬움,['대구살 1마리'],60
메추리알완자구이,['구이'],퓨전,메인요리,매우 쉬움,"['메추리알 1팩', '다진돼지고기(안심) 100g', '다진쇠고기(우둔) 70g']",60
미트로프,['구이'],퓨전,메인요리,쉬움,"['다진쇠고기(안심) 200g', '다진돼지고기(우둔) 200g']",60
베이컨떡말이,['구이'],퓨전,메인요리,매우 쉬움,['가래떡 2줄'],60
사천식쇠고기스테이크,['구이'],퓨전,메인요리,쉬움,['쇠고기등심 120g'],60
삼겹살꼬치소스구이,['구이'],퓨전,메인요리,매우 쉬움,['삼겹살(삼겹살) 300g'],60
새우아몬드구이,['구이'],퓨전,메인요리,매우 쉬움,"['아몬드 50g', '중하새우 12마리']",30
송편고추장구이,['구이'],퓨전,메인요리,매우 쉬움,['송편 8개'],30
쇠고기고추장치즈구이,['구이'],퓨전,메인요리,매우 쉬움,"['쇠고기(안심) 200g', '슬라이스치즈 4장']",30
오븐고구마구이,['구이'],퓨전,메인요리,매우 쉬움,['고구마 4개'],60
차돌박이찹쌀구이,['구이'],퓨전,메인요리,매우 쉬움,['쇠고기(차돌박이) 600g'],60
치즈감자칩,['구이'],퓨전,메인요리,매우 쉬움,"['감자칩 50g', '모짜렐라치즈 적당량']",20
치즈찹쌀고기말이,['구이'],퓨전,메인요리,매우 쉬움,['쇠고기(등심 혹은 안심) 150g'],30
가지치즈튀김,"['튀김', '커틀릿']",퓨전,메인요리,매우 쉬움,"['가지 1개', '치즈 적당량']",30
감자&고구마치즈옹심이,"['튀김', '커틀릿']",퓨전,메인요리,쉬움,"['감자 1개', '고구마 1개']",60
감자마늘볼,"['튀김', '커틀릿']",퓨전,메인요리,매우 쉬움,"['감자 2개', '마늘 20톨']",30
게맛살치즈말이튀김,"['튀김', '커틀릿']",퓨전,메인요리,매우 쉬움,"['김 2장', '게맛살 4개']",25
과일돈까스와소스,"['튀김', '커틀릿']",퓨전,메인요리,매우 쉬움,['돼지고기(두께1.5cm) 1조각'],30
단호박커틀릿,"['튀김', '커틀릿']",퓨전,메인요리,매우 쉬움,"['단호박 1/2개', '안심(안심) 500g']",60
떡치즈크로켓,"['튀김', '커틀릿']",퓨전,메인요리,쉬움,"['떡(떡볶이) 50g', '치즈(슬라이스) 4장', '감자 2개']",60
만두피치즈스틱,"['튀김', '커틀릿']",퓨전,메인요리,매우 쉬움,"['만두피 10장', '모짜렐라치즈(덩어리) 100g']",20
버섯롤커틀릿,"['튀김', '커틀릿']",퓨전,메인요리,쉬움,"['돼지고기(안심) 300g', '표고버섯 4장', '팽이버섯 1개', '새송이버섯 1개', '토마토케첩/설탕/버터/밀가루 2큰술씩']",60
양파쌈파이,"['튀김', '커틀릿']",퓨전,메인요리,매우 쉬움,"['양파 5개', '만두피 30장']",30
어묵계란말이,"['튀김', '커틀릿']",퓨전,메인요리,매우 쉬움,['어묵 100g'],30
요거트크림새우,"['튀김', '커틀릿']",퓨전,메인요리,매우 쉬움,['새우 300g'],30
참치김말이튀김,"['튀김', '커틀릿']",퓨전,메인요리,매우 쉬움,"['참치(스타키스트참치) 1캔', '김 1장']",30
참치김치말이,"['튀김', '커틀릿']",퓨전,메인요리,매우 쉬움,"['스타키스트참치 1개', '김치 1/2포기']",25
춘권피채소말이튀김,"['튀김', '커틀릿']",퓨전,메인요리,쉬움,['춘권피 10장'],60
케이준입힌갈치와이탈리안드레싱,"['튀김', '커틀릿']",퓨전,메인요리,쉬움,['갈치 1마리'],60
단호박매운해물찜,['찜'],퓨전,메인요리,쉬움,"['단호박 1개', '오징어 1마리', '칵테일새우 10마리', '조갯살 100g']",60
돼지갈비레몬찜,['찜'],퓨전,메인요리,매우 쉬움,['돼지갈비 500g'],60
버섯호일찜,['찜'],퓨전,메인요리,매우 쉬움,"['양송이버섯 6개', '느타리버섯 60g', '표고버섯 4개']",20
삼겹살레몬찜,['찜'],퓨전,메인요리,매우 쉬움,['돼지고기(삼겹살) 1kg'],60
냉고기쌈,"['나물', '생채', '샐러드']",퓨전,메인요리,매우 쉬움,"['쇠고기 400g', '무순 50g', '양배추 70g', '당근 50g']",20
된장소스와 채소샐러드,"['나물', '생채', '샐러드']",퓨전,반찬,매우 쉬움,"['상추 2장', '양상추 2장', '된장 2큰술', '사과 1/4쪽', '배 1/4쪽']",20
두부드레싱과 채소샐러드,"['나물', '생채', '샐러드']",퓨전,반찬,매우 쉬움,"['상추잎 10장', '두부 1/2모', '적양배추잎 5장']",30
두부허브샐러드,"['나물', '생채', '샐러드']",퓨전,반찬,매우 쉬움,"['두부 1/2모', '엔다이브 20g', '적치커리 20g', '토마토 1개']",30
레이즌엔다이브,"['나물', '생채', '샐러드']",퓨전,메인요리,매우 쉬움,['엔다이브 12장'],30
메추리알카나페,"['나물', '생채', '샐러드']",퓨전,메인요리,매우 쉬움,"['메추리알 6쪽', '식빵 2쪽']",30
발사믹드레싱양파샐러드,"['나물', '생채', '샐러드']",퓨전,반찬,매우 쉬움,['양파 2개'],30
배깨초무침,"['나물', '생채', '샐러드']",퓨전,반찬,매우 쉬움,"['배 1/2개', '오이 1/2개']",20
부추올리브오일무침,"['나물', '생채', '샐러드']",퓨전,반찬,매우 쉬움,"['부추 100g', '올리브오일 3큰술']",20
수삼치즈샐러드,"['나물', '생채', '샐러드']",퓨전,반찬,매우 쉬움,"['수삼 1뿌리', '크림치즈 3큰술']",20
어묵샐러드,"['나물', '생채', '샐러드']",퓨전,반찬,매우 쉬움,['어묵 100g'],20
연어채소채말이,"['나물', '생채', '샐러드']",퓨전,메인요리,매우 쉬움,['연어(훈제한것) 100g'],30
와사비문어숙회,"['나물', '생채', '샐러드']",퓨전,메인요리,매우 쉬움,"['와사비 1작은술', '문어다리 4개']",30
와사비연어샐러드,"['나물', '생채', '샐러드']",퓨전,메인요리,매우 쉬움,"['건포도 40g', '훈제연어 70g', '양상추 30g']",30
와사비크림치즈와채소스틱,"['나물', '생채', '샐러드']",퓨전,메인요리,매우 쉬움,"['당근 1/2개', '오이 1/2개']",20
참치샐러드,"['나물', '생채', '샐러드']",퓨전,메인요리,매우 쉬움,['참치살(냉동) 100g'],30
참치샐러리스틱,"['나물', '생채', '샐러드']",퓨전,메인요리,매우 쉬움,"['샐러리 4줄기', '참치통조림 1/2캔']",20
참치회무침,"['나물', '생채', '샐러드']",퓨전,메인요리,매우 쉬움,['참치회 300g'],20
참치회무침,"['나물', '생채', '샐러드']",퓨전,메인요리,매우 쉬움,['참치회 300g'],15
춘권피건강샐러드,"['나물', '생채', '샐러드']",퓨전,메인요리,매우 쉬움,"['춘권피 4장', '각종 채소류 적당량']",30
치즈파강회,"['나물', '생채', '샐러드']",퓨전,메인요리,매우 쉬움,"['실파 50g', '하이포크팜햄 20g']",30
치킨밀쌈,"['나물', '생채', '샐러드']",퓨전,메인요리,매우 쉬움,"['닭가슴살 300g', '라이스페이퍼 8장']",30
피스타치오샐러드,"['나물', '생채', '샐러드']",퓨전,메인요리,매우 쉬움,"['샐러리 50g', '피스타치오 50g']",20
고구마전피자,"['도시락', '간식']",퓨전,메인요리,매우 쉬움,['고구마 2개'],30
두부카나페,"['도시락', '간식']",퓨전,메인요리,매우 쉬움,"['두부 200g', '치즈 2장', '방울토마토 3개']",30
레이즌카나페,"['도시락', '간식']",퓨전,메인요리,매우 쉬움,"['건포도 250g', '브리치즈 1팩']",30
마늘꿀마리네이드,"['도시락', '간식']",퓨전,메인요리,매우 쉬움,['마늘 20톨'],30
베이컨떡말이조림,"['도시락', '간식']",퓨전,메인요리,매우 쉬움,"['떡볶이떡 1/2봉지', '베이컨 1봉지']",30
자장떡볶이,"['도시락', '간식']",퓨전,메인요리,매우 쉬움,"['떡볶이떡 70g', '어묵 50g', '춘장 1/2큰술']",20
치즈떡볶이,"['도시락', '간식']",퓨전,메인요리,매우 쉬움,"['가래떡 150g', '슬라이스치즈 2장']",30
과일 깍기,['후식'],퓨전,간식,매우 쉬움,"['오렌지 2개', '멜론 1/4통', '바나나 2개', '기타 제철 과일']",10
두유빙수,['후식'],퓨전,간식,쉬움,"['두유 300g', '팥 70g', '설탕 140g']",60
양갱,['후식'],퓨전,간식,매우 쉬움,"['[검은양갱]', '한천 15g', '물 4와1/2컵', '설탕 250g', '팥앙금 900g', '[완두양갱]', '한천 15g', '물 1/2컵', '설탕 250g', '완두앙금 900g']",30
초코밤범벅,['후식'],퓨전,간식,매우 쉬움,"['생밤 6알', '초콜릿 40g']",20
치즈사탕,['후식'],퓨전,간식,매우 쉬움,"['치즈 적당량', '잼 적당량']",30
콩국과일펀치,['후식'],퓨전,간식,매우 쉬움,"['콩국(메주콩500g', '생수약간) 1컵']",30
콩국젤리,['후식'],퓨전,간식,쉬움,"['콩국(메주콩100g', '생수1/3컵) 1컵', '통깨 약간', '잣 약간']",60
당근쨈,['양념장'],퓨전,반찬,매우 쉬움,['당근 2개'],30
유자드레싱,['양념장'],퓨전,반찬,매우 쉬움,"['유자청 1/2컵', '올리브오일 1/2컵']",10
과일찰떡카나페,"['떡', '한과']",퓨전,간식,매우 쉬움,"['시루떡(콩고물) 6조각', '단호박 1/4개']",20
깨찰빵,"['빵', '과자']",퓨전,간식,쉬움,"['타피오카전분 540g', '검은깨 1큰술', '강력분 120g', '계란 4개']",60
누룽지케이크,"['빵', '과자']",퓨전,간식,매우 쉬움,['밥 2공기'],30
삼색라이스케이크,"['빵', '과자']",퓨전,간식,매우 쉬움,['밥 2공기'],30
팥앙금빵,"['빵', '과자']",퓨전,간식,매우 쉬움,"['밀가루(중력분) 600g', '팥앙금 500g']",60
감주스,['음료'],퓨전,간식,매우 쉬움,"['홍시 1개', '우유 1컵']",10
귤주스,['음료'],퓨전,간식,매우 쉬움,"['귤 2개', '우유 1컵', '오렌지 주스 1/2컵']",10
딸기주스,['음료'],퓨전,간식,매우 쉬움,"['딸기 300g', '오렌지주스 1/2컵', '우유 1컵']",10
바나나주스,['음료'],퓨전,간식,매우 쉬움,"['바나나 1개', '파인애플통조림 2조각', '우유 1컵']",10
배주스,['음료'],퓨전,간식,매우 쉬움,"['배 1/2개', '우유 1컵', '사과주스 1/2컵']",10
사과주스,['음료'],퓨전,간식,매우 쉬움,"['사과 1/2개', '무순 50g', '당근 18g', '우유 1/2컵']",10
생토마토주스,['음료'],퓨전,간식,매우 쉬움,['토마토 2개'],10
요구르트두부주스,['음료'],퓨전,간식,매우 쉬움,['메주콩 200g'],10
자두주스,['음료'],퓨전,간식,매우 쉬움,"['자두 2개', '우유 1컵']",10
과일천사채국수,"['만두', '면류']",퓨전,메인요리,매우 쉬움,"['배 1/2개', '토마토 1개', '천사채 300g']",20
김치 파스타,"['만두', '면류']",퓨전,메인요리,쉬움,"['파스타 160g', '김치 50g']",60
냉라면,"['만두', '면류']",퓨전,메인요리,쉬움,"['라면 2개', '새우 8마리']",35
명란스파게티,"['만두', '면류']",퓨전,메인요리,매우 쉬움,"['스파게티 300g', '명란 120g']",20
불고기꽃만두,"['만두', '면류']",퓨전,메인요리,매우 쉬움,"['밀가루 1컵', '쇠고기 200g']",30
비빔만두,"['만두', '면류']",퓨전,메인요리,매우 쉬움,"['냉동만두 10개', '콩나물 30g']",30
소스를곁들인라면구이,"['만두', '면류']",퓨전,메인요리,매우 쉬움,['라면 1개'],30
치즈볶음라면,"['만두', '면류']",퓨전,메인요리,매우 쉬움,"['라면 1개', '치즈(피자치즈) 적당량']",20
콩국냉파스타,"['만두', '면류']",퓨전,메인요리,매우 쉬움,"['콩국 1컵', '스파게티 200g', '후춧가루 약간']",30
퓨전만두,"['만두', '면류']",퓨전,메인요리,매우 쉬움,"['만두피 10장', '쇠고기(불고기) 300g']",30
커리,"['찌개', '전골', '스튜']",퓨전,메인요리,쉬움,"['감자 1개', '당근 1/3개', '양파 1/2개']",60
김치오꼬노미야끼,['부침'],퓨전,메인요리,매우 쉬움,"['잔새우 5마리', '갑오징어 20g', '굴(생것) 20g', '홍합 20g', '돼지고기(삼겹살) 30g']",30
돼지고기치즈지짐,['부침'],퓨전,메인요리,쉬움,['돼지고기(뒷다리살) 300g'],60
두부스테이크,['부침'],퓨전,메인요리,매우 쉬움,"['다진쇠고기 90g', '두부 1모']",60
산적치즈구이,['부침'],퓨전,메인요리,매우 쉬움,"['어묵 50g', '햄 50g', '게맛살 50g', '치즈(슬라이스) 4장']",30
연근카레전,['부침'],퓨전,메인요리,매우 쉬움,['연근 20cm'],20
치즈알쌈,['부침'],퓨전,메인요리,매우 쉬움,"['계란 8개', '치즈(피자) 40g']",30
치즈파전,['부침'],퓨전,메인요리,매우 쉬움,"['실파 100g', '새우(칵테일) 10g', '홍합살 10g', '밀가루 1/4컵', '치즈 적당량']",30
치즈피망전,['부침'],퓨전,메인요리,쉬움,"['피망 4개', '모짜렐라치즈 적당량']",60
꼬마버거,"['샌드위치', '햄버거']",퓨전,메인요리,매우 쉬움,"['돼지고기 20g', '모닝빵 4개', '샐러드 약간']",30
밥샌드위치,"['샌드위치', '햄버거']",퓨전,메인요리,쉬움,['밥(찬것) 3공기'],60
새우라이스버거,"['샌드위치', '햄버거']",퓨전,메인요리,쉬움,"['[라이스버거] 찬밥 2공기', '계란노른자 1개', '빵가루 20g', '소금 약간', '후춧가루 약간', '[새우패티] 새우살 100g', '양파 1/3개', '샐러리 1대', '빵가루 30g', '소금 약간', '후춧가루 약간']",60
감자피자구이,['피자'],퓨전,메인요리,매우 쉬움,"['감자 4개', '오징어 1마리']",30
김치계란피자,['피자'],퓨전,메인요리,매우 쉬움,"['김치 100g', '계란 2개']",30
김치치킨도리아,['볶음'],퓨전,메인요리,쉬움,"['닭고기(살) 50g', '밥 1공기']",60
대파 파프리카굴소스볶음,['볶음'],퓨전,메인요리,매우 쉬움,"['대파 2대', '노란파프리카 1개', '주황파프리카 1개']",20
돈육불고기,['볶음'],퓨전,메인요리,매우 쉬움,['돼지고기(목살) 600g'],60
두부케첩볶음,['볶음'],퓨전,메인요리,매우 쉬움,"['두부 1/4모', '비엔나소시지 8개', '표고버섯(마른 것) 1장']",30
삶은무해산물볶음,['볶음'],퓨전,메인요리,매우 쉬움,"['새우살 50g', '조갯살 50g', '오징어 50g', '무 1개']",20
엔다이브 위의 쇠고기볶음,['볶음'],퓨전,메인요리,매우 쉬움,"['쇠고기 50g', '앤다이브 6잎']",30
피자떡볶이,['볶음'],퓨전,메인요리,매우 쉬움,"['햄 100g', '떡볶이떡 150g']",30
해물채소볶음,['볶음'],퓨전,메인요리,매우 쉬움,"['새우 30g', '바지락 50g', '파프리카 1/2개', '청경채 2개']",30
햄마늘볶음,['볶음'],퓨전,메인요리,쉬움,"['햄 50g', '마늘 5톨']",60
계란말이주먹밥,"['밥', '죽', '스프']",한식,메인요리,어려움,"['밥 2공기', '계란 4개']",63
골뱅이덮밥,"['밥', '죽', '스프']",한식,메인요리,보통,"['밥 4공기', '골뱅이 200g']",54
굴무밥,"['밥', '죽', '스프']",한식,메인요리,어려움,"['굴 100g', '쌀 2컵', '무 150g', '물 약간', '다시마(5cm x 5cm) 1장']",83
김밥계란말이,"['밥', '죽', '스프']",한식,메인요리,보통,"['밥 2공기', '햄 100g', '김 6장']",53
김치쌈밥,"['밥', '죽', '스프']",한식,메인요리,보통,"['밥 2공기', '김칫잎 6장']",50
김치주먹밥,"['밥', '죽', '스프']",한식,메인요리,보통,"['김치 1/2포기', '밥 2공기', '다진쇠고기(사태) 100g']",58
김치채소쌈,"['밥', '죽', '스프']",한식,반찬,어려움,"['김치잎 5장', '깻잎 4장', '양배추 4장', '근대잎 4장', '밥 2공기']",61
나물비빔밥,"['밥', '죽', '스프']",한식,메인요리,어려움,"['쌀 4컵', '안심 200g', '콩나물 20g', '청포묵 1/2모', '미나리 20g', '숙주 20g', '도라지 20g', '고사리 20g', '계란 1개']",81
닭고기콩나물덮밥,"['밥', '죽', '스프']",한식,메인요리,보통,"['닭 한마리', '콩나물 300g', '밥 4공기']",57
대나무쌈밥,"['밥', '죽', '스프']",한식,메인요리,어려움,"['닭 20g', '찹쌀 30g', '쌀 90g', '대나무잎 4장']",62
모듬쌈밥,"['밥', '죽', '스프']",한식,메인요리,어려움,"['케일 약간', '치커리 약간', '청경채 약간', '겨자잎 약간', '밥 2공기']",66
별미밥,"['밥', '죽', '스프']",한식,메인요리,보통,"['쇠고기(우둔) 150g', '콩나물 100g', '밥 4공기']",54
북어국밥,"['밥', '죽', '스프']",한식,메인요리,어려움,"['밥 3공기', '북어 2마리']",68
삼색주먹밥,"['밥', '죽', '스프']",한식,메인요리,보통,['밥 2공기'],40
상추겉절이비빔밥,"['밥', '죽', '스프']",한식,메인요리,보통,"['밥 4공기', '상추 3잎']",55
열무비빔밥,"['밥', '죽', '스프']",한식,메인요리,어려움,"['밥 한공기', '열무김치 300g', '쇠고기 150g']",60
영양돌솥밥,"['밥', '죽', '스프']",한식,메인요리,보통,"['멥쌀 2컵', '찹쌀 1/2컵']",58
영양채소밥,"['밥', '죽', '스프']",한식,메인요리,보통,"['쌀 1컵', '밤 2개', '고구마 1/3개', '은행 6알', '대추 4알']",58
오곡밥,"['밥', '죽', '스프']",한식,메인요리,보통,"['멥쌀 1컵', '찹쌀 2컵']",54
오징어덮밥,"['밥', '죽', '스프']",한식,메인요리,보통,"['밥 2공기', '오징어 1마리']",54
자라죽,"['밥', '죽', '스프']",한식,메인요리,보통,"['흰쌀 200g', '자라 1마리']",45
잣죽,"['밥', '죽', '스프']",한식,메인요리,보통,"['불린쌀 1컵', '잣 1/2컵']",48
찬밥맛탕,"['밥', '죽', '스프']",한식,메인요리,보통,"['찬밥 1공기', '옥수수(통조림) 200g']",49
찰밥,"['밥', '죽', '스프']",한식,메인요리,보통,"['찹쌀 2컵', '팥 2/3컵']",44
충무김밥,"['밥', '죽', '스프']",한식,간식,어려움,"['김 2장', '오징어 1/2마리', '무 30g', '고춧가루 3큰술', '밥 2공기']",78
콩나물버섯덮밥,"['밥', '죽', '스프']",한식,메인요리,어려움,"['밥 2인분', '콩나물 100g', '쇠고기 50g', '느타리버섯 50g']",66
콩나물비빔밥,"['밥', '죽', '스프']",한식,메인요리,어려움,"['밥 60g', '보리 10g', '콩나물 40g', '오이 20g', '다진쇠고기 30g']",60
해물볶음밥,"['밥', '죽', '스프']",한식,메인요리,어려움,"['밥 1공기', '오징어 1/4마리', '새우 20g', '라유(중국식 고춧기름) 약간', '홍고추 1개']",65
해물볶음밥,"['밥', '죽', '스프']",한식,메인요리,어려움,"['새우 30g', '오징어 50g', '바지락 30g', '밥 2공기']",62
호박죽,"['밥', '죽', '스프']",한식,메인요리,보통,"['청동호박 1/2개', '찹쌀 2컵']",45
흑미영양솥밥,"['밥', '죽', '스프']",한식,메인요리,어려움,"['멥쌀 1컵', '찹쌀 1/2컵', '흑미 2큰술']",67
흑임자죽,"['밥', '죽', '스프']",한식,메인요리,보통,"['쌀 1컵', '흑임자 1/2컵']",53
개장국,['국'],한식,메인요리,어려움,"['개고기 800g', '된장 2큰술', '토란(줄기) 200g']",62
곰탕,['국'],한식,메인요리,어려움,"['쇠고기(양지) 400g', '양 600g', '무 400g']",62
냉면육수,['국'],한식,반찬,보통,['쇠고기(양지머리) 400g'],54
대구지리,['국'],한식,메인요리,보통,['대구 1마리'],55
대구탕,['국'],한식,메인요리,어려움,"['대구 1/2마리', '무 30g', '콩나물 25g', '홍고추 1개', '청고추 1개', '미나리 20g']",69
맑은떡국,['국'],한식,메인요리,보통,['떡국떡 2컵'],55
미역국,['국'],한식,메인요리,보통,['불린미역 4컵'],39
미역완자국,['국'],한식,메인요리,보통,"['불린미역 200g', '찹쌀가루 1컵']",48
사골우거지탕,['국'],한식,메인요리,보통,"['사골 300g', '쇠고기(사태) 200g', '우거지 200g', '대파 1뿌리']",53
사골탕,['국'],한식,메인요리,어려움,"['사골 500g', '쇠고기(양지) 200g']",64
삼계탕,['국'],한식,메인요리,보통,['닭고기(영계) 2마리'],56
생태국,['국'],한식,메인요리,보통,['생태 1마리'],50
설렁탕,['국'],한식,메인요리,어려움,"['소(잡뼈) 300g', '사골 1개', '도가니 1개', '양지머리 600g']",64
쇠고기무국,['국'],한식,메인요리,어려움,"['쇠고기(양지) 200g', '무 200g']",60
어묵꼬치,['국'],한식,반찬,보통,"['무 50g', '어묵 100g']",48
육개장,['국'],한식,메인요리,보통,"['쇠고기(사태) 300g', '숙주 60g', '고사리 50g']",53
초교탕,['국'],한식,메인요리,어려움,['닭 1/2마리'],66
토란곰탕,['국'],한식,메인요리,보통,"['토란 300g', '쇠고기(사태) 200g', '무 200g']",53
홍합미역국,['국'],한식,메인요리,보통,"['미역 150g', '홍합 10개', '참기름 1큰술']",46
홍합탕,['국'],한식,메인요리,보통,"['홍합 400g', '대파 1/2뿌리', '홍고추 1개']",47
가자미조림,['조림'],한식,메인요리,보통,['가자미 4마리'],39
명태포조림,['조림'],한식,메인요리,보통,['명태 1마리'],41
붕어조림,['조림'],한식,메인요리,보통,"['붕어 2마리', '북어 1/2마리', '감자 1개']",56
사태장육,['조림'],한식,메인요리,보통,"['쇠고기(사태) 600g', '고추기름 1큰술']",54
생선조림,['조림'],한식,메인요리,보통,"['조기 2마리', '홍고추 1/2개']",46
쇠고기장조림,['조림'],한식,메인요리,보통,"['쇠고기(사태) 400g', '계란 4개']",57
어묵닭고기조림,['조림'],한식,메인요리,보통,"['어묵 2개', '닭고기(안심) 100g', '표고버섯 1장']",58
연근조림,['조림'],한식,반찬,보통,['연근 300g'],43
장똑똑이,['조림'],한식,반찬,보통,['쇠고기(우둔살) 300g'],47
콩자반,['조림'],한식,반찬,보통,['콩 2컵'],52
호박선,['조림'],한식,반찬,어려움,"['애호박 1개', '쇠고기(홍두깨) 50g', '계란 1개', '당근 1/4개', '표고버섯 2개']",78
홍합초,['조림'],한식,반찬,보통,['홍합 600g'],46
갈비구이,['구이'],한식,메인요리,보통,['갈비 1.2kg'],49
고추장오징어순대구이,['구이'],한식,메인요리,어려움,['오징어 1마리'],62
꽁치깻잎말이구이,['구이'],한식,메인요리,보통,"['꽁치 2마리', '깻잎 8장']",55
너비아니구이,['구이'],한식,메인요리,어려움,['쇠고기(안심) 1200g'],61
더덕구이,['구이'],한식,메인요리,보통,['더덕 200g'],41
등심구이,['구이'],한식,메인요리,보통,['쇠고기(등심) 600g'],46
떡갈비구이,['구이'],한식,메인요리,보통,['쇠고기(갈비) 300g'],39
떡산적,['구이'],한식,메인요리,보통,"['가래떡 1가래', '쇠고기(우둔살) 150g', '실파 50g']",56
불고기찹쌀구이,['구이'],한식,메인요리,보통,"['쇠고기 200g', '찹쌀가루 1/2컵', '겨자 2큰술', '식초 2큰술', '설탕 2큰술']",56
새송이쌈장구이,['구이'],한식,메인요리,보통,['새송이버섯 4개'],50
서양식가자미구이와발사믹소스,['구이'],한식,메인요리,어려움,['가자미(냉동) 400g'],61
송이산적,['구이'],한식,메인요리,어려움,"['송이버섯 5장', '쇠고기 200g']",64
쇠고기떡말이,['구이'],한식,메인요리,보통,"['쇠고기(불고기) 200g', '떡볶이떡 10개']",51
쇠고기채소편채,['구이'],한식,메인요리,보통,['쇠고기(홍두깨살) 200g'],58
오징어산적,['구이'],한식,메인요리,보통,"['갑오징어 3마리', '피망 4개']",43
완자꼬치,['구이'],한식,메인요리,어려움,"['새송이버섯 2개', '두부 1/2모', '쇠고기(다진것) 200g', '간장 4큰술']",63
제육불고기,['구이'],한식,메인요리,어려움,"['돼지고기 600g', '고춧가루 1큰술']",70
조개관자꼬치구이,['구이'],한식,메인요리,보통,['조개관자 8개'],36
조기양념장구이,['구이'],한식,메인요리,보통,['조기 2마리'],38
향신양념갈비구이,['구이'],한식,메인요리,보통,['갈비살 600g'],55
홍합꼬치구이,['구이'],한식,메인요리,보통,['홍합 100g'],44
깐쇼자라,"['튀김', '커틀릿']",한식,메인요리,보통,['자라살 1마리'],53
다시마튀각,"['튀김', '커틀릿']",한식,반찬,보통,['다시마(40cm) 1장'],43
닭강정,"['튀김', '커틀릿']",한식,간식,보통,['닭 1마리'],39
닭안심삼색튀김,"['튀김', '커틀릿']",한식,메인요리,어려움,['닭(안심) 200g'],65
돼지고기김치롤튀김,"['튀김', '커틀릿']",한식,메인요리,어려움,"['돼지고기(안심) 400g', '김치(잎이넓은것) 1/4포기', '밥 1공기', '샐러리 2대', '쇠고기(안심) 50g']",81
두부소박이,"['튀김', '커틀릿']",한식,메인요리,보통,"['두부 1모', '표고버섯(말린 것) 4개']",57
메기강정,"['튀김', '커틀릿']",한식,메인요리,보통,['메기 1마리'],49
양념치킨,"['튀김', '커틀릿']",한식,메인요리,어려움,['닭(600g) 1마리'],66
향신양념장어튀김조림,"['튀김', '커틀릿']",한식,메인요리,보통,['장어 1마리'],48
갈비찜,['찜'],한식,메인요리,어려움,"['쇠고기(갈비) 600g', '무 1/2개', '당근 1/2개', '표고버섯 1장', '밤 4개']",74
계란유부찜,['찜'],한식,메인요리,보통,"['유부 4장', '계란 4개']",43
김치두부쌈,['찜'],한식,반찬,보통,"['신김치 2포기', '두부 1모', '돼지고기(보쌈용) 600g']",51
김치제육보쌈,['찜'],한식,반찬,어려움,"['배추 1/2포기', '돼지고기 600g']",68
꽃게찜,['찜'],한식,메인요리,보통,"['꽃게 3마리', '쇠고기 100g']",57
꽈리고추밀가루찜,['찜'],한식,메인요리,보통,['꽈리고추 30개'],39
닭매운찜,['찜'],한식,메인요리,보통,['닭(중간것) 1/2마리'],57
돼지갈비찜,['찜'],한식,메인요리,어려움,"['갈비(갈비) 1.8Kg', '양파 2개', '감자 2개', '당근 1개', '무 1/4개']",67
두부선,['찜'],한식,반찬,보통,"['두부 300g', '쇠고기 40g']",47
두부알찜,['찜'],한식,메인요리,보통,"['두부 1/2모', '계란 3개']",49
미더덕찜,['찜'],한식,메인요리,보통,"['미더덕 400g', '콩나물 200g']",55
북어양념찜,['찜'],한식,메인요리,보통,['북어 1마리'],38
색편육,['찜'],한식,메인요리,어려움,"['쇠고기(사태) 200g', '당근 30g', '오이 70g']",62
시나몬돼지고기편,['찜'],한식,메인요리,보통,['돼지고기(안심) 800g'],57
아귀찜,['찜'],한식,메인요리,어려움,"['아귀 500g', '미더덕 120g', '콩나물 300g']",67
양배추말이찜,['찜'],한식,메인요리,어려움,"['양배추잎 8장', '쇠고기 300g', '밤 8개', '양파 1/2개']",69
연어된장찜,['찜'],한식,메인요리,보통,"['연어 400g', '된장 3큰술']",51
오색대하찜,['찜'],한식,메인요리,보통,['대하 4마리'],49
오징어순대,['찜'],한식,메인요리,어려움,"['오징어(350g) 2마리', '쇠고기(우둔) 70g', '두부 50g', '당면 30g']",81
오징어순대,['찜'],한식,메인요리,어려움,['오징어 2마리'],62
유부계란찜,['찜'],한식,메인요리,보통,"['유부 10장', '계란 4개']",49
장어두부,['찜'],한식,메인요리,보통,"['장어 1마리', '두부 1모']",51
제육보쌈,['찜'],한식,메인요리,어려움,"['돼기고기 600g', '새우젓 2큰술', '무 200g', '굴 50g']",78
제육보쌈,['찜'],한식,메인요리,보통,['돼지고기(안심) 600g'],43
코다리찜,['찜'],한식,메인요리,어려움,"['코다리 2마리', '실파 2뿌리']",64
토란닭고기찜,['찜'],한식,메인요리,보통,"['토란탕 2컵', '닭고기 200g']",47
한방닭찜,['찜'],한식,메인요리,보통,['닭(토종) 1마리'],49
홍어찜,['찜'],한식,메인요리,보통,['홍어 1마리'],49
화전갈비찜,['찜'],한식,메인요리,보통,"['생갈비 400g', '다진양파(다진것) 1큰술', '다진파(다진것) 1큰술']",59
건포도돈족냉채,"['나물', '생채', '샐러드']",한식,메인요리,어려움,['돈족(족발) 200g'],63
닭고기수삼샐러드,"['나물', '생채', '샐러드']",한식,반찬,어려움,"['양상추 50g', '닭고기(가슴살) 100g', '수삼 1뿌리']",68
두부다시마말이,"['나물', '생채', '샐러드']",한식,반찬,보통,['다시마(10cm x 20cm) 1장'],51
무구절판,"['나물', '생채', '샐러드']",한식,반찬,어려움,"['무 1개', '쇠고기(우둔) 100g', '표고버섯 6개']",81
미나리강회,"['나물', '생채', '샐러드']",한식,반찬,보통,"['미나리 2단', '쇠고기(안심) 100g', '계란 2개']",54
불고기샐러드,"['나물', '생채', '샐러드']",한식,반찬,보통,['쇠고기(불고기) 160g'],55
삼색밀쌈,"['나물', '생채', '샐러드']",한식,반찬,어려움,"['밀가루 1컵', '치자 2개', '시금치 20g']",66
생굴채소무침,"['나물', '생채', '샐러드']",한식,반찬,어려움,"['굴 300g', '배추(속대) 100g']",62
씀바귀나물,"['나물', '생채', '샐러드']",한식,반찬,보통,['씀바귀 200g'],51
오징어강회,"['나물', '생채', '샐러드']",한식,메인요리,보통,['오징어 1마리'],41
재첩무침,"['나물', '생채', '샐러드']",한식,반찬,보통,['재첩 300g'],52
제육겨자쌈,"['나물', '생채', '샐러드']",한식,메인요리,보통,['돼지고기(안심) 600g'],45
콩나물잡채,"['나물', '생채', '샐러드']",한식,반찬,어려움,"['콩나물 400g', '쇠고기 100g', '표고버섯 4장']",64
콩나물해물겨자무침,"['나물', '생채', '샐러드']",한식,반찬,보통,"['콩나물 100g', '해파리 100g', '오징어 1/4마리']",54
간장게장,"['밑반찬', '김치']",한식,반찬,보통,['꽃게 2마리'],57
갓김치,"['밑반찬', '김치']",한식,반찬,보통,['갓 2단'],58
고추장아찌,"['밑반찬', '김치']",한식,반찬,보통,['청고추 600g'],41
굴깍두기,"['밑반찬', '김치']",한식,반찬,보통,"['무 2개', '굴 1컵']",55
꽃게장무침,"['밑반찬', '김치']",한식,반찬,보통,['꽃게 2마리'],45
꽈리고추마른새우볶음,"['밑반찬', '김치']",한식,반찬,보통,"['꽈리고추 50g', '마른새우 100g']",47
나박김치,"['밑반찬', '김치']",한식,반찬,보통,"['배추 1/2포기', '미나리 30g', '홍고추 2개']",56
달래장김치,"['밑반찬', '김치']",한식,반찬,보통,['달래 500g'],36
돌나물김치,"['밑반찬', '김치']",한식,반찬,보통,['돌나물 400g'],49
동치미,"['밑반찬', '김치']",한식,반찬,어려움,"['무 10개', '고추(삭힌것) 20개', '갓 1/2단']",65
동치미,"['밑반찬', '김치']",한식,반찬,보통,"['무 10개', '실파 1/2단']",52
두릅김치,"['밑반찬', '김치']",한식,반찬,보통,['두릅 20줄기'],53
두부장아찌,"['밑반찬', '김치']",한식,반찬,보통,['두부 1모'],44
명란젓,"['밑반찬', '김치']",한식,반찬,보통,['명란젓 600g'],42
배추밤김치,"['밑반찬', '김치']",한식,반찬,보통,"['배추 1포기', '실파 1/2단']",50
백김치,"['밑반찬', '김치']",한식,반찬,보통,['배추 5포기'],55
부추김치,"['밑반찬', '김치']",한식,반찬,보통,['부추 4단'],40
어리굴젓,"['밑반찬', '김치']",한식,반찬,보통,['굴 400g'],44
얼갈이열무물김치,"['밑반찬', '김치']",한식,반찬,어려움,"['열무 250g', '얼갈이배추 250g']",63
열무김치,"['밑반찬', '김치']",한식,반찬,보통,"['열무 2단', '풋배추 1단']",59
오이소박이,"['밑반찬', '김치']",한식,반찬,보통,"['오이 10개', '부추 1단']",51
오이지장아찌무침,"['밑반찬', '김치']",한식,반찬,보통,['오이 10개'],50
오징어섞박지,"['밑반찬', '김치']",한식,반찬,보통,['갑오징어 300g'],44
우엉조림,"['밑반찬', '김치']",한식,반찬,보통,['우엉 400g'],52
채소간장장아찌,"['밑반찬', '김치']",한식,반찬,어려움,"['오이 2개', '양파 2개', '홍고추 2개', '청양고추 2개']",64
총각김치,"['밑반찬', '김치']",한식,반찬,보통,['총각무 1단'],46
통배추김치,"['밑반찬', '김치']",한식,반찬,어려움,"['배추 10포기', '무 1개', '갓 1/2단', '미나리 1단', '멸치젓 2컵']",73
파김치,"['밑반찬', '김치']",한식,반찬,보통,['실파 2단'],38
해물김치,"['밑반찬', '김치']",한식,반찬,어려움,"['배추 3포기', '생태 2마리', '오징어 2마리']",60
간장떡볶이,"['도시락', '간식']",한식,메인요리,보통,['떡볶이떡 300g'],52
고구마강정,"['도시락', '간식']",한식,반찬,보통,"['고구마 2개', '건포도 10g', '호박씨 10g']",48
딸기찹쌀볼맛탕,"['도시락', '간식']",한식,반찬,어려움,"['딸기 12개', '찹쌀가루 3컵', '식초 3큰술']",66
떡볶이,"['도시락', '간식']",한식,메인요리,보통,['가래떡 1줄'],48
참치주먹밥,"['도시락', '간식']",한식,메인요리,어려움,"['참치(캔) 1캔', '김 1/3장', '밥 3공기']",72
밤초와대추초,['후식'],한식,간식,보통,"['밤 30개', '대추 20알']",44
은행탕,['후식'],한식,간식,보통,['은행 50g'],43
인삼마른정과,['후식'],한식,간식,보통,['수삼 10뿌리'],38
매실청,['양념장'],한식,반찬,보통,"['매실 3kg', '설탕 4kg']",38
각색경단,"['떡', '한과']",한식,간식,보통,['찹쌀 5컵'],54
건포도찹쌀단자,"['떡', '한과']",한식,간식,어려움,"['[반죽] 찹쌀가루 75g', '멥쌀가루 21g', '[소] 동부 50g', '백앙금 50g', '건포도 35g', '분태땅콩 20g', '설탕 15g']",75
꽃부꾸미,"['떡', '한과']",한식,간식,어려움,['찹쌀 4컵'],62
단호박떡케이크,"['떡', '한과']",한식,간식,어려움,"['멥쌀가루 400g', '단호박 1/8개']",70
땅콩강정,"['떡', '한과']",한식,간식,보통,"['쌀 5컵', '땅콩 1컵']",51
떡케이크,"['떡', '한과']",한식,간식,보통,"['멥쌀가루 2와1/2컵', '물 4큰술']",51
레인보우설기,"['떡', '한과']",한식,간식,보통,['쌀가루 3컵'],37
색색단자,"['떡', '한과']",한식,간식,어려움,"['찹쌀가루 2컵', '대추 10개', '밤 5개', '곶감 2개']",69
송편,"['떡', '한과']",한식,간식,어려움,"['멥쌀 2되', '소금 2큰술', '쑥 300g', '대추 10알', '솔잎 약간']",74
쑥갠떡,"['떡', '한과']",한식,간식,보통,['멥쌀 2와1/2컵'],36
약과,"['떡', '한과']",한식,간식,보통,['밀가루 1컵'],56
약식케이크,"['떡', '한과']",한식,간식,어려움,['찹쌀(1컵=200g) 5컵'],63
인절미,"['떡', '한과']",한식,간식,보통,['찹쌀 400g'],46
찐빵,"['빵', '과자']",한식,간식,어려움,"['강력분 270g', '박력분 30g', '드라이이스트 1작은술', '설탕 1큰술', '소금 1작은술', '베이킹파우더 1작은술', '물 130g', '팥 200g']",83
식혜,['음료'],한식,간식,보통,"['엿기름 4컵', '멥쌀 5컵']",48
유자화채,['음료'],한식,간식,보통,"['유자 1개', '배 1/4개']",44
감자국수,"['만두', '면류']",한식,메인요리,어려움,"['감자 300g', '밀가루(강력분) 210g', '계란노른자 1개']",66
김치메밀묵장국,"['만두', '면류']",한식,메인요리,보통,"['메밀묵 1모', '김치 200g', '쇠고기(갈은것) 80g']",59
냉면,"['만두', '면류']",한식,메인요리,어려움,"['냉면 400g', '동치미국물 1개', '쇠고기육수 4컵']",62
냉콩국수,"['만두', '면류']",한식,메인요리,보통,"['국수(밀로만든국수) 300g', '흰콩 1컵', '흰깨 2큰술']",49
녹차콩국수,"['만두', '면류']",한식,메인요리,보통,"['메주콩 500g', '녹차국수 200g', '물 1컵']",56
닭칼국수,"['만두', '면류']",한식,메인요리,어려움,"['밀가루 2컵', '날콩가루 1/2컵', '닭고기 1마리', '바지락 150g', '소금 약간']",69
동치미막국수,"['만두', '면류']",한식,메인요리,보통,"['국수 400g', '쇠고기 100g', '동치미무 1/4개']",54
떡만두국,"['만두', '면류']",한식,메인요리,어려움,"['떡국떡 50g', '만두피 12장', '다진돼지고기(뒷다리) 100g', '배추김치 100g', '숙주 50g', '두부 1모', '파 1/3뿌리']",81
뚝배기짬뽕라면,"['만두', '면류']",한식,메인요리,보통,"['라면 2개', '홍합 10개', '오징어 1/2 마리']",56
만둣국,"['만두', '면류']",한식,메인요리,어려움,"['김치 1/2포기', '숙주 150g', '만두피 40장', '쇠고기 40g']",67
바지락수제비,"['만두', '면류']",한식,메인요리,어려움,"['밀가루 1컵', '소금 1/3작은술', '식용유 약간', '바지락 100g']",62
버섯만두전골,"['만두', '면류']",한식,메인요리,어려움,"['만두피 12장', '돼기고기 100g', '두부 1모', '숙주 100g', '느타리버섯 100g', '표고버섯 4장', '후춧가루 약간']",80
버섯매운탕,"['만두', '면류']",한식,메인요리,어려움,"['표고버섯 20g', '느타리버섯 30g', '송이버섯 30g', '쇠고기(불고기) 30g', '칼국수 50g']",67
비빔냉면,"['만두', '면류']",한식,메인요리,어려움,"['냉면 300g', '계란 1개', '방울토마토 2개', '샐러드채소 약간']",67
삼색수제비,"['만두', '면류']",한식,메인요리,보통,"['밀가루 3컵', '시금치즙 6큰술', '당근즙 6큰술']",58
열무김치냉면,"['만두', '면류']",한식,메인요리,보통,"['열무 1/2단', '냉면 500g']",51
잔치국수,"['만두', '면류']",한식,메인요리,어려움,"['육수 500ml', '소면 300g', '팽이버섯 50g']",62
잔치국수,"['만두', '면류']",한식,메인요리,어려움,"['소면 100g', '호박 1/4개', '당근 1/4개', '표고버섯 1개', '[육수] 국물용멸치 한줌', '물 4~6컵', '다시마(10cm x 10cm) 1장', '국간장 약간']",85
잡채,"['만두', '면류']",한식,반찬,어려움,"['당면 100g', '쇠고기(우둔) 100g', '느타리버섯 800g']",62
쫄면,"['만두', '면류']",한식,반찬,보통,['쫄면 120g'],47
참치회무침비빔국수,"['만두', '면류']",한식,메인요리,어려움,"['참치회 300g', '국수 180g']",64
채소비빔소면,"['만두', '면류']",한식,메인요리,어려움,"['소면 2인분', '김치 100g', '오이 1/2개', '양배추 2장', '깻잎 10장', '상추 4장']",65
칡냉면,"['만두', '면류']",한식,메인요리,어려움,"['냉면사리 600g', '양지머리 200g']",65
토란탕수제비,"['만두', '면류']",한식,메인요리,보통,"['토란탕 2컵', '밀가루 1컵']",50
팥칼국수,"['만두', '면류']",한식,메인요리,보통,"['칼국수면 300g', '팥 3컵']",45
해물국시,"['만두', '면류']",한식,메인요리,보통,"['새우 4마리', '바지락 100g', '칼국수 120g']",59
해물잡채,"['만두', '면류']",한식,메인요리,어려움,"['오징어 1마리', '낙지 1마리', '새우(중하) 4마리', '조개살 150g', '당면 50g']",74
회냉면,"['만두', '면류']",한식,메인요리,보통,"['냉면사리 600g', '홍어 1/2마리']",47
감자탕,"['찌개', '전골', '스튜']",한식,메인요리,보통,"['돼지고기(등뼈) 1kg', '감자 4개']",54
강된장찌개,"['찌개', '전골', '스튜']",한식,메인요리,어려움,"['쇠고기(우둔) 30g', '표고버섯 30g', '된장 3큰술']",63
고등어추어탕,"['찌개', '전골', '스튜']",한식,메인요리,어려움,"['고등어 1마리', '배추 20g']",60
고추장북어찌개,"['찌개', '전골', '스튜']",한식,메인요리,보통,['통북어(큰것) 1마리'],48
국수전골,"['찌개', '전골', '스튜']",한식,메인요리,어려움,"['국수 400g', '쇠고기(양지) 200g']",64
김치꽁치조림,"['찌개', '전골', '스튜']",한식,메인요리,보통,"['꽁치통조림 1캔', '김치 300g']",43
꽁치김치찌개,"['찌개', '전골', '스튜']",한식,메인요리,보통,"['김치 1/2포기', '꽁치 1캔']",52
꽃게해물탕,"['찌개', '전골', '스튜']",한식,메인요리,어려움,"['꽃게 2마리', '바지락 30g', '맛살조개 40g', '오징어 1/2마리']",70
낙지전골,"['찌개', '전골', '스튜']",한식,메인요리,어려움,"['낙지 2마리', '새우 60g', '쇠고기(양지) 80g']",76
냉이된장찌개,"['찌개', '전골', '스튜']",한식,메인요리,보통,"['냉이 100g', '모시조개 1컵', '된장 3큰술']",52
달래된장찌개,"['찌개', '전골', '스튜']",한식,메인요리,어려움,"['달래 50g', '두부 1/2모', '말린표고버섯 1장']",62
달래새우찌개,"['찌개', '전골', '스튜']",한식,메인요리,보통,"['달래 100g', '새우 50g']",50
닭고기냄비,"['찌개', '전골', '스튜']",한식,메인요리,어려움,"['닭고기(가슴살) 200g', '배춧잎 2장']",67
돼지고기김치찌개,"['찌개', '전골', '스튜']",한식,메인요리,보통,"['신김치 1/2포기', '돼지고기안심 50g']",53
두부새우젓국찌개,"['찌개', '전골', '스튜']",한식,메인요리,어려움,"['두부 1모', '호박 1/2개']",61
메기매운탕,"['찌개', '전골', '스튜']",한식,메인요리,보통,['메기 1마리'],55
명란젓찌개,"['찌개', '전골', '스튜']",한식,메인요리,보통,['명란 100g'],55
불고기낙지전골,"['찌개', '전골', '스튜']",한식,메인요리,어려움,"['쇠고기(목심) 300g', '낙지 2마리']",62
샤브샤브,"['찌개', '전골', '스튜']",한식,메인요리,어려움,"['쇠고기(제비추리) 400g', '배춧잎 3장', '팽이버섯 1봉', '표고버섯 1장', '느타리버섯 2묶음']",83
쇠고기전골,"['찌개', '전골', '스튜']",한식,메인요리,보통,"['쇠고기(양지) 100g', '목이버섯 5g', '팽이버섯 40g']",54
순두부,"['찌개', '전골', '스튜']",한식,메인요리,보통,['흰콩 2컵'],43
신선로,"['찌개', '전골', '스튜']",한식,메인요리,어려움,"['양지머리 150g', '쇠고기(우둔) 150g', '천엽 50g', '흰살생선 50g']",86
알탕,"['찌개', '전골', '스튜']",한식,메인요리,어려움,"['명란 8개', '쇠고기(우둔) 50g', '무 1/4개']",62
오리고기탕,"['찌개', '전골', '스튜']",한식,메인요리,보통,['오리 600g'],47
우거지된장찌개,"['찌개', '전골', '스튜']",한식,메인요리,어려움,"['우거지 300g', '배춧잎 200g', '된장 4큰술']",65
우럭매운탕,"['찌개', '전골', '스튜']",한식,메인요리,어려움,"['우럭 1마리', '모시조개 200g']",78
임연수쑥완자탕,"['찌개', '전골', '스튜']",한식,메인요리,보통,"['임연수 1마리', '쑥 60g']",46
제탕(육탕),"['찌개', '전골', '스튜']",한식,메인요리,보통,"['쇠고기 400g', '무 1/3개']",46
콩비지찌개,"['찌개', '전골', '스튜']",한식,메인요리,보통,"['흰콩 1과1/2컵', '돼지고기 200g', '배춧잎 4장']",53
해물된장냄비,"['찌개', '전골', '스튜']",한식,메인요리,어려움,"['새우 2마리', '모시조개 5개', '갑오징어 1/4마리', '표고버섯 2장', '생우동 120g']",62
해물매운탕,"['찌개', '전골', '스튜']",한식,메인요리,어려움,"['대하 6마리', '오징어 1/2마리', '미더덕 50g', '바지락 1봉', '꽃게 1마리']",76
해물순두부찌개,"['찌개', '전골', '스튜']",한식,메인요리,보통,"['두부 1팩', '미더덕 약간', '바지락 약간', '잔새우 약간']",58
해물전골,"['찌개', '전골', '스튜']",한식,메인요리,어려움,"['게 2마리', '대하 4마리', '오징어 1마리', '모시조개 20개']",81
해물찌개,"['찌개', '전골', '스튜']",한식,메인요리,어려움,"['쭈꾸미 2마리', '오징어 1/2마리', '새우 8마리', '모시조개 1봉', '홍합 50g']",78
간전,['부침'],한식,메인요리,보통,['쇠간 120g'],47
감자전,['부침'],한식,메인요리,보통,"['감자 4개', '부추 1/4단']",49
고추장떡,['부침'],한식,메인요리,어려움,"['밀가루 2컵', '고추장 1큰술', '된장 1큰술', '부추 50g']",65
녹두전,['부침'],한식,메인요리,어려움,"['녹두 3컵', '멥쌀 2큰술', '돼지고기 150g']",63
닭산적,['부침'],한식,메인요리,어려움,"['닭(안심) 300g', '두부 70g', '청고추 1개', '홍고추 1개']",64
돼지고기채소전,['부침'],한식,메인요리,보통,"['돼지고기 100g', '계란 1개', '당근 20g', '표고버섯 2장', '실파 3뿌리']",59
부추전,['부침'],한식,메인요리,보통,['부추 1단'],47
빈대떡,['부침'],한식,메인요리,어려움,"['녹두 2컵', '돼지고기(안심) 100g', '숙주 100g', '느타리버섯 200g', '석이버섯 4장']",72
삼겹살깻잎전,['부침'],한식,메인요리,보통,"['돼지고기(삼겹살) 200g', '깻잎 9장']",51
삼색전,['부침'],한식,메인요리,보통,"['호박 1개', '대구살 200g', '굴 200g']",56
상치적,['부침'],한식,메인요리,보통,"['달래 2단', '상추 1/2근']",57
새우전,['부침'],한식,메인요리,보통,['새우 15마리'],41
색전병,['부침'],한식,메인요리,어려움,"['밀가루 2와1/2컵', '시금치 1/2단', '비트 1/4개', '치자 2개', '미나리 1/3단']",72
송어채소말이,['부침'],한식,메인요리,보통,['송어(슬라이스) 1마리'],35
오징어풋마늘산적,['부침'],한식,메인요리,보통,"['풋마늘 8뿌리', '갑오징어 2마리']",47
청포묵전,['부침'],한식,메인요리,보통,['청포묵 150g'],48
해물파전,['부침'],한식,메인요리,어려움,"['실파 1단', '굴 1/2컵', '홍합 1/2컵', '조갯살 1/2컵', '밀가루 1컵', '멥쌀 1컵']",68
향신양념해물파전,['부침'],한식,메인요리,어려움,"['조갯살 20g', '새우 40g', '오징어 70g', '쪽파 50g']",81
화양적,['부침'],한식,메인요리,어려움,"['쇠고기(힘줄없는부위) 150g', '표고버섯 3장', '도라지 100g', '당근 1개', '오이 1개']",60
떡샌드위치,"['샌드위치', '햄버거']",한식,간식,어려움,"['멥쌀가루 4컵', '찹쌀가루 2/3컵', '녹차가루 약간']",74
간장떡볶이,['볶음'],한식,간식,보통,"['가래떡 500g', '채썬쇠고기(홍두깨) 300g']",54
개조개쌈장볶음,['볶음'],한식,메인요리,보통,"['개조개 2마리', '쌈장 1/2큰술']",57
낙지볶음,['볶음'],한식,메인요리,보통,['낙지 2마리'],55
닭갈비,['볶음'],한식,메인요리,보통,"['닭(가슴살) 300g', '생강즙 1큰술']",55
돼지고기김치볶음,['볶음'],한식,메인요리,보통,"['김치 1/2포기', '돼지고기(목삼겹) 400g']",41
두부버섯볶음,['볶음'],한식,메인요리,어려움,"['두부 1모', '느타리버섯 1줌', '팽이버섯 1/2봉지']",63
떡잡채,['볶음'],한식,메인요리,보통,"['가래떡(흰색) 400g', '쇠고기 80g']",52
봄동바지락볶음,['볶음'],한식,메인요리,보통,"['봄동 150g', '바지락 100g']",53
불고기,['볶음'],한식,메인요리,보통,['쇠고기(등심) 500g'],36
쇠고기양송이볶음,['볶음'],한식,메인요리,보통,"['쇠고기(안심) 400g', '양송이버섯 200g', '물엿 1큰술', '토마토케첩 4큰술']",56
쌈장떡볶이,['볶음'],한식,반찬,보통,['떡볶이떡 400g'],53
쑥버섯볶음,['볶음'],한식,반찬,보통,"['쑥 50g', '표고버섯 3장', '양송이 50g', '느타리버섯 50g']",53
양배추와버섯두부쌈장,['볶음'],한식,반찬,어려움,"['쌈장 5큰술', '양배추 1/2통', '쌈용채소 100g', '두부 1모', '흰밥 2공기']",86
양상추돼지고기쌈,['볶음'],한식,메인요리,어려움,"['돼지고기 100g', '양상추 10장']",69
오징어불고기,['볶음'],한식,메인요리,어려움,['오징어 2마리'],65
오징어불고기,['볶음'],한식,메인요리,보통,['오징어 2마리'],43
자라호박볶음,['볶음'],한식,메인요리,보통,"['자라 1마리', '호박 약간']",49
제육쌈장볶음,['볶음'],한식,메인요리,보통,['돼지고기(목살) 600g'],45
죽순볶음,['볶음'],한식,메인요리,보통,"['죽순 50g', '쇠고기(우둔) 50g']",49
표고버섯감자볶음,['볶음'],한식,반찬,보통,"['표고버섯 60g', '감자 20g']",51
풋마늘주꾸미볶음,['볶음'],한식,반찬,보통,"['풋마늘 1대', '주꾸미 8마리']",50
향신양념잡채,['볶음'],한식,메인요리,어려움,"['당면 200g', '새송이버섯 3개', '잔새우 30g']",62
감자수프,"['밥', '죽', '스프']",서양,반찬,어려움,"['감자 300g', '양파 60g', '대파 30g', '버터 30g', '육수 750g']",65
단호박크림수프,"['밥', '죽', '스프']",서양,반찬,보통,['단호박 1/4통'],53
스피드오므라이스,"['밥', '죽', '스프']",서양,메인요리,보통,"['계란 1개', '밥 1공기']",48
양송이크림스프,"['밥', '죽', '스프']",서양,반찬,보통,"['양송이버섯 50g', '생크림 100ml']",47
옥수수수프,"['밥', '죽', '스프']",서양,반찬,보통,['옥수수(알갱이) 3개'],43
차가운토마토수프,"['밥', '죽', '스프']",서양,반찬,어려움,['토마토 250g'],60
치킨케밥과 카레볶음밥,"['밥', '죽', '스프']",서양,메인요리,어려움,"['닭 200g', '카레 30g', '밥 1공기']",67
칠리소스라이스,"['밥', '죽', '스프']",서양,메인요리,어려움,"['밥 800g', '쇠고기(등심) 300g']",77
참치볼케첩조림,['조림'],서양,반찬,보통,['참치(통조림) 1통'],56
감자치즈구이,['구이'],서양,반찬,보통,['감자 4개'],43
건포도간장소스백립,['구이'],서양,메인요리,보통,['백립 1.2대'],59
대합구이,['구이'],서양,메인요리,보통,['대합 4개'],47
라타투유를곁들인대구요리,['구이'],서양,메인요리,보통,['대구 130g'],55
레이즌 연어 스테이크,['구이'],서양,메인요리,보통,['연어(스테이크용) 200g'],52
레이즌 폭찹,['구이'],서양,메인요리,보통,['돼지갈비 400g'],47
로스트치킨,['구이'],서양,메인요리,보통,['닭 1마리'],55
몬테리치킨,['구이'],서양,메인요리,어려움,"['닭고기(가슴살) 200g', '베이컨 3장', '아메리칸치즈 2장', '감자 2개']",69
바베큐립,['구이'],서양,메인요리,보통,['돼지등갈비 1대'],42
바베큐립,['구이'],서양,메인요리,보통,['돼지갈비 1대'],42
버팔로윙,['구이'],서양,메인요리,보통,['닭(날개) 10개'],56
버팔로윙,['구이'],서양,메인요리,보통,"['닭고기 1팩', '샐러리 3대']",53
새우구이,['구이'],서양,메인요리,어려움,"['새우(중하) 4마리', '밥 1/2공기']",66
아메리칸닭구이,['구이'],서양,메인요리,보통,"['닭 1마리', '토마토소스 1컵']",56
양송이치즈구이,['구이'],서양,메인요리,보통,"['양송이버섯 10장', '쇠고기(간것) 50g', '치즈(슬라이스) 2장']",59
에그미트로프,['구이'],서양,메인요리,보통,"['계란 4개', '다진쇠고기(우둔) 100g', '다진돼지고기(안심) 100g', '쇠고기(등심) 200g']",58
에스프레소 목살 스테이크,['구이'],서양,메인요리,어려움,['미국산 냉장 목살(두께 3cm) 200g'],90
오징어버터구이,['구이'],서양,메인요리,보통,"['오징어 1마리', '버터 1큰술']",52
와인소스의감자로싼도미요리,['구이'],서양,메인요리,어려움,"['도미 1쪽', '감자 1개', '화이트와인 50ml']",69
왕새우구이와구운채소,['구이'],서양,메인요리,보통,['대하 3마리'],56
참치양송이구이,['구이'],서양,메인요리,보통,"['스타키스트참치통조림 1캔', '양송이버섯 6개']",44
치킨롤,['구이'],서양,메인요리,보통,['닭(다리살) 300g'],50
크라포딘닭구이,['구이'],서양,메인요리,어려움,['닭고기(안심) 300g'],66
포크소테,['구이'],서양,메인요리,보통,['돼지고기(등심) 400g'],45
햄감자그라탕,['구이'],서양,메인요리,보통,"['햄 100g', '감자 1개']",54
햄버거스테이크,['구이'],서양,메인요리,어려움,"['다진쇠고기(등심) 300g', '다진돼지고기(안심) 150g']",62
감자고로케,"['튀김', '커틀릿']",서양,메인요리,보통,['감자 2개'],59
닭날개튀김,"['튀김', '커틀릿']",서양,메인요리,보통,['닭(날개) 500g'],42
돈까스와베이비콘,"['튀김', '커틀릿']",서양,메인요리,보통,['돼지고기(등심) 300g'],53
돼지고기치즈말이튀김,"['튀김', '커틀릿']",서양,메인요리,어려움,"['돼지고기 200그램', '치즈 5장']",60
모짜렐라치즈스틱,"['튀김', '커틀릿']",서양,간식,보통,['모짜렐라치즈 300g'],45
베이컨미니커틀릿,"['튀김', '커틀릿']",서양,메인요리,어려움,['삼겹살(구이용) 200g'],61
쇠고기치즈튀김,"['튀김', '커틀릿']",서양,메인요리,보통,"['쇠고기(우둔', '업진살) 300g', '치즈 200g']",56
쇠고기커틀릿,"['튀김', '커틀릿']",서양,메인요리,어려움,"['쇠고기 400g', '모짜렐라치즈 100g']",66
옥수수오믈렛,"['튀김', '커틀릿']",서양,메인요리,보통,"['스위트콘 1캔', '계란 2개']",58
치즈돈까스,"['튀김', '커틀릿']",서양,메인요리,보통,"['돼지고기(돈까스용) 2장', '모짜렐라치즈 50g']",52
치즈크로켓,"['튀김', '커틀릿']",서양,메인요리,보통,"['계란흰자 2개', '피자치즈 50g', '밀가루(중력분) 50g']",49
칠리소스참치볼,"['튀김', '커틀릿']",서양,반찬,보통,"['참치통조림 1캔', '두부 1/2모']",55
카레튀김밥,"['튀김', '커틀릿']",서양,메인요리,보통,"['흰밥 400g', '프랑크소시지 4개', '카레가루 2큰술']",59
피자돈까스,"['튀김', '커틀릿']",서양,메인요리,어려움,"['돼지고기(등심 슬라이스) 2조각', '피자치즈 적당량']",69
치킨버섯찜,['찜'],서양,메인요리,어려움,"['닭안심 500g', '표고버섯 3장', '느타리버섯 30g', '팽이버섯 30g']",65
홍합찜,['찜'],서양,메인요리,보통,['홍합 20개'],49
닭가슴살샐러드,"['나물', '생채', '샐러드']",서양,반찬,보통,"['닭(가슴살) 400g', '샐러드 200g']",53
발사믹드레싱샐러드,"['나물', '생채', '샐러드']",서양,반찬,보통,"['샐러드채소 50g', '발사믹식초 2큰술']",45
연어양상추쌈,"['나물', '생채', '샐러드']",서양,메인요리,보통,"['양상추 4장', '훈제연어 100g']",51
컬리플라워해물샐러드,"['나물', '생채', '샐러드']",서양,반찬,보통,"['컬리플라워 200g', '오징어 1마리', '새우 8마리']",48
파스칼샐러드,"['나물', '생채', '샐러드']",서양,반찬,보통,"['바케트빵 1개', '계란(완숙) 2개씩', '샐러드잎(푸른색) 약간']",52
파프리카향의 치킨셀러드,"['나물', '생채', '샐러드']",서양,반찬,보통,['닭 1/2마리'],37
파프리카향의쁘띠첼샐러드,"['나물', '생채', '샐러드']",서양,반찬,어려움,"['쁘띠첼 2개', '파프리카(주황색) 1개', '샐러드(치커리', '적채', '허브 등) 50g']",72
그릴드쉬림프,['양식'],서양,메인요리,어려움,"['새우 10마리', '밥 1공기']",74
생선뮈니에르,['양식'],서양,메인요리,보통,"['가자미 1마리', '후춧가루 약간']",48
생선버터구이,['양식'],서양,메인요리,보통,['생선(흰살) 600g'],41
스페니쉬오믈렛,['양식'],서양,메인요리,보통,['계란 5개'],52
안심스테이크,['양식'],서양,메인요리,보통,['쇠고기(스테이크용안심) 2쪽'],53
찹스테이크,['양식'],서양,메인요리,어려움,['안심(스테이크용) 180g'],72
감자샐러드,"['도시락', '간식']",서양,반찬,보통,['감자 2개'],44
김치핫도그,"['도시락', '간식']",서양,간식,어려움,"['배추김치 50g', '핫도그빵 2개']",64
밤베이컨말이,"['도시락', '간식']",서양,반찬,보통,"['밤 40개', '베이컨 20조각']",45
스카치에그,"['도시락', '간식']",서양,반찬,어려움,"['쇠고기(늑간살) 100g', '돼지고기 100g']",67
오믈렛도시락,"['도시락', '간식']",서양,메인요리,어려움,"['밥 2공기', '계란 4개']",61
요거트젤리,"['도시락', '간식']",서양,간식,보통,['플레인요구르트 1개'],40
초코넛트바,"['도시락', '간식']",서양,간식,보통,"['초콜릿 100g', '생크림 1/4컵']",57
초코비스코티,"['도시락', '간식']",서양,간식,어려움,"['버터 50g', '밀가루(박력분) 120g']",74
치즈스틱,"['도시락', '간식']",서양,간식,어려움,"['밀가루 1컵', '버터 80g', '체다슬라이스치즈 100g']",61
크림치즈&키위,"['도시락', '간식']",서양,간식,보통,"['키위 4개', '크림치즈 150g']",50
과일젤리,['후식'],서양,간식,보통,"['수박 200g', '오렌지 1개', '키위 2개']",50
바닐라아이스크림,['후식'],서양,간식,보통,"['우유 250g', '생크림 150g', '계란노른자 4개']",51
발렌타인초콜릿,['후식'],서양,간식,보통,['판초콜릿 144g'],50
배머랭,['후식'],서양,간식,보통,"['배 1개', '계란흰자 2개']",45
수박카나페,['후식'],서양,간식,보통,['수박 250g'],41
애플스튜,['후식'],서양,간식,보통,['사과 1개'],45
옥수수아이스크림,['후식'],서양,간식,보통,"['우유 250g', '생크림 150g', '옥수수가루 30g']",54
요구르트푸딩,['후식'],서양,간식,보통,"['플레인요구르트 2개', '계란노른자 2개', '옥수수전분 15g']",58
초코프루츠,['후식'],서양,간식,보통,"['딸기 8개', '미니바나나 8개', '초콜릿 150g']",51
초콜릿아이스크림,['후식'],서양,간식,보통,"['우유 250g', '생크림 150g', '초콜릿 120g']",56
트러플쉘,['후식'],서양,간식,어려움,"['버터 40g', '생크림 100g', '밀크초콜릿 200g', '럼주 30g']",69
홍초젤리,['후식'],서양,간식,보통,"['생수 500g', '발효초 150g']",47
포도잼,['양념장'],서양,반찬,보통,['포도알 400g'],40
프렌치드레싱,['양념장'],서양,반찬,보통,"['샐러드오일 4큰술', '식초 2큰술']",45
가토쇼콜라,"['빵', '과자']",서양,간식,어려움,['다크초콜릿(커버쳐) 100g'],66
감자타르트,"['빵', '과자']",서양,간식,보통,['감자 250g'],53
건포도럼코코아초콜릿,"['빵', '과자']",서양,간식,보통,"['초콜릿 200g', '건포도 20g']",54
건포도스콘,"['빵', '과자']",서양,간식,어려움,"['밀가루(박력분) 450g', '버터 180g', '우유 135g']",64
건포도초콜릿볼,"['빵', '과자']",서양,간식,보통,"['밀크초콜릿 165g', '생크림 70g', '깔루아 약간']",57
계피설탕빵,"['빵', '과자']",서양,간식,어려움,"['밀가루(강력분) 300g', '드라이이스트 6g', '설탕 50g', '소금 3g', '물 135g', '계란 1개', '버터 45g']",82
고구마케이크,"['빵', '과자']",서양,간식,어려움,"['고구마 800g', '생크림 400g', '박력분 250cc']",70
고구마파이,"['빵', '과자']",서양,간식,어려움,"['밀가루(강력분) 416g', '무염버터 32g', '소금 6g', '드라이이스트 9g', '버터(충전용) 250g', '물 120g']",85
곰돌이몰드초콜릿,"['빵', '과자']",서양,간식,보통,"['다크초콜릿(커버쳐) 100g', '화이트초콜릿(커버쳐) 100g']",50
과일카스테라,"['빵', '과자']",서양,간식,보통,['카스테라 2쪽'],50
과일타르트,"['빵', '과자']",서양,간식,어려움,"['[타르트반죽]박력분 250g', '버터 150g', '계란 25g', '분당 100g', '[필링반죽]버터 100g', '설탕 100g', '계란 100g', '아몬드분말 50g', '박력분 25g']",107
과일프리터,"['빵', '과자']",서양,간식,어려움,"['사과 1/2개', '복숭아(통조림) 1/4개', '옥수수 1/4컵']",64
깨빵,"['빵', '과자']",서양,간식,어려움,"['밀가루(강력분) 300g', '드라이이스트 6g', '설탕 36g', '소금 5g', '물(미지근한) 190g', '버터 18g', '검은깨 10g']",72
넛트핫케이크,"['빵', '과자']",서양,간식,보통,['핫케이크가루 250g'],55
노엘케이크(집모양케이크),"['빵', '과자']",서양,간식,어려움,"['박력분 100g', '코코아 23g']",67
녹차머핀,"['빵', '과자']",서양,간식,어려움,"['밀가루(박력분) 125g', '베이킹파우더 1/2작은술', '베이킹소다 1/2작은술', '녹차가루 1큰술', '버터 70g', '설탕 80g', '바닐라향 약간']",77
녹차쉬폰케이크,"['빵', '과자']",서양,간식,어려움,"['계란 10개', '식용유 225g', '설탕ⓑ 290g', '소금 7g', '럼주 30g', '밀가루(박력분) 500g', '베이킹파우더 8g', '녹차가루 20g', '설탕ⓐ 375g', '주석산 2g']",97
당근케이크,"['빵', '과자']",서양,간식,어려움,"['당근 1개', '밀가루(박력분) 2컵', '베이킹파우더 1작은술', '계란 2개', '계핏가루 1/3작은술', '설탕 1/2컵', '버터 약간', '베이킹소다 1작은술', '식용유 20g']",98
데쎄르,"['빵', '과자']",서양,간식,어려움,"['우유 500ml', '계란노른자 4개', '설탕 100g', '바닐라에센스 약간']",62
덴마크식치즈케이크,"['빵', '과자']",서양,간식,어려움,"['크림치즈 400g', '밀가루 1과1/2큰술']",60
딸기 샌드쿠키,"['빵', '과자']",서양,간식,보통,['박력분 25g'],53
딸기생크림케이크,"['빵', '과자']",서양,간식,어려움,"['계란 4개', '박력분 120g', '딸기 적당량', '생크림 800g']",75
딸기생크림케이크,"['빵', '과자']",서양,간식,어려움,"['딸기 200g', '[케이크시트]계란 2개', '설탕 50g', '밀가루(박력분) 60g', '옥수수 전분 3g', '바닐라오일 약간', '버터 15g', '우유 15g']",92
딸기와아몬드추이르,"['빵', '과자']",서양,간식,보통,"['박력분 25g', '아몬드가루 25g', '딸기 적당량']",57
땅콩버터쿠키,"['빵', '과자']",서양,간식,어려움,"['밀가루 1컵', '땅콩버터 1/2컵']",60
레몬수플레,"['빵', '과자']",서양,간식,보통,"['레몬 4개', '밀가루(박력분) 50g']",58
레이즌가나슈초코타르트,"['빵', '과자']",서양,간식,어려움,['[타르트지] 밀가루(박력분) 100g'],76
레이즌애플파이,"['빵', '과자']",서양,간식,보통,['사과 3개'],53
레이즌컵케이크,"['빵', '과자']",서양,간식,어려움,"['[머핀] 버터 70g', '밀가루(박력분) 120g', '생크림 3큰술', '럼레이즌 60g']",87
마들렌,"['빵', '과자']",서양,간식,어려움,"['밀가루(박력분) 200g', '설탕 200g', '계란 200g', '버터 200g', '소금 1/3작은술', '베이킹파우터 1작은술']",67
머랭쿠키,"['빵', '과자']",서양,간식,보통,['계란흰자 2개'],42
메뉴판생크림케이크,"['빵', '과자']",서양,간식,어려움,['밀가루(박력분) 200g'],61
모닝빵,"['빵', '과자']",서양,간식,어려움,"['밀가루(강력분) 250g', '설탕 37g', '분유 8g', '소금 4g', '계란 1과1/2개', '우유 60g', '물 60g', '생이스트 8g', '버터 30g']",88
모카케이크,"['빵', '과자']",서양,간식,어려움,"['밀가루 100g', '설탕 150g', '계란 4개', '버터 220g', '바닐라에센스 약간', '물 40g', '커피에센스 3g', '계란노른자 2개']",98
미니고구마케이크,"['빵', '과자']",서양,간식,보통,"['카스텔라 250g', '고구마 800g']",52
미니초콜릿케이크,"['빵', '과자']",서양,간식,어려움,"['박력분(박력분) 200g', '버터 150g', '코코아가루 20g']",65
바나나초코카스텔라롤,"['빵', '과자']",서양,간식,보통,"['바나나 1개', '초콜릿 50g', '카스텔라 120g']",53
바나나컵케이크,"['빵', '과자']",서양,간식,보통,"['버터 90g', '계란 1개', '바나나 4개', '박력분 80g']",56
밤식빵,"['빵', '과자']",서양,간식,어려움,"['밀가루(강력분) 240g', '밀가루(중력분) 15g', '버터 60g', '밤통조림 30g', '밀가루(중력분', '토핑) 15g']",89
버터링쿠키,"['빵', '과자']",서양,간식,어려움,"['밀가루(박력분) 200g', '버터 150g', '설탕 80g']",63
베이비슈크림,"['빵', '과자']",서양,간식,어려움,"['밀가루(박력분) 150g', '버터 100g', '계란 6개', '우유 125g', '물 125g', '설탕 7g', '소금 3g']",90
브라우니치즈케이크,"['빵', '과자']",서양,간식,어려움,['[브라우니 재료] 다크초콜릿 50g'],90
블루베리케이크,"['빵', '과자']",서양,간식,어려움,['박력분 90g'],62
쁘띠파운드케이크,"['빵', '과자']",서양,간식,어려움,"['밀가루(박력분) 140g', '베이킹파우더 1작은술', '버터 150g', '설탕 120g', '계란 3개', '바닐라향 약간']",68
사과케이크,"['빵', '과자']",서양,간식,보통,"['밀가루 250g', '사과(홍옥) 5개']",56
사과타르트풍핫케이크,"['빵', '과자']",서양,간식,보통,"['사과 1개', '핫케이크가루 200g']",59
쉬퐁케이크,"['빵', '과자']",서양,간식,어려움,['중력분 150g'],69
식빵,"['빵', '과자']",서양,간식,어려움,"['강력분 300g', '드라이이스트 6g']",65
아마렛띠,"['빵', '과자']",서양,간식,보통,"['아몬드(갈은것) 88g', '호두(갈은것) 29g']",48
아이스크림와플,"['빵', '과자']",서양,간식,어려움,"['밀가루(박력분) 120g', '우유 100g', '시판용아이스크림 2~3스쿱', '바나나(썰은 것) 1개']",67
아이싱쿠키,"['빵', '과자']",서양,간식,어려움,"['박력분 405g', '아몬드분말 80g']",64
애플크레이프,"['빵', '과자']",서양,간식,보통,['사과 2개'],56
오렌지건포도빵,"['빵', '과자']",서양,간식,어려움,"['강력분 300g', '드라이이스트 6g', '설탕 30g']",79
오렌지아몬드트일,"['빵', '과자']",서양,간식,보통,"['밀가루(박력분) 100g', '아몬드슬라이스(슬라이스한것) 180g', '오렌지시럽 1큰술']",56
오렌지크레이프,"['빵', '과자']",서양,간식,보통,['밀가루(박력분) 100g'],44
전기밥솥케이크,"['빵', '과자']",서양,간식,어려움,"['계란 4개', '밀가루(박력분) 3/4컵', '설탕 1/2컵']",64
초코버터쿠키,"['빵', '과자']",서양,간식,어려움,['밀가루 200g'],62
초코칩쿠키,"['빵', '과자']",서양,간식,보통,"['밀가루(박력분) 180g', '버터 80g', '초콜릿 80g']",59
초코칩쿠키,"['빵', '과자']",서양,간식,보통,"['박력분 180g', '초콜릿 80g']",59
초코크리스피,"['빵', '과자']",서양,간식,보통,"['씨리얼 120g', '초콜릿 150g']",51
초콜릿무스,"['빵', '과자']",서양,간식,어려움,"['초콜릿 100g', '생크림 150cc']",61
초콜릿케이크,"['빵', '과자']",서양,간식,보통,"['밀가루 35g', '코코아 15g', '초콜릿 150g']",57
초콜릿케이크,"['빵', '과자']",서양,간식,어려움,"['코코아 160g', '밀가루 80g']",72
쵸코생크림케이크,"['빵', '과자']",서양,간식,어려움,"['박력분 125g', '쵸코렛 75g']",69
치즈케이크,"['빵', '과자']",서양,간식,어려움,"['크림치즈 250g', '박력분 60g']",69
카스테라,"['빵', '과자']",서양,간식,어려움,"['박력분 192g', '계란 6개']",64
커스터드푸딩,"['빵', '과자']",서양,간식,보통,"['계란 3개', '설탕 90g', '우유 2컵']",55
커피머핀,"['빵', '과자']",서양,간식,보통,"['박력분 400g', '커피 5g']",57
쿠키카드,"['빵', '과자']",서양,간식,어려움,['박력분 300g'],61
크리스마스케이크,"['빵', '과자']",서양,간식,어려움,"['밀가루(박력분) 500g', '계란 900g', '생크림 적당량']",74
크림치즈팬케이크,"['빵', '과자']",서양,간식,보통,"['밀가루 75g', '크림치즈 150g']",56
클래식 쇼콜라,"['빵', '과자']",서양,간식,어려움,"['다크초콜릿 80g', '생크림 68g', '강력분 12g', '박력분 12g', '코코아 48g']",80
키세스초코땅콩쿠키,"['빵', '과자']",서양,간식,어려움,"['다진아몬드(혹은 땅콩) 40g', '키세스초콜릿 20개']",74
팥앙금빵,"['빵', '과자']",서양,간식,어려움,"['강력분 250g', '팥앙금 300g', '삶은밤 2톨']",80
프라이팬넛트쿠키,"['빵', '과자']",서양,간식,어려움,"['박력분 200g', '땅콩 1큰술', '호두 1알', '분설탕 적당량']",74
프럼케이크,"['빵', '과자']",서양,간식,어려움,"['밀가루 1컵', '설탕에절인과일(설탕에절인것) 50g', '브랜디 1과1/2큰술']",68
요구르트젤리,['음료'],서양,간식,보통,"['우유 200g', '플레인요구르트 100g']",46
카푸치노,['음료'],서양,간식,보통,"['카페에스프레소 2샷', '우유 2와1/2컵']",44
게살소스스파게티,"['만두', '면류']",서양,메인요리,보통,"['스파게티 70g', '게살소스 150ml']",59
매운토마토소스펜네,"['만두', '면류']",서양,메인요리,보통,"['펜네 400g', '토마토 1개']",48
빕앤터커파스타,"['만두', '면류']",서양,메인요리,어려움,['스파게티 50g'],74
뽀모도로 토마토파스타,"['만두', '면류']",서양,메인요리,보통,"['토마토홀 450g', '스파게티 80g']",48
시칠리아식 파스타,"['만두', '면류']",서양,메인요리,어려움,['가지 3개'],68
정통 나폴리 까르보나라,"['만두', '면류']",서양,메인요리,보통,"['페델리니 60g', '베이컨 20g']",48
감자양파그라탕,"['그라탕', '리조또']",서양,메인요리,보통,"['감자 2개', '양파 1개', '베이컨 4장']",56
닭고기콘그라탕,"['그라탕', '리조또']",서양,메인요리,보통,['닭고기(가슴살) 200g'],47
브로콜리치즈구이,"['그라탕', '리조또']",서양,반찬,보통,"['브로콜리 200g', '새우(중간것) 150g', '치즈 100g']",54
송편라비올리그라탕,"['그라탕', '리조또']",서양,메인요리,보통,['송편 10개'],50
감자햄버거,"['샌드위치', '햄버거']",서양,간식,어려움,"['감자 4개', '쇠고기(안심) 200g', '레몬즙 약간']",61
레이즌랩샌드위치,"['샌드위치', '햄버거']",서양,간식,어려움,['닭가슴살 2개'],64
미니햄버거,"['샌드위치', '햄버거']",서양,간식,어려움,"['모닝빵 8개', '쇠고기(우둔) 100g', '돼지고기(안심) 50g', '양파 1/8개', '샐러리 1/8대', '계란노른자 1/2개', '빵가루 1큰술', '밀가루 1큰술', '소금 약간']",92
바게트샌드위치,"['샌드위치', '햄버거']",서양,간식,보통,['바게트 1통'],53
치킨랩샌드위치,"['샌드위치', '햄버거']",서양,간식,어려움,"['밀가루(강력분) 100g', '우유 230ml', '닭고기(안심) 250g']",76
크로아상샌드위치,"['샌드위치', '햄버거']",서양,간식,보통,['미니크로아상 4개'],47
타코샌드위치,"['샌드위치', '햄버거']",서양,간식,어려움,"['밀가루(중력분) 1컵', '토마토 1개', '베이컨 4장', '양상추 10장']",74
프랜치토스트샌드위치,"['샌드위치', '햄버거']",서양,간식,보통,"['식빵 4쪽', '햄 2장', '치즈 2장']",55
핫샌드위치,"['샌드위치', '햄버거']",서양,간식,어려움,"['크로와상 2개', '흰살생선 50g']",62
디저트피자,['피자'],서양,간식,어려움,['강력분 200g'],62
미니피자,['피자'],서양,간식,어려움,"['밀가루(강력분) 150g', '이스트', '설탕', '소금 1작은술씩', '우유 2큰술', '물(미온수) 1/3컵', '버터 25g', '식용유 1큰술', '올리브 4개']",87
컴비네이션피자,['피자'],서양,간식,어려움,"['밀가루(강력분) 1컵', '소시지 30g', '햄 40g', '양송이 3개', '피자치즈(피자용) 150g']",79
토스트피자,['피자'],서양,간식,어려움,"['식빵 4쪽', '피자치즈 20g']",64
덴마크식오믈렛,['볶음'],서양,메인요리,보통,"['계란 2개', '우유 1/4컵']",46
두부오믈렛,['볶음'],서양,메인요리,보통,"['계란 2개', '두부 1/3모', '우유 2작은술']",56
바비큐폭찹,['볶음'],서양,메인요리,보통,['돼지고기(등심) 300g'],50
비프스트로가노프,['볶음'],서양,메인요리,어려움,"['쇠고기(안심) 300g', '밥 1공기']",68
아스파라거스새우볶음,['볶음'],서양,메인요리,보통,"['아스파라거스 100g', '새우 200g']",41
와인소스미트볼,['볶음'],서양,메인요리,보통,"['다진쇠고기(우둔) 150g', '다진돼지고기(목살) 100g']",58
퓨전찹스테이크,['볶음'],서양,메인요리,어려움,"['피망 1개', '양송이 80g', '양파 1/2개', '쇠고기 300g', '쇠고기(안심) 300g']",66
계란돈부리,"['밥', '죽', '스프']",일본,메인요리,보통,"['밥 4공기', '계란 3개']",57
깻잎마끼,"['밥', '죽', '스프']",일본,메인요리,보통,"['밥 2공기', '깻잎 10장']",51
돈부리,"['밥', '죽', '스프']",일본,메인요리,보통,"['밥 2공기', '쇠고기(등심) 60g']",54
모듬초밥,"['밥', '죽', '스프']",일본,메인요리,어려움,"['쌀 3컵', '참치 150g', '오징어 150g', '문어 100g', '새우 8마리']",67
무지개초밥,"['밥', '죽', '스프']",일본,메인요리,어려움,"['참치 30g', '초새우 4마리', '고등어 50g', '연어 50g', '김 2장', '초밥 200g']",68
문전초밥,"['밥', '죽', '스프']",일본,메인요리,보통,"['김 1장', '계란 1개', '오보로 약간', '밥 1그릇']",57
복주머니초밥,"['밥', '죽', '스프']",일본,메인요리,어려움,"['초밥 200g', '초새우 4마리']",67
삼색태극말이초밥,"['밥', '죽', '스프']",일본,메인요리,보통,"['김 5장', '밥 1공기']",48
새우초밥,"['밥', '죽', '스프']",일본,메인요리,보통,"['쌀 3컵', '새우(초밥용) 40마리', '고추냉이 약간']",58
세공초밥,"['밥', '죽', '스프']",일본,메인요리,보통,"['김 1장', '밥 1그릇']",45
치라시스시,"['밥', '죽', '스프']",일본,메인요리,어려움,"['참치 50g', '광어(광어살) 50g', '오징어 50g', '도미(도미살) 50g', '새우(초밥용) 4마리', '문어 50g', '밥 2공기']",78
캘리포니아롤,"['밥', '죽', '스프']",일본,메인요리,어려움,"['김 1장', '밥 1그릇']",70
캘리포니아롤,"['밥', '죽', '스프']",일본,메인요리,어려움,"['김 2장', '밥 2공기']",61
현미초밥,"['밥', '죽', '스프']",일본,메인요리,어려움,"['흰쌀 1과1/2컵', '현미 1/2컵', '다시마 1쪽', '표고버섯 4장']",68
회덮밥,"['밥', '죽', '스프']",일본,메인요리,보통,"['생선(흰살) 300g', '밥 2공기']",45
닭꼬치구이,['조림'],일본,메인요리,보통,['닭고기(안심) 200g'],38
돈까스,"['튀김', '커틀릿']",일본,메인요리,어려움,['돼기고기(안심) 400g'],71
게살과 소바 샐러드,"['나물', '생채', '샐러드']",일본,반찬,어려움,"['메밀국수 50g', '게살 20g']",70
생선다대기회,"['나물', '생채', '샐러드']",일본,메인요리,보통,['생선 600g'],47
스팀보트,['양식'],일본,메인요리,어려움,"['쇠고기 약간', '닭고기 약간', '오징어 약간', '새우 약간', '조개 약간', '팽이버섯 약간', '느타리버섯 약간', '표고버섯 약간', '시금치 약간', '배추 약간']",86
국수계란말이,"['만두', '면류']",일본,메인요리,보통,"['계란 4개', '국수 100g']",54
모밀국수,"['만두', '면류']",일본,메인요리,보통,['모밀국수 400g'],48
새우튀김우동,"['만두', '면류']",일본,메인요리,어려움,"['우동사리 250g', '새우 6마리', '쑥갓 약간']",61
장어소면,"['만두', '면류']",일본,메인요리,보통,"['소면 100g', '장어 50g']",54
정통일본식우동,"['만두', '면류']",일본,메인요리,어려움,"['중력분 500g', '가쓰오브시 60g']",73
스끼야끼,"['찌개', '전골', '스튜']",일본,메인요리,어려움,"['쇠고기(안심) 200g', '배추 100g']",74
어묵냄비,"['찌개', '전골', '스튜']",일본,반찬,어려움,"['어묵 1봉지', '유부 4~5개', '무 1/4쪽']",69
오코노미야키,['부침'],일본,메인요리,어려움,"['밀가루 3컵', '다시물 2컵', '계란 2개']",65
치킨데리야끼,['볶음'],일본,메인요리,어려움,['닭(가슴살) 500g'],60
누룽지탕,"['밥', '죽', '스프']",중국,반찬,어려움,"['누룽지 3조각', '표고버섯 2장', '죽순 30g', '새우 100g']",73
새우볶음밥,"['밥', '죽', '스프']",중국,메인요리,어려움,"['건포도 30g', '칵테일새우 100g', '양파 1/2개', '찬밥 2공기']",62
잡채밥,"['밥', '죽', '스프']",중국,메인요리,어려움,"['당면 50g', '돼지고기 100g', '표고버섯 1장', '부추 30g']",61
잡탕밥,"['밥', '죽', '스프']",중국,메인요리,보통,"['해삼 2마리', '새우 50g', '오징어 1/2마리', '홍합 50g']",56
중국식볶음밥,"['밥', '죽', '스프']",중국,메인요리,어려움,"['밥 800g', '계란 2개', '돼지고기(안심) 200g']",66
짬뽕해물탕밥,"['밥', '죽', '스프']",중국,메인요리,어려움,"['밥 2그릇', '돼기고기 150g', '오징어 1/2마리', '조개살 100g', '홍합 200g']",74
해물별미밥,"['밥', '죽', '스프']",중국,메인요리,어려움,"['쌀 2컵', '갑오징어 1마리', '새우 8마리', '소라 1개']",71
짜사이콩나물국,['국'],중국,메인요리,보통,"['짜사이 150g', '돼지고기 300g', '콩나물 50g']",50
오향장육,['조림'],중국,메인요리,보통,['돼지고기(사태) 300g'],45
군만두,['구이'],중국,간식,보통,"['돼기고기(우둔) 300g', '밀가루 2와1/2컵']",50
깐풍기,"['튀김', '커틀릿']",중국,메인요리,어려움,['닭고기(다리살) 1마리'],71
깐풍새우,"['튀김', '커틀릿']",중국,메인요리,어려움,['새우 12마리'],72
레몬치킨,"['튀김', '커틀릿']",중국,메인요리,보통,['닭안심(안심) 300g'],51
쇠고기탕수,"['튀김', '커틀릿']",중국,메인요리,보통,['쇠고기(홍두깨살) 1근'],55
오징어탕수,"['튀김', '커틀릿']",중국,메인요리,어려움,"['오징어 1마리', '계란 1개', '녹말 1컵', '옥수수 3큰술']",75
왕새우칠리소스,"['튀김', '커틀릿']",중국,메인요리,보통,['새우(대하) 6마리'],53
콘소스탕수육,"['튀김', '커틀릿']",중국,메인요리,보통,['돼지고기(등심) 400g'],59
탕수육,"['튀김', '커틀릿']",중국,메인요리,어려움,"['홍피망 1개', '돼지고기(안심) 300g', '녹말 1큰술']",65
파인애플탕수육,"['튀김', '커틀릿']",중국,메인요리,어려움,['돼지고기 200g'],65
김치채소볶음,"['밑반찬', '김치']",중국,반찬,어려움,"['배추김치 1/8포기', '돼지고기(안심) 80g', '죽순 50g', '양송이버섯 2개']",70
기스면,"['만두', '면류']",중국,메인요리,보통,"['닭다리 150g', '물 10컵', '소면 400g', '중국부추 50g']",57
꽃만두국(완당국),"['만두', '면류']",중국,메인요리,어려움,"['밀가루 2컵', '쇠고기(우둔) 200g', '배추 200g']",65
딤섬,"['만두', '면류']",중국,간식,보통,"['돼지고기(또는 쇠고기', '닭고기) 250g', '새우 15마리']",58
울만두,"['만두', '면류']",중국,간식,어려움,"['시판용 손만두 4개', '칵테일새우 10마리', '갑오징어새끼 2마리']",66
자장면,"['만두', '면류']",중국,메인요리,보통,"['국수(생면) 400g', '자장 2큰술']",51
해물누룽지탕,"['찌개', '전골', '스튜']",중국,메인요리,어려움,"['누룽지 8조각', '오징어 1/2마리', '새우 8마리']",72
두반장해물볶음,['볶음'],중국,메인요리,어려움,"['불린해삼 2개', '홍합 80g', '칵테일새우 10마리', '소라 3개', '오징어 1마리', '돼지고기 50g', '고추기름 약간']",80
마파두부,['볶음'],중국,메인요리,어려움,"['두부 1모', '다진돼지고기(안심) 50g', '녹말 1큰술', '물 1큰술']",61
부추표고버섯볶음,['볶음'],중국,반찬,보통,"['부추 1단', '표고버섯 4장']",46
죽순표고버섯볶음나물,['볶음'],중국,반찬,보통,"['죽순 2개', '표고버섯 8장']",46
중국식연두부,['볶음'],중국,메인요리,보통,['연두부 400g'],53
중국식오징어볶음,['볶음'],중국,메인요리,보통,['오징어 2마리'],44
칠리새우,['볶음'],중국,반찬,보통,"['대하 10마리', '청피망 1/2개', '홍피망 1/2개']",58
피망잡채,['볶음'],중국,반찬,어려움,"['피망 4개', '쇠고기(잡채용) 200g', '표고버섯 3장']",60
지중해식볶음밥,"['밥', '죽', '스프']",동남아시아,메인요리,보통,"['쌀 2컵', '바지락 200g']",52
톰얌꿍,"['밥', '죽', '스프']",동남아시아,메인요리,어려움,"['새우 5마리', '타마린드 1/2큰술', '피쉬소스 2큰술', '칠리페이스트 1/2큰술', '생라임즙 1과1/2큰술']",64
쌀전병냉채,"['나물', '생채', '샐러드']",동남아시아,반찬,어려움,"['라이스페이퍼 10장', '깻잎 10장', '햄 100g', '오이 1개', '계란 2개', '표고버섯 5장']",76
월남쌈,"['나물', '생채', '샐러드']",동남아시아,메인요리,어려움,"['라이스페이퍼 8장', '쌀국수 50g', '오징어 1/2마리']",67
해물팟타이,"['만두', '면류']",동남아시아,메인요리,어려움,"['쌀국수 100g', '오징어 1마리', '새우 10마리', '숙주 30g']",67
단호박주뻬따,"['밥', '죽', '스프']",이탈리아,메인요리,어려움,"['[주뻬따] 단호박 50g', '생크림 50g']",86
닭가슴살 샤프란 리조또,"['밥', '죽', '스프']",이탈리아,메인요리,보통,"['닭가슴살 50g', '샤프론 리조또 100g']",51
버섯 크림 리조또,"['밥', '죽', '스프']",이탈리아,메인요리,보통,"['버섯 리조또 80~90g', '닭가슴살 50g', '양송이버섯 1개']",55
자색고구마수프,"['밥', '죽', '스프']",이탈리아,반찬,어려움,"['자색고구마 500g', '우유 500ml', '생크림 200ml']",74
감자로싼도미스테이크,['구이'],이탈리아,메인요리,보통,"['도미살 150g', '감자 1개']",48
빈스크림왕새우,['구이'],이탈리아,메인요리,어려움,"['흰살생선 80g', '왕새우 2마리']",62
바지락와인찜,['찜'],이탈리아,메인요리,보통,"['바지락 1kg', '화이트와인 250cc']",47
닭가슴살과토마토양파소스,"['나물', '생채', '샐러드']",이탈리아,반찬,보통,"['닭가슴살 1개', '검은올리브(다진것) 2개']",59
시칠리아식카포나타,"['나물', '생채', '샐러드']",이탈리아,반찬,어려움,"['가지 1개', '샐러리 100g', '양파 50g', '토마토 1개', '케이퍼 20g']",87
카프레제,"['나물', '생채', '샐러드']",이탈리아,반찬,보통,"['토마토 2개', '후레쉬모짜렐라치즈 1개']",48
해산물샐러드,"['나물', '생채', '샐러드']",이탈리아,반찬,어려움,"['삶은 문어살 80g', '갑오징어 80g', '꼴뚜기 80g', '중새우살 6개', '쭈꾸미 4개', '참소라살 60g', '모시조개 10개', '가리비 2개', '검은껍질홍합 10개', '가재새우 2개']",99
스파게티카레미트소스,['양식'],이탈리아,메인요리,어려움,"['카레 40g', '다진쇠고기 200g', '양송이 50g', '스파게티 300g']",71
홍합 봉골레 페투치니 알리올리,['양식'],이탈리아,메인요리,어려움,"['페투치니 40g', '오징어 30g', '새우(중하) 2마리', '홍합 3개', '중합 2개']",62
생크림무스,['후식'],이탈리아,간식,보통,['생크림 170g'],41
라비올리,"['만두', '면류']",이탈리아,반찬,어려움,"['흰살생선 50g', '양송이버섯 4개', '닭고기(가슴살) 50g', '만두피 10장']",61
리본모양파스타,"['만두', '면류']",이탈리아,메인요리,어려움,"['파스타(파르팔레) 120g', '토마토 2개', '쇠고기 80g', '토마토주스 1컵']",63
버섯크림스파게티,"['만두', '면류']",이탈리아,메인요리,어려움,"['스파게티 110g', '양송이버섯 50g', '새송이버섯 1개']",70
시금치라비올리,"['만두', '면류']",이탈리아,메인요리,보통,"['만두피 40장', '시금치 100g', '계란노른자 2개']",56
아마뜨리치아나스파게티,"['만두', '면류']",이탈리아,메인요리,어려움,"['스파게티 160g', '구안찰레 40g', '판체타 약간']",62
알리오올리오 스파게티,"['만두', '면류']",이탈리아,메인요리,어려움,"['올리브오일 40g', '다진 양파 20g', '스파게티 100g']",68
오징어먹물 파스타,"['만두', '면류']",이탈리아,메인요리,보통,"['스파게티니 40g', '갑오징어 20g']",54
오징어먹물스파게티,"['만두', '면류']",이탈리아,메인요리,보통,"['오징어 50g', '스파게티 70g', '오징어먹물 2g']",50
카펠리니 버섯 크림파스타,"['만두', '면류']",이탈리아,메인요리,보통,"['카펠리니 40g', '양송이 2개', '표고버섯 1개']",56
크림소스파스타,"['만두', '면류']",이탈리아,메인요리,보통,"['파스타 200g', '생크림 1과1/2컵', '우유 1/2컵']",54
토마토미트소스파스타,"['만두', '면류']",이탈리아,메인요리,어려움,"['다진쇠고기(안심) 200g', '토마토주스 2컵', '펜네파스타 150g']",61
푸타네스카스파게티,"['만두', '면류']",이탈리아,메인요리,어려움,"['스파게티 80g', '올리브오일 30g', '엔쵸비 1조각', '케이퍼 10g']",94
라자니아,"['그라탕', '리조또']",이탈리아,메인요리,어려움,"['밀가루 1컵', '쇠고기 80g', '양송이 3개', '샐러리 1/2대']",70
리조또,"['그라탕', '리조또']",이탈리아,메인요리,보통,['쌀 1컵'],48
새우도리아,"['그라탕', '리조또']",이탈리아,메인요리,어려움,"['새우(중하) 5마리', '밥 1공기']",64
시금치리조또,"['그라탕', '리조또']",이탈리아,메인요리,어려움,"['쌀 200g', '다진시금치 50g']",65
시금치크림리조또,"['그라탕', '리조또']",이탈리아,메인요리,어려움,"['쌀 120g', '휘핑크림 300g', '시금치 잎 100g']",75
파스타그라탕,"['그라탕', '리조또']",이탈리아,메인요리,보통,"['오징어(몸통) 1/2마리', '칵테일새우 10마리', '마카로니 80g']",55
고구마깔조네,['피자'],이탈리아,메인요리,어려움,"['피자반죽(개당 180g) 2개', '삶은고구마 100g']",63
디아볼로피자,['피자'],이탈리아,메인요리,어려움,"['강력분 200g', '생이스트 60g']",63
루꼴라 피자,['피자'],이탈리아,메인요리,어려움,['[도우] 밀가루(강력분) 375g'],87
마르게리따 피자,['피자'],이탈리아,메인요리,어려움,['[반죽] 밀가루(강력분) 375g'],81
모짜렐라깔조네,['피자'],이탈리아,메인요리,어려움,"['피자반죽(개당 180g) 2개', '모짜렐라치즈 80g']",67
토마토피자,['피자'],이탈리아,메인요리,어려움,"['강력분 150g', '토마토 2개']",66
잠발라야,"['밥', '죽', '스프']",멕시코,메인요리,어려움,"['돼지고기 200g', '토마토 2개', '쌀 1컵']",79
해물빠에야,"['밥', '죽', '스프']",멕시코,메인요리,보통,"['쌀(불린것) 1컵', '오징어 1/2마리', '새우 10마리', '모시조개 10개']",59
치킨케밥구이,['구이'],멕시코,메인요리,보통,['닭고기(다리살) 400g'],56
퀘사딜라,['양식'],멕시코,메인요리,보통,"['또띠아 2장', '모짜렐라치즈 200g']",55
비프케밥,"['샌드위치', '햄버거']",멕시코,간식,어려움,['쇠고기(불고기감) 150g'],61
치킨퀘사디아,"['샌드위치', '햄버거']",멕시코,간식,어려움,"['또띠아 4장', '닭고기(다리) 300g', '양파 1/2개', '양송이 3개']",72
과일주먹밥,"['밥', '죽', '스프']",퓨전,메인요리,보통,"['밥 2공기', '딸기 5개', '키위 1/2개', '흑임자 약간']",58
떡김밥,"['밥', '죽', '스프']",퓨전,메인요리,어려움,['멥쌀 250g'],69
롤캐비지라이스,"['밥', '죽', '스프']",퓨전,메인요리,보통,"['양배추 8장', '쇠고기(사태) 100g', '밥 2공기']",56
쌈장오므라이스,"['밥', '죽', '스프']",퓨전,메인요리,어려움,"['계란 2개반', '찬밥 2공기']",64
연어초밥,"['밥', '죽', '스프']",퓨전,메인요리,보통,"['밥 2공기', '훈제연어 1/2팩']",51
오곡밥에그,"['밥', '죽', '스프']",퓨전,메인요리,보통,"['오곡밥 1공기', '계란 3개']",51
옥수수볶음밥,"['밥', '죽', '스프']",퓨전,메인요리,보통,"['밥 3공기', '옥수수통조림 300g']",50
팔보라면,"['밥', '죽', '스프']",퓨전,메인요리,어려움,"['해삼 1마리', '갑오징어 1/2마리', '라면 1개']",65
필라델피아롤,"['밥', '죽', '스프']",퓨전,메인요리,보통,['아보카도 1/2개'],55
Rock’N Roll,"['밥', '죽', '스프']",퓨전,메인요리,어려움,['아보카도 1/2개'],61
닭안심채소말이,['조림'],퓨전,메인요리,보통,['닭고기(안심) 3쪽'],49
베이컨마늘조림,['조림'],퓨전,메인요리,보통,"['베이컨 12장', '마늘 36톨']",42
갈치카레구이,['구이'],퓨전,메인요리,보통,['갈치 1마리'],44
닭봉오븐구이,['구이'],퓨전,메인요리,보통,['닭봉 12개'],45
떡치즈구이,['구이'],퓨전,메인요리,보통,['가래떡 1개'],45
롤치킨,['구이'],퓨전,메인요리,보통,['닭가슴살 250g'],47
베이컨꼬치구이,['구이'],퓨전,메인요리,보통,['베이컨 15장'],55
삼겹살치즈구이,['구이'],퓨전,메인요리,보통,"['돼지고기(삼겹살) 200g', '모짜렐라치즈 50g']",57
패주베이컨말이구이,['구이'],퓨전,메인요리,보통,"['베이컨 8개', '패주 8개']",46
해물떡꼬치,['구이'],퓨전,간식,보통,"['오징어 1마리', '새우 50g', '가래떡 50g']",48
건포도완자탕수,"['튀김', '커틀릿']",퓨전,반찬,어려움,"['다진건포도 2큰술', '다진쇠고기 140g', '다진돼지고기 140g', '다진양파 2큰술', '다진샐러리 2큰술', '간장 2작은술', '굴소스/설탕 1작은술씩', '다진파/다진마늘 2작은술씩', '계란물 약간']",86
고등어강정,"['튀김', '커틀릿']",퓨전,반찬,보통,['고등어 1마리'],52
고추장닭강정,"['튀김', '커틀릿']",퓨전,간식,어려움,['닭(안심) 500g'],62
김치어묵,"['튀김', '커틀릿']",퓨전,반찬,어려움,"['생선살 150g', '새우살 100g', '김치 50g']",68
닭고기명란튀김,"['튀김', '커틀릿']",퓨전,반찬,어려움,"['닭고기(가슴살) 200g', '명란젓 2개']",66
닭고기카레튀김,"['튀김', '커틀릿']",퓨전,반찬,보통,"['닭(안심) 100g', '콘플레이크 1컵', '카레가루 30g']",51
닭안심카레튀김,"['튀김', '커틀릿']",퓨전,반찬,보통,['닭안심 250g'],49
라면김말이튀김,"['튀김', '커틀릿']",퓨전,반찬,보통,"['김 2장', '라면 1개']",49
마늘팡세,"['튀김', '커틀릿']",퓨전,메인요리,보통,"['꽃게 2마리', '마늘 20알']",52
마요네즈새우,"['튀김', '커틀릿']",퓨전,메인요리,보통,['새우 10마리'],55
매운꽃게튀김,"['튀김', '커틀릿']",퓨전,메인요리,보통,['꽃게 2마리'],43
새우베이컨말이,"['튀김', '커틀릿']",퓨전,메인요리,어려움,"['새우(대하) 8개', '아스파라거스 8개', '베이컨 8줄']",69
새우볶음밥춘권피튀김,"['튀김', '커틀릿']",퓨전,메인요리,어려움,"['밥 2공기', '새우 100g', '계란 2개']",60
생선탕수,"['튀김', '커틀릿']",퓨전,반찬,보통,['동태살 300g'],52
양상추튀김,"['튀김', '커틀릿']",퓨전,반찬,어려움,"['양상추 10장', '말린표고버섯 200g', '부추 100g', '고구마(큰것) 1개']",69
왕새우당면프라이드,"['튀김', '커틀릿']",퓨전,반찬,보통,['대하 4마리'],55
치즈만두튀김,"['튀김', '커틀릿']",퓨전,간식,보통,"['모짜렐라치즈 50g', '깻잎 8장', '체다치즈 50g']",54
새우두부찜,['찜'],퓨전,메인요리,보통,"['두부 200g', '새우(중하) 5마리']",43
치킨갈란틴,['찜'],퓨전,반찬,보통,['닭 1/4마리'],53
콩국계란찜,['찜'],퓨전,반찬,어려움,"['메주콩 1컵', '계란 4개']",68
표고보트,['찜'],퓨전,메인요리,어려움,"['표고버섯 8개', '새우(중하) 4마리', '맛살 2개']",67
꽃만두피컵참치샐러드,"['나물', '생채', '샐러드']",퓨전,반찬,보통,"['스타키스트참치 1캔', '만두피 10장']",58
삼색나물월남쌈,"['나물', '생채', '샐러드']",퓨전,메인요리,어려움,"['시금치나물 100g', '도라지나물 100g', '고사리나물 100g', '고기산적 100g', '라이스페이퍼 1팩']",67
컵샐러드,"['나물', '생채', '샐러드']",퓨전,반찬,어려움,"['햄 50g', '만두피 6장', '오이 1/3개']",66
퓨전오절판과콩비지땅콩버터소스,"['나물', '생채', '샐러드']",퓨전,반찬,어려움,"['두부 1/2모', '쇠고기 100g', '피망 1/2개', '파프리카 1/2개']",78
한국식타코샐러드,"['나물', '생채', '샐러드']",퓨전,메인요리,어려움,"['춘권피 10장', '쇠고기(우둔', '불고기감) 300g', '깻잎 20장', '무순 1팩', '양파 1개', '토마토 1개', '식용유 약간']",82
햄&베이컨채소쌈,"['나물', '생채', '샐러드']",퓨전,메인요리,어려움,"['햄 10장', '베이컨 10장', '깻잎 3묶음']",61
마쉬멜로우볼,"['도시락', '간식']",퓨전,간식,어려움,"['마쉬멜로우 100g', '씨리얼 1/2컵', '호두 약간', '아몬드 약간', '땅콩 약간']",65
사천식볶음라면,"['도시락', '간식']",퓨전,메인요리,어려움,['라면 1개'],61
우유두부,"['도시락', '간식']",퓨전,간식,보통,['우유 5컵'],40
유부치즈밥,"['도시락', '간식']",퓨전,메인요리,보통,"['밥 1공기', '유부 10장', '치즈 50g', '새우(중하) 4마리']",59
카레떡볶이,"['도시락', '간식']",퓨전,간식,보통,"['가래떡 150g', '양파 1/2개']",58
과일화채,['후식'],퓨전,간식,어려움,"['수박 1개', '파인애플슬라이스 3개', '복숭아칵테일 2쪽', '오렌지 1/2개', '키위 1개', '메론 1/2개']",66
건포도찰떡파이,"['떡', '한과']",퓨전,간식,어려움,"['건포도 100g', '찹쌀가루 500g', '찐단호박 250g']",60
고구마찹쌀도넛,"['빵', '과자']",퓨전,간식,어려움,"['찹쌀가루(가루) 3과1/2컵', '밀가루 4큰술', '베이킹파우더 12g', '고구마 1/2개', '설탕 18g', '버터 180g', '우유 135g', '건포도 113g']",81
김치쿠키,"['빵', '과자']",퓨전,간식,어려움,"['밀가루(박력분) 200g', '무염버터 100g', '김치 30g', '베이킹파우더 1/2작은술']",65
고추장스파게티,"['만두', '면류']",퓨전,메인요리,보통,"['스파게티 80g', '고추장 2큰술']",52
굴소스파스타,"['만두', '면류']",퓨전,메인요리,어려움,"['왕새우 3마리', '오징어몸통 1/2마리', '새송이버섯 1개', '파스타 140g']",62
라면전,"['만두', '면류']",퓨전,메인요리,어려움,"['라면 1개', '호박 1/2개', '당근 1/2개']",63
라면채소스파게티,"['만두', '면류']",퓨전,메인요리,어려움,"['라면 1개', '다진쇠고기(사태) 30g']",62
버섯슈마이,"['만두', '면류']",퓨전,반찬,어려움,"['새송이버섯 50g', '느타리버섯 50g', '표고버섯 2장', '팽이버섯 30g', '칵테일새우 50g', '만두피 10장']",72
볶음쌀국수,"['만두', '면류']",퓨전,메인요리,보통,"['쌀국수 30g', '돼지고기 20g', '숙주나물 30g']",52
쇠고기두반장스파게티,"['만두', '면류']",퓨전,메인요리,어려움,"['쇠고기 60g', '스파게티 150g']",64
철판우동,"['만두', '면류']",퓨전,메인요리,어려움,"['우동면 150g', '오징어 1/2마리']",73
치킨볼과소면,"['만두', '면류']",퓨전,메인요리,어려움,"['닭안심(안심) 300g', '소면 200g']",68
카레국수,"['만두', '면류']",퓨전,메인요리,보통,"['국수 400g', '카레 70g']",58
해물볶음우동,"['만두', '면류']",퓨전,메인요리,어려움,"['우동면 200g', '새우 4마리', '홍합 100g', '오징어 1마리']",67
라면샤부샤부,"['찌개', '전골', '스튜']",퓨전,메인요리,어려움,"['라면 2봉', '쇠고기 200g', '표고버섯 100g', '배추 100g']",80
닭고기유부말이,['부침'],퓨전,반찬,보통,"['닭가슴살 300g', '유부(시판용) 10장']",53
크림소스를곁들인생선전,['부침'],퓨전,반찬,어려움,['생선전유어 8장'],63
떡갈비샌드위치,"['샌드위치', '햄버거']",퓨전,간식,보통,"['식빵 4장', '쇠고기(우둔) 200g']",56
바게트라이스,"['샌드위치', '햄버거']",퓨전,간식,어려움,"['밥 2공기', '바게트 1개']",60
오징어피자스테이크,"['샌드위치', '햄버거']",퓨전,메인요리,보통,"['오징어 1마리', '프랑크소시지 2개']",58
파티샌드위치,"['샌드위치', '햄버거']",퓨전,간식,어려움,"['[모짜렐라치즈샌드위치] 식빵 2조각', '모짜렐라치즈 50g', '토마토 1/4개', '햄 50g', '채소조각(치커리', '양상추', '적채) 적당량', '꼬치 2개']",110
호박미니버거,"['샌드위치', '햄버거']",퓨전,간식,보통,"['애호박 70g', '돼지고기 100g', '양파 50g']",54
김치피자,['피자'],퓨전,반찬,어려움,"['바게트 1/4개', '모짜렐라치즈(피자용) 100g', '신김치 1/5포기']",61
두부밥피자,['피자'],퓨전,메인요리,어려움,"['두부 1/2모', '찬밥 1공기', '당근 1/4개']",60
두부피자,['피자'],퓨전,메인요리,보통,['두부 300g'],53
찬밥팬피자,['피자'],퓨전,메인요리,어려움,"['감자(큰것) 2개', '치즈(피자용) 200g', '찬밥 1공기', '하이포크팜햄 30g']",70
흰떡베이컨말이피자,['피자'],퓨전,메인요리,보통,"['가래떡(흰색) 250g', '베이컨 6장']",50
감자베이컨볶음,['볶음'],퓨전,반찬,보통,"['감자(큰것) 1개', '베이컨 1줄']",44
볶음쌀국수,['볶음'],퓨전,메인요리,보통,['쌀국수 100g'],49
쇠고기케첩볶음,['볶음'],퓨전,반찬,보통,['쇠고기 350g'],49
