메뉴 이름,방법 분류,국가 분류,테마 분류,주재료 이름,features
견과류 영양솥밥,밥 죽 스프,한식,메인요리,백미 1과3/4컵 은행 12개 밤 8개 대추 4개 잣 1큰술,견과류 영양솥밥 밥 죽 스프 한식 메인요리 백미 1과3/4컵 은행 12개 밤 8개 대추 4개 잣 1큰술
굴밥,밥 죽 스프,한식,메인요리,굴 300g 쌀 200g 보리쌀 80g,굴밥 밥 죽 스프 한식 메인요리 굴 300g 쌀 200g 보리쌀 80g
김치볶음밥,밥 죽 스프,한식,메인요리,김치(잘게썬것) 1/3포기 밥 2공기,김치볶음밥 밥 죽 스프 한식 메인요리 김치(잘게썬것) 1/3포기 밥 2공기
꽃상추쌈,밥 죽 스프,한식,메인요리,상추 4장 밥 1그릇,꽃상추쌈 밥 죽 스프 한식 메인요리 상추 4장 밥 1그릇
녹두죽,밥 죽 스프,한식,메인요리,녹두 1컵 쌀 2컵,녹두죽 밥 죽 스프 한식 메인요리 녹두 1컵 쌀 2컵
단팥죽,밥 죽 스프,한식,메인요리,팥 2컵 설탕 2컵 인절미 100g 소금 약간,단팥죽 밥 죽 스프 한식 메인요리 팥 2컵 설탕 2컵 인절미 100g 소금 약간
달래간장과 모둠버섯밥,밥 죽 스프,한식,메인요리,표고버섯 2장 팽이버섯 1봉 느타리버섯 20g 양송이버섯 2개 새송이버섯 1개 쌀 100g,달래간장과 모둠버섯밥 밥 죽 스프 한식 메인요리 표고버섯 2장 팽이버섯 1봉 느타리버섯 20g 양송이버섯 2개 새송이버섯 1개 쌀 100g
닭날개주먹밥,밥 죽 스프,한식,메인요리,찹쌀 2/3컵씩 멥쌀 2/3컵씩 닭날개 10개,닭날개주먹밥 밥 죽 스프 한식 메인요리 찹쌀 2/3컵씩 멥쌀 2/3컵씩 닭날개 10개
닭안심죽,밥 죽 스프,한식,메인요리,닭(안심) 50g 찬밥 1/2공기,닭안심죽 밥 죽 스프 한식 메인요리 닭(안심) 50g 찬밥 1/2공기
대구계란죽,밥 죽 스프,한식,메인요리,대구(살) 50g 쌀(가루) 1/2컵,대구계란죽 밥 죽 스프 한식 메인요리 대구(살) 50g 쌀(가루) 1/2컵
돌솥비빔밥,밥 죽 스프,한식,메인요리,애호박 60g 취나물 60g 시금치 60g 고사리 60g 육회 60g,돌솥비빔밥 밥 죽 스프 한식 메인요리 애호박 60g 취나물 60g 시금치 60g 고사리 60g 육회 60g
두부밥부침,밥 죽 스프,한식,메인요리,두부 1모 찬밥 1/2공기,두부밥부침 밥 죽 스프 한식 메인요리 두부 1모 찬밥 1/2공기
무죽,밥 죽 스프,한식,메인요리,무 1/4개 쌀 1/2컵,무죽 밥 죽 스프 한식 메인요리 무 1/4개 쌀 1/2컵
무청밥,밥 죽 스프,한식,메인요리,불린쌀 1과1/2컵 무청 삶은 것(시래기) 80g 물 1과1/2컵,무청밥 밥 죽 스프 한식 메인요리 불린쌀 1과1/2컵 무청 삶은 것(시래기) 80g 물 1과1/2컵
미니김밥,밥 죽 스프,한식,간식,쌀 1컵 김 3장 계란 3개,미니김밥 밥 죽 스프 한식 간식 쌀 1컵 김 3장 계란 3개
버섯덮밥,밥 죽 스프,한식,메인요리,밥 4공기 쇠고기(우둔) 80g 느타리버섯 100g 표고버섯 3장 양송이버섯 3개 목이버섯 6장 팽이버섯 1/2봉지,버섯덮밥 밥 죽 스프 한식 메인요리 밥 4공기 쇠고기(우둔) 80g 느타리버섯 100g 표고버섯 3장 양송이버섯 3개 목이버섯 6장 팽이버섯 1/2봉지
버섯죽,밥 죽 스프,한식,메인요리,쌀 100g 버섯 40g,버섯죽 밥 죽 스프 한식 메인요리 쌀 100g 버섯 40g
새우죽,밥 죽 스프,한식,메인요리,쌀 1컵 새우 200g,새우죽 밥 죽 스프 한식 메인요리 쌀 1컵 새우 200g
색색주먹밥,밥 죽 스프,한식,메인요리,밥 2공기 쇠고기(다진것) 100g 김치 100g 후리가께 약간,색색주먹밥 밥 죽 스프 한식 메인요리 밥 2공기 쇠고기(다진것) 100g 김치 100g 후리가께 약간
송어상추까나페,밥 죽 스프,한식,메인요리,송어(슬라이스) 1마리,송어상추까나페 밥 죽 스프 한식 메인요리 송어(슬라이스) 1마리
쇠고기김치말이,밥 죽 스프,한식,메인요리,쇠고기 400g 밥 1공기 김치 200g,쇠고기김치말이 밥 죽 스프 한식 메인요리 쇠고기 400g 밥 1공기 김치 200g
쇠고기김치말이밥,밥 죽 스프,한식,메인요리,쇠고기(안심) 300g 찬밥 1/2공기 김치 50g,쇠고기김치말이밥 밥 죽 스프 한식 메인요리 쇠고기(안심) 300g 찬밥 1/2공기 김치 50g
쇠고기덮밥,밥 죽 스프,한식,메인요리,쇠고기 100g 밥 1공기,쇠고기덮밥 밥 죽 스프 한식 메인요리 쇠고기 100g 밥 1공기
쇠고기말이밥,밥 죽 스프,한식,메인요리,쇠고기(샤브샤브용) 200g 밥 1공기,쇠고기말이밥 밥 죽 스프 한식 메인요리 쇠고기(샤브샤브용) 200g 밥 1공기
수삼영양밥,밥 죽 스프,한식,메인요리,수삼 1뿌리 찹쌀 1/2컵 멥쌀 1/2컵 흑미 30g 차조 20g,수삼영양밥 밥 죽 스프 한식 메인요리 수삼 1뿌리 찹쌀 1/2컵 멥쌀 1/2컵 흑미 30g 차조 20g
시금치된장죽,밥 죽 스프,한식,메인요리,쌀 1컵 시금치 30g,시금치된장죽 밥 죽 스프 한식 메인요리 쌀 1컵 시금치 30g
양송이버섯죽,밥 죽 스프,한식,메인요리,찹쌀 1컵 양송이버섯 5개,양송이버섯죽 밥 죽 스프 한식 메인요리 찹쌀 1컵 양송이버섯 5개
오곡밥쌈밥정식,밥 죽 스프,한식,메인요리,오곡곡물 2컵 상추(쌈용) 약간 깻잎 약간 치커리 약간,오곡밥쌈밥정식 밥 죽 스프 한식 메인요리 오곡곡물 2컵 상추(쌈용) 약간 깻잎 약간 치커리 약간
오곡주먹밥,밥 죽 스프,한식,메인요리,찹쌀 40g 쌀 40g,오곡주먹밥 밥 죽 스프 한식 메인요리 찹쌀 40g 쌀 40g
옥수수죽,밥 죽 스프,한식,메인요리,스위트콘 1캔 쌀 1컵,옥수수죽 밥 죽 스프 한식 메인요리 스위트콘 1캔 쌀 1컵
우렁된장쌈밥,밥 죽 스프,한식,메인요리,우렁 100g,우렁된장쌈밥 밥 죽 스프 한식 메인요리 우렁 100g
우엉시금치죽,밥 죽 스프,한식,메인요리,우엉 15cm 당근 10cm 시금치 50g 쌀(불린 것) 1과1/2컵,우엉시금치죽 밥 죽 스프 한식 메인요리 우엉 15cm 당근 10cm 시금치 50g 쌀(불린 것) 1과1/2컵
웰빙비빔밥,밥 죽 스프,한식,메인요리,보리밥 400g,웰빙비빔밥 밥 죽 스프 한식 메인요리 보리밥 400g
전복죽,밥 죽 스프,한식,메인요리,전복 1개 쌀 1컵,전복죽 밥 죽 스프 한식 메인요리 전복 1개 쌀 1컵
죽순죽,밥 죽 스프,한식,메인요리,쌀 2컵 죽순 120g,죽순죽 밥 죽 스프 한식 메인요리 쌀 2컵 죽순 120g
참치김초밥,밥 죽 스프,한식,메인요리,김 6장 참치통조림 1캔 밥 6공기,참치김초밥 밥 죽 스프 한식 메인요리 김 6장 참치통조림 1캔 밥 6공기
참치주먹밥,밥 죽 스프,한식,메인요리,참치통조림 1캔 밥 2공기,참치주먹밥 밥 죽 스프 한식 메인요리 참치통조림 1캔 밥 2공기
참치죽,밥 죽 스프,한식,메인요리,밥 2공기 참치캔 1개,참치죽 밥 죽 스프 한식 메인요리 밥 2공기 참치캔 1개
참치죽,밥 죽 스프,한식,메인요리,참치통조림 1캔 불린쌀 1컵,참치죽 밥 죽 스프 한식 메인요리 참치통조림 1캔 불린쌀 1컵
채소영양밥,밥 죽 스프,한식,메인요리,쌀 2컵 대추 6알 밤 3톨 은행 6알 느타리버섯 60g 스위트콘 1캔,채소영양밥 밥 죽 스프 한식 메인요리 쌀 2컵 대추 6알 밤 3톨 은행 6알 느타리버섯 60g 스위트콘 1캔
콩가루찬밥지짐이,밥 죽 스프,한식,메인요리,밥 2공기 콩가루 2큰술,콩가루찬밥지짐이 밥 죽 스프 한식 메인요리 밥 2공기 콩가루 2큰술
콩나물국밥,밥 죽 스프,한식,메인요리,밥 4공기 콩나물 300g,콩나물국밥 밥 죽 스프 한식 메인요리 밥 4공기 콩나물 300g
콩나물무밥,밥 죽 스프,한식,메인요리,쌀 2컵 콩나물 500g 무 1/5개,콩나물무밥 밥 죽 스프 한식 메인요리 쌀 2컵 콩나물 500g 무 1/5개
콩나물밥,밥 죽 스프,한식,메인요리,쌀 2컵 콩나물 300g 쇠고기 100g,콩나물밥 밥 죽 스프 한식 메인요리 쌀 2컵 콩나물 300g 쇠고기 100g
키조개나물밥,밥 죽 스프,한식,메인요리,키조개 1개 머위 20g,키조개나물밥 밥 죽 스프 한식 메인요리 키조개 1개 머위 20g
해삼밥,밥 죽 스프,한식,메인요리,불린쌀 1과1/2컵 반건조해삼 2마리,해삼밥 밥 죽 스프 한식 메인요리 불린쌀 1과1/2컵 반건조해삼 2마리
현미땅콩죽,밥 죽 스프,한식,메인요리,현미찹쌀 1/2컵 생땅콩 1/4컵,현미땅콩죽 밥 죽 스프 한식 메인요리 현미찹쌀 1/2컵 생땅콩 1/4컵
흑임자깨죽,밥 죽 스프,한식,메인요리,밥 1공기 불린쌀 2큰술 흑임자 1/2컵,흑임자깨죽 밥 죽 스프 한식 메인요리 밥 1공기 불린쌀 2큰술 흑임자 1/2컵
가지냉국,국,한식,메인요리,가지 2개,가지냉국 국 한식 메인요리 가지 2개
감자국,국,한식,메인요리,북어포 1/2마리 감자 2개 양파 1/2개,감자국 국 한식 메인요리 북어포 1/2마리 감자 2개 양파 1/2개
계란실파국,국,한식,메인요리,계란 2개,계란실파국 국 한식 메인요리 계란 2개
굴비매운탕,국,한식,메인요리,굴비 2마리,굴비매운탕 국 한식 메인요리 굴비 2마리
근대된장국,국,한식,메인요리,근대 200g,근대된장국 국 한식 메인요리 근대 200g
김치홍합국,국,한식,메인요리,김치 1/4포기 홍합 1/2컵,김치홍합국 국 한식 메인요리 김치 1/4포기 홍합 1/2컵
냉이조갯국,국,한식,메인요리,냉이 200g 모시조개 200g,냉이조갯국 국 한식 메인요리 냉이 200g 모시조개 200g
다시마냉국,국,한식,메인요리,다시마(5cm x 10cm) 2장,다시마냉국 국 한식 메인요리 다시마(5cm x 10cm) 2장
닭개장,국,한식,메인요리,닭 1/2마리,닭개장 국 한식 메인요리 닭 1/2마리
두부새우젓국,국,한식,메인요리,두부 1모 굴 200g,두부새우젓국 국 한식 메인요리 두부 1모 굴 200g
두부조개탕,국,한식,메인요리,두부 1/2모 모시조개 200g 북어 30g,두부조개탕 국 한식 메인요리 두부 1/2모 모시조개 200g 북어 30g
두붓국,국,한식,메인요리,두부 1모 쇠고기 100g,두붓국 국 한식 메인요리 두부 1모 쇠고기 100g
떡국,국,한식,메인요리,가래떡 500g 쇠고기 육수 8컵 쇠고기(우둔) 100g,떡국 국 한식 메인요리 가래떡 500g 쇠고기 육수 8컵 쇠고기(우둔) 100g
맑은대구탕,국,한식,메인요리,생대구 1/2마리,맑은대구탕 국 한식 메인요리 생대구 1/2마리
무국,국,한식,메인요리,쇠고기(양지) 120g 무 400g,무국 국 한식 메인요리 쇠고기(양지) 120g 무 400g
무맑은국,국,한식,메인요리,쇠고기 120g 무 400g,무맑은국 국 한식 메인요리 쇠고기 120g 무 400g
미역국,국,한식,메인요리,미역(불린것) 2컵 다진쇠고기 150g,미역국 국 한식 메인요리 미역(불린것) 2컵 다진쇠고기 150g
미역냉국,국,한식,메인요리,불린미역 2컵,미역냉국 국 한식 메인요리 불린미역 2컵
배추속댓국,국,한식,메인요리,배추(속대) 200g 무 1/4개 쇠고기(사태) 60g,배추속댓국 국 한식 메인요리 배추(속대) 200g 무 1/4개 쇠고기(사태) 60g
부추재첩국,국,한식,메인요리,부추 1/2단 재첩 100g,부추재첩국 국 한식 메인요리 부추 1/2단 재첩 100g
북어국,국,한식,메인요리,통북어 2마리 콩나물 40g 두부 1/2모,북어국 국 한식 메인요리 통북어 2마리 콩나물 40g 두부 1/2모
생태매운탕,국,한식,메인요리,생태 1마리 바지락 50g 무 50g,생태매운탕 국 한식 메인요리 생태 1마리 바지락 50g 무 50g
시금치된장국,국,한식,메인요리,시금치 300g 말린새우 30g 된장 3큰술,시금치된장국 국 한식 메인요리 시금치 300g 말린새우 30g 된장 3큰술
아구탕,국,한식,메인요리,아구 1/2마리 콩나물 50g,아구탕 국 한식 메인요리 아구 1/2마리 콩나물 50g
아욱국,국,한식,메인요리,아욱 200g,아욱국 국 한식 메인요리 아욱 200g
양배춧국,국,한식,메인요리,양배추 100g 모시조개 1봉지,양배춧국 국 한식 메인요리 양배추 100g 모시조개 1봉지
어묵국,국,한식,메인요리,어묵 150g,어묵국 국 한식 메인요리 어묵 150g
오이냉국,국,한식,메인요리,오이 2개 물 10컵,오이냉국 국 한식 메인요리 오이 2개 물 10컵
우무콩냉국,국,한식,메인요리,우무 40g 콩 500g,우무콩냉국 국 한식 메인요리 우무 40g 콩 500g
유부미역된장국,국,한식,메인요리,불린미역 100g 유부 5장 두부 1/3모,유부미역된장국 국 한식 메인요리 불린미역 100g 유부 5장 두부 1/3모
재첩국,국,한식,메인요리,재첩 10컵,재첩국 국 한식 메인요리 재첩 10컵
조개맑은탕,국,한식,메인요리,대합 15개,조개맑은탕 국 한식 메인요리 대합 15개
콩가루에빠진쑥국,국,한식,메인요리,쑥 20g 날콩가루 2큰술,콩가루에빠진쑥국 국 한식 메인요리 쑥 20g 날콩가루 2큰술
콩나물냉국,국,한식,메인요리,콩나물 300g,콩나물냉국 국 한식 메인요리 콩나물 300g
콩나물북어채국,국,한식,메인요리,콩나물 50g 북어채 50g,콩나물북어채국 국 한식 메인요리 콩나물 50g 북어채 50g
톳미역콩국,국,한식,메인요리,톳 100g 미역 50g 메주콩 500g,톳미역콩국 국 한식 메인요리 톳 100g 미역 50g 메주콩 500g
해물 취나물된장국,국,한식,메인요리,꽃게 2마리 키조개 1개 취나물 30g,해물 취나물된장국 국 한식 메인요리 꽃게 2마리 키조개 1개 취나물 30g
갈치무조림,조림,한식,메인요리,갈치 1마리 무 1/4개,갈치무조림 조림 한식 메인요리 갈치 1마리 무 1/4개
갈치조림,조림,한식,메인요리,갈치 4토막,갈치조림 조림 한식 메인요리 갈치 4토막
감자곤약조림,조림,한식,반찬,감자 2개 곤약 40g,감자곤약조림 조림 한식 반찬 감자 2개 곤약 40g
감자조림,조림,한식,반찬,감자 3개 멸치(조림용) 100g 꽈리고추 10개,감자조림 조림 한식 반찬 감자 3개 멸치(조림용) 100g 꽈리고추 10개
견과류조림,조림,한식,반찬,호두 6개 땅콩 4큰술 잣 4큰술 밤 4개,견과류조림 조림 한식 반찬 호두 6개 땅콩 4큰술 잣 4큰술 밤 4개
고등어무조림,조림,한식,메인요리,고등어 1마리 무 1/3개,고등어무조림 조림 한식 메인요리 고등어 1마리 무 1/3개
고등어조림,조림,한식,메인요리,고등어 1마리,고등어조림 조림 한식 메인요리 고등어 1마리
고등어튀김케첩조림,조림,한식,메인요리,고등어 1마리,고등어튀김케첩조림 조림 한식 메인요리 고등어 1마리
굴비조림,조림,한식,메인요리,굴비 2마리,굴비조림 조림 한식 메인요리 굴비 2마리
꼴뚜기조림,조림,한식,반찬,건꼴뚜기 1컵,꼴뚜기조림 조림 한식 반찬 건꼴뚜기 1컵
돼지고기우엉말이조림,조림,한식,반찬,우엉 100g 돼지고기 100g,돼지고기우엉말이조림 조림 한식 반찬 우엉 100g 돼지고기 100g
두부양념조림,조림,한식,반찬,두부 1/2모,두부양념조림 조림 한식 반찬 두부 1/2모
두부조림,조림,한식,반찬,두부 1모,두부조림 조림 한식 반찬 두부 1모
떡선,조림,한식,반찬,가래떡 1줄 쇠고기(홍두깨) 50g,떡선 조림 한식 반찬 가래떡 1줄 쇠고기(홍두깨) 50g
알감자조림,조림,한식,반찬,알감자 60g,알감자조림 조림 한식 반찬 알감자 60g
알감자조림,조림,한식,반찬,알감자 300g,알감자조림 조림 한식 반찬 알감자 300g
어묵곤약조림,조림,한식,반찬,어묵 100g 곤약 50g,어묵곤약조림 조림 한식 반찬 어묵 100g 곤약 50g
우엉조림,조림,한식,반찬,우엉 400g,우엉조림 조림 한식 반찬 우엉 400g
조기한식조림,조림,한식,메인요리,조기 1마리,조기한식조림 조림 한식 메인요리 조기 1마리
향신양념쇠고기장조림,조림,한식,메인요리,쇠고기 600g,향신양념쇠고기장조림 조림 한식 메인요리 쇠고기 600g
가자미구이,구이,한식,메인요리,가자미 1마리,가자미구이 구이 한식 메인요리 가자미 1마리
갈치구이,구이,한식,메인요리,갈치 1마리,갈치구이 구이 한식 메인요리 갈치 1마리
건포도갈비구이,구이,한식,메인요리,쇠고기(갈비) 400g,건포도갈비구이 구이 한식 메인요리 쇠고기(갈비) 400g
고등어된장구이,구이,한식,메인요리,고등어 1/2마리,고등어된장구이 구이 한식 메인요리 고등어 1/2마리
고등어스테이크,구이,한식,메인요리,고등어 1마리,고등어스테이크 구이 한식 메인요리 고등어 1마리
고등어양념구이,구이,한식,메인요리,고등어 1/2마리,고등어양념구이 구이 한식 메인요리 고등어 1/2마리
굴꼬치구이,구이,한식,메인요리,굴 200g,굴꼬치구이 구이 한식 메인요리 굴 200g
김구이,구이,한식,반찬,김 10장,김구이 구이 한식 반찬 김 10장
꽁치구이,구이,한식,메인요리,꽁치 1마리,꽁치구이 구이 한식 메인요리 꽁치 1마리
낙지호롱구이,구이,한식,메인요리,낙지 2마리,낙지호롱구이 구이 한식 메인요리 낙지 2마리
닭꼬치구이,구이,한식,메인요리,닭고기 500g,닭꼬치구이 구이 한식 메인요리 닭고기 500g
대파미소구이,구이,한식,메인요리,대파 2대,대파미소구이 구이 한식 메인요리 대파 2대
도루묵구이,구이,한식,메인요리,도루묵 2마리,도루묵구이 구이 한식 메인요리 도루묵 2마리
돼지갈비구이,구이,한식,메인요리,돼지갈비(구이용) 600g,돼지갈비구이 구이 한식 메인요리 돼지갈비(구이용) 600g
돼지고기고추장구이,구이,한식,메인요리,돼지고기(등심 또는 삼겹살) 300g,돼지고기고추장구이 구이 한식 메인요리 돼지고기(등심 또는 삼겹살) 300g
두부김치,구이,한식,메인요리,두부 1/2모 신김치 50g,두부김치 구이 한식 메인요리 두부 1/2모 신김치 50g
떡꼬치,구이,한식,간식,가래떡(떡볶이용) 250g 쇠고기(우둔) 100g,떡꼬치 구이 한식 간식 가래떡(떡볶이용) 250g 쇠고기(우둔) 100g
로스편채,구이,한식,메인요리,쇠고기 150g 찹쌀가루 1컵,로스편채 구이 한식 메인요리 쇠고기 150g 찹쌀가루 1컵
뱅어포구이,구이,한식,메인요리,뱅어포 4장,뱅어포구이 구이 한식 메인요리 뱅어포 4장
병어양념구이,구이,한식,메인요리,병어 2마리,병어양념구이 구이 한식 메인요리 병어 2마리
봄나물돼지고기구이,구이,한식,메인요리,돼지고기(목심) 300g 미나리 40g,봄나물돼지고기구이 구이 한식 메인요리 돼지고기(목심) 300g 미나리 40g
북어고추장구이,구이,한식,메인요리,북어 2마리,북어고추장구이 구이 한식 메인요리 북어 2마리
삼치마요네즈구이,구이,한식,메인요리,삼치 1마리,삼치마요네즈구이 구이 한식 메인요리 삼치 1마리
새송이버섯구이,구이,한식,메인요리,새송이버섯 2개,새송이버섯구이 구이 한식 메인요리 새송이버섯 2개
섭산적,구이,한식,메인요리,쇠고기 300g 두부 100g,섭산적 구이 한식 메인요리 쇠고기 300g 두부 100g
오징어통구이,구이,한식,메인요리,오징어 1마리,오징어통구이 구이 한식 메인요리 오징어 1마리
자반고등어구이,구이,한식,메인요리,자반고등어 1마리,자반고등어구이 구이 한식 메인요리 자반고등어 1마리
제육파말이,구이,한식,메인요리,돼지고기(삼겹살) 150g 찹쌀가루 4큰술,제육파말이 구이 한식 메인요리 돼지고기(삼겹살) 150g 찹쌀가루 4큰술
쭈꾸미버터구이,구이,한식,메인요리,쭈꾸미 1코,쭈꾸미버터구이 구이 한식 메인요리 쭈꾸미 1코
청어구이,구이,한식,메인요리,청어 1마리,청어구이 구이 한식 메인요리 청어 1마리
한식닭양념구이,구이,한식,메인요리,닭 1마리,한식닭양념구이 구이 한식 메인요리 닭 1마리
호박가지된장구이,구이,한식,메인요리,애호박 1개 가지 1개,호박가지된장구이 구이 한식 메인요리 애호박 1개 가지 1개
가지튀김,튀김 커틀릿,한식,메인요리,가지 1개 돼지고기(다진것) 150g,가지튀김 튀김 커틀릿 한식 메인요리 가지 1개 돼지고기(다진것) 150g
굴튀김,튀김 커틀릿,한식,메인요리,굴 10개,굴튀김 튀김 커틀릿 한식 메인요리 굴 10개
단호박튀김,튀김 커틀릿,한식,메인요리,단호박 100g,단호박튀김 튀김 커틀릿 한식 메인요리 단호박 100g
대추수삼마늘튀김,튀김 커틀릿,한식,메인요리,대추 20알 수삼 1뿌리 마늘 2알,대추수삼마늘튀김 튀김 커틀릿 한식 메인요리 대추 20알 수삼 1뿌리 마늘 2알
북어강정,튀김 커틀릿,한식,메인요리,북어 1마리,북어강정 튀김 커틀릿 한식 메인요리 북어 1마리
잡채전병튀김,튀김 커틀릿,한식,메인요리,잡채 300g 만두피 10장,잡채전병튀김 튀김 커틀릿 한식 메인요리 잡채 300g 만두피 10장
코다리강정,튀김 커틀릿,한식,메인요리,코다리 50g,코다리강정 튀김 커틀릿 한식 메인요리 코다리 50g
가지된장찜,찜,한식,메인요리,가지 1개 돼지고기 50g 다진파 약간 다진마늘 약간,가지된장찜 찜 한식 메인요리 가지 1개 돼지고기 50g 다진파 약간 다진마늘 약간
건포도닭찜,찜,한식,메인요리,닭고기 1kg,건포도닭찜 찜 한식 메인요리 닭고기 1kg
계란찜,찜,한식,메인요리,계란 2개,계란찜 찜 한식 메인요리 계란 2개
꼬막양념찜,찜,한식,메인요리,꼬막 600g,꼬막양념찜 찜 한식 메인요리 꼬막 600g
꽈리고추찜,찜,한식,메인요리,꽈리고추 150g,꽈리고추찜 찜 한식 메인요리 꽈리고추 150g
머위 조기찜,찜,한식,메인요리,조기 4마리 머위 100g,머위 조기찜 찜 한식 메인요리 조기 4마리 머위 100g
명란찜,찜,한식,메인요리,명란젓 100g,명란찜 찜 한식 메인요리 명란젓 100g
모듬나물계란찜,찜,한식,메인요리,두부적 1개 삼색나물 각20g 계란 3개,모듬나물계란찜 찜 한식 메인요리 두부적 1개 삼색나물 각20g 계란 3개
모듬해산물채소찜,찜,한식,메인요리,배춧잎 8장 대구(4cm폭) 4토막,모듬해산물채소찜 찜 한식 메인요리 배춧잎 8장 대구(4cm폭) 4토막
바지락콩나물찜,찜,한식,메인요리,콩나물 30g 바지락 20g,바지락콩나물찜 찜 한식 메인요리 콩나물 30g 바지락 20g
밥계란찜,찜,한식,메인요리,찬밥 1공기 계란 4개 햄 20g,밥계란찜 찜 한식 메인요리 찬밥 1공기 계란 4개 햄 20g
버섯두부선,찜,한식,메인요리,두부 1/2모 표고버섯 2개 계란 2개,버섯두부선 찜 한식 메인요리 두부 1/2모 표고버섯 2개 계란 2개
소꼬리찜,찜,한식,메인요리,소꼬리 5토막,소꼬리찜 찜 한식 메인요리 소꼬리 5토막
쇠고기가지찜,찜,한식,메인요리,다진쇠고기(홍두깨) 200g 가지 2개,쇠고기가지찜 찜 한식 메인요리 다진쇠고기(홍두깨) 200g 가지 2개
쇠고기청고추찜,찜,한식,메인요리,쇠고기 100g 청고추 150g,쇠고기청고추찜 찜 한식 메인요리 쇠고기 100g 청고추 150g
알찜,찜,한식,메인요리,계란 3개,알찜 찜 한식 메인요리 계란 3개
양배추&호박찜,찜,한식,메인요리,양배추 1/4통 호박잎 20장,양배추&호박찜 찜 한식 메인요리 양배추 1/4통 호박잎 20장
콘새우계란찜,찜,한식,메인요리,새우 3마리 표고버섯 1장 계란 2개 스위트콘 1/2캔,콘새우계란찜 찜 한식 메인요리 새우 3마리 표고버섯 1장 계란 2개 스위트콘 1/2캔
티포크쌈,찜,한식,메인요리,돼지고기 600g 된장 2와1/2큰술 김치 1포기,티포크쌈 찜 한식 메인요리 돼지고기 600g 된장 2와1/2큰술 김치 1포기
편육파채무침,찜,한식,메인요리,돼지고기(편육용) 800g 파 4뿌리,편육파채무침 찜 한식 메인요리 돼지고기(편육용) 800g 파 4뿌리
갖은나물,나물 생채 샐러드,한식,반찬,고사리 150g 도라지 150g 시금치 150g 숙주 150g 참나물 100g,갖은나물 나물 생채 샐러드 한식 반찬 고사리 150g 도라지 150g 시금치 150g 숙주 150g 참나물 100g
골뱅이냉채,나물 생채 샐러드,한식,메인요리,골뱅이 1통,골뱅이냉채 나물 생채 샐러드 한식 메인요리 골뱅이 1통
골뱅이무침,나물 생채 샐러드,한식,메인요리,골뱅이통조림 200g 오이 50g 양파 50g,골뱅이무침 나물 생채 샐러드 한식 메인요리 골뱅이통조림 200g 오이 50g 양파 50g
골뱅이옥수수무침,나물 생채 샐러드,한식,메인요리,골뱅이 200g 오징어포 200g,골뱅이옥수수무침 나물 생채 샐러드 한식 메인요리 골뱅이 200g 오징어포 200g
냉이초무침,나물 생채 샐러드,한식,반찬,냉이 200g,냉이초무침 나물 생채 샐러드 한식 반찬 냉이 200g
다시마채소말이,나물 생채 샐러드,한식,반찬,쌈다시마 8장 오징어 1마리,다시마채소말이 나물 생채 샐러드 한식 반찬 쌈다시마 8장 오징어 1마리
달래무침과냉이나물,나물 생채 샐러드,한식,반찬,달래 100g 냉이 200g,달래무침과냉이나물 나물 생채 샐러드 한식 반찬 달래 100g 냉이 200g
달래오이무침,나물 생채 샐러드,한식,반찬,달래 80g 오이 1/2,달래오이무침 나물 생채 샐러드 한식 반찬 달래 80g 오이 1/2
닭가슴살해파리샐러드,나물 생채 샐러드,한식,반찬,닭(가슴살) 50g 해파리 60g,닭가슴살해파리샐러드 나물 생채 샐러드 한식 반찬 닭(가슴살) 50g 해파리 60g
대파생채,나물 생채 샐러드,한식,반찬,대파 2대,대파생채 나물 생채 샐러드 한식 반찬 대파 2대
도라지생채,나물 생채 샐러드,한식,반찬,도라지 200g,도라지생채 나물 생채 샐러드 한식 반찬 도라지 200g
도라지오이생채,나물 생채 샐러드,한식,반찬,도라지 200g 오이 1개,도라지오이생채 나물 생채 샐러드 한식 반찬 도라지 200g 오이 1개
도토리묵무침,나물 생채 샐러드,한식,반찬,도토리묵 2모 쑥갓 1/2단 오이 1개,도토리묵무침 나물 생채 샐러드 한식 반찬 도토리묵 2모 쑥갓 1/2단 오이 1개
돌나물달래샐러드,나물 생채 샐러드,한식,반찬,돌나물 50g 달래 15g,돌나물달래샐러드 나물 생채 샐러드 한식 반찬 돌나물 50g 달래 15g
두릅된장무침,나물 생채 샐러드,한식,반찬,두릅 200g 된장 1큰술 실고추 1큰술,두릅된장무침 나물 생채 샐러드 한식 반찬 두릅 200g 된장 1큰술 실고추 1큰술
두릅숙회,나물 생채 샐러드,한식,반찬,두릅 12개,두릅숙회 나물 생채 샐러드 한식 반찬 두릅 12개
두부미역냉채,나물 생채 샐러드,한식,반찬,두부 1모 미역 100g,두부미역냉채 나물 생채 샐러드 한식 반찬 두부 1모 미역 100g
두부채소냉채,나물 생채 샐러드,한식,반찬,두부 1/2모 쇠고기 80g,두부채소냉채 나물 생채 샐러드 한식 반찬 두부 1/2모 쇠고기 80g
무생채,나물 생채 샐러드,한식,반찬,무 1/4개,무생채 나물 생채 샐러드 한식 반찬 무 1/4개
무쌈말이,나물 생채 샐러드,한식,반찬,절임무 1팩,무쌈말이 나물 생채 샐러드 한식 반찬 절임무 1팩
묵과양념장,나물 생채 샐러드,한식,반찬,도토리묵 1/2모 청포묵 1/2모,묵과양념장 나물 생채 샐러드 한식 반찬 도토리묵 1/2모 청포묵 1/2모
미나리꼬막간장무침,나물 생채 샐러드,한식,반찬,꼬막 30개 미나리 10g,미나리꼬막간장무침 나물 생채 샐러드 한식 반찬 꼬막 30개 미나리 10g
사색나물,나물 생채 샐러드,한식,반찬,콩나물 50g 도라지 50g 시금치 50g 고사리 50g,사색나물 나물 생채 샐러드 한식 반찬 콩나물 50g 도라지 50g 시금치 50g 고사리 50g
상추채소무침,나물 생채 샐러드,한식,반찬,상추 10g 들깻잎 10g 쑥갓 5g 케일 10g,상추채소무침 나물 생채 샐러드 한식 반찬 상추 10g 들깻잎 10g 쑥갓 5g 케일 10g
새우겨자채,나물 생채 샐러드,한식,반찬,새우 5마리,새우겨자채 나물 생채 샐러드 한식 반찬 새우 5마리
송어샐러드,나물 생채 샐러드,한식,반찬,송어(슬라이스) 1마리,송어샐러드 나물 생채 샐러드 한식 반찬 송어(슬라이스) 1마리
숙주미나리무침,나물 생채 샐러드,한식,반찬,숙주 100g 미나리 50g,숙주미나리무침 나물 생채 샐러드 한식 반찬 숙주 100g 미나리 50g
시금치무침,나물 생채 샐러드,한식,반찬,시금치 100g,시금치무침 나물 생채 샐러드 한식 반찬 시금치 100g
오이나물,나물 생채 샐러드,한식,반찬,오이 2개,오이나물 나물 생채 샐러드 한식 반찬 오이 2개
오징어도라지생채,나물 생채 샐러드,한식,반찬,도라지 100g 오징어 1마리,오징어도라지생채 나물 생채 샐러드 한식 반찬 도라지 100g 오징어 1마리
오징어숙회,나물 생채 샐러드,한식,메인요리,오징어 1마리,오징어숙회 나물 생채 샐러드 한식 메인요리 오징어 1마리
오징어와마늘소스,나물 생채 샐러드,한식,메인요리,오징어 1마리,오징어와마늘소스 나물 생채 샐러드 한식 메인요리 오징어 1마리
오징어초말이,나물 생채 샐러드,한식,메인요리,오징어 2마리,오징어초말이 나물 생채 샐러드 한식 메인요리 오징어 2마리
우묵냉채,나물 생채 샐러드,한식,메인요리,우묵 100g,우묵냉채 나물 생채 샐러드 한식 메인요리 우묵 100g
유부냉채,나물 생채 샐러드,한식,메인요리,유부 80g 숙주 50g,유부냉채 나물 생채 샐러드 한식 메인요리 유부 80g 숙주 50g
육회,나물 생채 샐러드,한식,메인요리,쇠고기(우둔) 30g 배 1/4쪽 잣가루 1작은술 잣 약간,육회 나물 생채 샐러드 한식 메인요리 쇠고기(우둔) 30g 배 1/4쪽 잣가루 1작은술 잣 약간
전어회무침,나물 생채 샐러드,한식,메인요리,전어 3마리,전어회무침 나물 생채 샐러드 한식 메인요리 전어 3마리
죽순회와미나리강회,나물 생채 샐러드,한식,메인요리,죽순 1개 미나리 5줄기,죽순회와미나리강회 나물 생채 샐러드 한식 메인요리 죽순 1개 미나리 5줄기
차돌박이겉절이무침,나물 생채 샐러드,한식,메인요리,차돌박이 200g 얼갈이배추 적당량 영양부추 적당량,차돌박이겉절이무침 나물 생채 샐러드 한식 메인요리 차돌박이 200g 얼갈이배추 적당량 영양부추 적당량
참나물간장무침,나물 생채 샐러드,한식,반찬,참나물 200g,참나물간장무침 나물 생채 샐러드 한식 반찬 참나물 200g
참나물고추장무침,나물 생채 샐러드,한식,반찬,참나물 100g,참나물고추장무침 나물 생채 샐러드 한식 반찬 참나물 100g
채소무침,나물 생채 샐러드,한식,반찬,쌈야채 500g,채소무침 나물 생채 샐러드 한식 반찬 쌈야채 500g
청경채닭살무침,나물 생채 샐러드,한식,반찬,청경채 100g,청경채닭살무침 나물 생채 샐러드 한식 반찬 청경채 100g
초고추장쑥무침,나물 생채 샐러드,한식,반찬,쑥 150g 미나리 50g,초고추장쑥무침 나물 생채 샐러드 한식 반찬 쑥 150g 미나리 50g
탕평채,나물 생채 샐러드,한식,메인요리,청포묵 1개(200g) 쇠고기(우둔) 100g 숙주 100g 소금 1/2작은술,탕평채 나물 생채 샐러드 한식 메인요리 청포묵 1개(200g) 쇠고기(우둔) 100g 숙주 100g 소금 1/2작은술
팽이버섯냉채,나물 생채 샐러드,한식,메인요리,팽이버섯 100g 오이 1/2개,팽이버섯냉채 나물 생채 샐러드 한식 메인요리 팽이버섯 100g 오이 1/2개
해물잣소스무침,나물 생채 샐러드,한식,메인요리,새우 5마리 오징어 1/4마리,해물잣소스무침 나물 생채 샐러드 한식 메인요리 새우 5마리 오징어 1/4마리
해파리냉채,나물 생채 샐러드,한식,메인요리,해파리 300g 게맛살 8개 오이 1개,해파리냉채 나물 생채 샐러드 한식 메인요리 해파리 300g 게맛살 8개 오이 1개
해파리새우말이냉채,나물 생채 샐러드,한식,메인요리,해파리 50g 새우 10마리 오이 20g,해파리새우말이냉채 나물 생채 샐러드 한식 메인요리 해파리 50g 새우 10마리 오이 20g
해파리해물냉채,나물 생채 샐러드,한식,메인요리,해파리 80g 새우 6개 쭈꾸미 20g,해파리해물냉채 나물 생채 샐러드 한식 메인요리 해파리 80g 새우 6개 쭈꾸미 20g
해파리해물냉채,나물 생채 샐러드,한식,메인요리,해파리 80g 새우 4개 쭈구미 20g,해파리해물냉채 나물 생채 샐러드 한식 메인요리 해파리 80g 새우 4개 쭈구미 20g
가지김치,밑반찬 김치,한식,반찬,가지 2개 부추 20g 고춧가루 1큰술,가지김치 밑반찬 김치 한식 반찬 가지 2개 부추 20g 고춧가루 1큰술
깍두기,밑반찬 김치,한식,반찬,무 2개,깍두기 밑반찬 김치 한식 반찬 무 2개
깻잎롤김치,밑반찬 김치,한식,반찬,깻잎 5묶음 밤 10개 홍고추 3개 청고추 3개,깻잎롤김치 밑반찬 김치 한식 반찬 깻잎 5묶음 밤 10개 홍고추 3개 청고추 3개
깻잎말이김치,밑반찬 김치,한식,반찬,깻잎 5묶음 밤 10개,깻잎말이김치 밑반찬 김치 한식 반찬 깻잎 5묶음 밤 10개
깻잎조림,밑반찬 김치,한식,반찬,깻잎 20장,깻잎조림 밑반찬 김치 한식 반찬 깻잎 20장
된장깻잎장아찌,밑반찬 김치,한식,반찬,깻잎 30장,된장깻잎장아찌 밑반찬 김치 한식 반찬 깻잎 30장
마늘장아찌,밑반찬 김치,한식,반찬,마늘 10통 간장 1/2컵,마늘장아찌 밑반찬 김치 한식 반찬 마늘 10통 간장 1/2컵
마늘쫑굴소스볶음,밑반찬 김치,한식,반찬,마늘쫑 200g 새우(마른것) 한줌,마늘쫑굴소스볶음 밑반찬 김치 한식 반찬 마늘쫑 200g 새우(마른것) 한줌
마른오징어조림,밑반찬 김치,한식,반찬,마른오징어 2마리,마른오징어조림 밑반찬 김치 한식 반찬 마른오징어 2마리
매실장아찌,밑반찬 김치,한식,반찬,매실 1kg,매실장아찌 밑반찬 김치 한식 반찬 매실 1kg
무말랭이장아찌,밑반찬 김치,한식,반찬,무 600g,무말랭이장아찌 밑반찬 김치 한식 반찬 무 600g
무우갑장과,밑반찬 김치,한식,반찬,무 300g 쇠고기 50g,무우갑장과 밑반찬 김치 한식 반찬 무 300g 쇠고기 50g
무초김치,밑반찬 김치,한식,반찬,무 1/2,무초김치 밑반찬 김치 한식 반찬 무 1/2
미나리나물,밑반찬 김치,한식,반찬,미나리 1/2단,미나리나물 밑반찬 김치 한식 반찬 미나리 1/2단
배추겉절이,밑반찬 김치,한식,반찬,배추 1/4통,배추겉절이 밑반찬 김치 한식 반찬 배추 1/4통
봄동겉절이,밑반찬 김치,한식,반찬,봄동 100g,봄동겉절이 밑반찬 김치 한식 반찬 봄동 100g
붉은갓동치미,밑반찬 김치,한식,반찬,무(1/2kg 정도 크기) 1개 붉은갓 50g,붉은갓동치미 밑반찬 김치 한식 반찬 무(1/2kg 정도 크기) 1개 붉은갓 50g
새송이장조림,밑반찬 김치,한식,반찬,새송이버섯 3개,새송이장조림 밑반찬 김치 한식 반찬 새송이버섯 3개
섞박지,밑반찬 김치,한식,반찬,배추 2포기 무 2개,섞박지 밑반찬 김치 한식 반찬 배추 2포기 무 2개
시금치나물,밑반찬 김치,한식,반찬,시금치 1/2단,시금치나물 밑반찬 김치 한식 반찬 시금치 1/2단
양파김치,밑반찬 김치,한식,반찬,양파 3개 부추 30g,양파김치 밑반찬 김치 한식 반찬 양파 3개 부추 30g
오이갑장과,밑반찬 김치,한식,반찬,오이 2개 쇠고기 60g,오이갑장과 밑반찬 김치 한식 반찬 오이 2개 쇠고기 60g
오징어젓갈,밑반찬 김치,한식,반찬,오징어 1마리,오징어젓갈 밑반찬 김치 한식 반찬 오징어 1마리
잔멸치된장볶음,밑반찬 김치,한식,반찬,잔멸치 100g 된장 1작은술 밥 4공기,잔멸치된장볶음 밑반찬 김치 한식 반찬 잔멸치 100g 된장 1작은술 밥 4공기
잔멸치파래튀김,밑반찬 김치,한식,반찬,잔멸치 200g 파래김 100g,잔멸치파래튀김 밑반찬 김치 한식 반찬 잔멸치 200g 파래김 100g
채소피클깻잎말이,밑반찬 김치,한식,반찬,오이 1/2개 무 1/6개 당근 1/2개 깻잎 15장 미나리 1/3단,채소피클깻잎말이 밑반찬 김치 한식 반찬 오이 1/2개 무 1/6개 당근 1/2개 깻잎 15장 미나리 1/3단
콩나물무침,밑반찬 김치,한식,반찬,콩나물 600g,콩나물무침 밑반찬 김치 한식 반찬 콩나물 600g
콩나물미나리무침,밑반찬 김치,한식,반찬,콩나물 40g 미나리 3줄기,콩나물미나리무침 밑반찬 김치 한식 반찬 콩나물 40g 미나리 3줄기
통마늘장아찌,밑반찬 김치,한식,반찬,통마늘 20쪽,통마늘장아찌 밑반찬 김치 한식 반찬 통마늘 20쪽
파래무침,밑반찬 김치,한식,반찬,파래 50g,파래무침 밑반찬 김치 한식 반찬 파래 50g
향신양념무장아찌,밑반찬 김치,한식,반찬,무 600g,향신양념무장아찌 밑반찬 김치 한식 반찬 무 600g
향신양념콩나물무침,밑반찬 김치,한식,반찬,콩나물 150g,향신양념콩나물무침 밑반찬 김치 한식 반찬 콩나물 150g
홍차계란장조림,밑반찬 김치,한식,반찬,홍차티백 4개 계란 5개,홍차계란장조림 밑반찬 김치 한식 반찬 홍차티백 4개 계란 5개
가래떡꼬치,도시락 간식,한식,간식,가래떡 1줄,가래떡꼬치 도시락 간식 한식 간식 가래떡 1줄
고구마맛탕,도시락 간식,한식,반찬,고구마 300g,고구마맛탕 도시락 간식 한식 반찬 고구마 300g
밤맛탕,도시락 간식,한식,반찬,밤 20알 설탕 1/2컵,밤맛탕 도시락 간식 한식 반찬 밤 20알 설탕 1/2컵
사과탕,도시락 간식,한식,반찬,사과 1개,사과탕 도시락 간식 한식 반찬 사과 1개
오색주먹밥도시락,도시락 간식,한식,메인요리,쌀 2와1/2컵 다진쇠고기(우둔) 20g 표고버섯 2장 멸치 10g 단무지 10g 김치 20g,오색주먹밥도시락 도시락 간식 한식 메인요리 쌀 2와1/2컵 다진쇠고기(우둔) 20g 표고버섯 2장 멸치 10g 단무지 10g 김치 20g
주먹밥,도시락 간식,한식,메인요리,밥 300g 쇠고기(안심) 100g,주먹밥 도시락 간식 한식 메인요리 밥 300g 쇠고기(안심) 100g
불고기양념,양념장,한식,반찬,간장 1/2컵 배 1/2개,불고기양념 양념장 한식 반찬 간장 1/2컵 배 1/2개
쌈장,양념장,한식,반찬,고추장 1큰술,쌈장 양념장 한식 반찬 고추장 1큰술
약고추장,양념장,한식,반찬,고추장 1컵 다진쇠고기(안심) 80g,약고추장 양념장 한식 반찬 고추장 1컵 다진쇠고기(안심) 80g
개성주악,떡 한과,한식,간식,찹쌀 1kg 밀가루 1컵 막걸리 1컵 뜨거운 물 1큰술,개성주악 떡 한과 한식 간식 찹쌀 1kg 밀가루 1컵 막걸리 1컵 뜨거운 물 1큰술
건포도강정,떡 한과,한식,간식,건포도 1/2컵 땅콩 아몬드 호두 깨 1 1/2컵,건포도강정 떡 한과 한식 간식 건포도 1/2컵 땅콩 아몬드 호두 깨 1 1/2컵
건포도오색경단,떡 한과,한식,간식,찹쌀가루 2컵,건포도오색경단 떡 한과 한식 간식 찹쌀가루 2컵
사색경단,떡 한과,한식,간식,찹쌀가루 2컵,사색경단 떡 한과 한식 간식 찹쌀가루 2컵
삼색매작과,떡 한과,한식,간식,밀가루 3컵 다진생강 1큰술 파래가루 1큰술 보리새우 1큰술,삼색매작과 떡 한과 한식 간식 밀가루 3컵 다진생강 1큰술 파래가루 1큰술 보리새우 1큰술
新고구마경단,떡 한과,한식,간식,고구마 2개 인절미 적당량 카스테라 1개,新고구마경단 떡 한과 한식 간식 고구마 2개 인절미 적당량 카스테라 1개
아몬드녹차설기,떡 한과,한식,간식,멥쌀가루 5컵,아몬드녹차설기 떡 한과 한식 간식 멥쌀가루 5컵
인절미,떡 한과,한식,간식,찹쌀 1/4되,인절미 떡 한과 한식 간식 찹쌀 1/4되
찬밥인절미,떡 한과,한식,간식,찬밥 3공기,찬밥인절미 떡 한과 한식 간식 찬밥 3공기
화전,떡 한과,한식,간식,찹쌀가루 160g,화전 떡 한과 한식 간식 찹쌀가루 160g
화전,떡 한과,한식,간식,찹쌀가루 160g,화전 떡 한과 한식 간식 찹쌀가루 160g
미모사케이크,빵 과자,한식,간식,박력분 350,미모사케이크 빵 과자 한식 간식 박력분 350
과일팥빙수,음료,한식,간식,얼음 8개 팥 2큰술,과일팥빙수 음료 한식 간식 얼음 8개 팥 2큰술
대추생강차,음료,한식,간식,대추 10개 생강 1개 꿀 약간,대추생강차 음료 한식 간식 대추 10개 생강 1개 꿀 약간
대추차,음료,한식,간식,대추 20알,대추차 음료 한식 간식 대추 20알
배숙,음료,한식,간식,배 1/4개,배숙 음료 한식 간식 배 1/4개
생강차,음료,한식,간식,생강 6쪽,생강차 음료 한식 간식 생강 6쪽
수박화채,음료,한식,간식,수박 1/4통,수박화채 음료 한식 간식 수박 1/4통
수정과샤베트,음료,한식,간식,수정과 2컵,수정과샤베트 음료 한식 간식 수정과 2컵
오과차,음료,한식,간식,황률(말린밤) 10개 대추 10개 말린인삼 1뿌리,오과차 음료 한식 간식 황률(말린밤) 10개 대추 10개 말린인삼 1뿌리
유자차,음료,한식,간식,유자 1kg,유자차 음료 한식 간식 유자 1kg
젤리팥빙수,음료,한식,간식,우유 200ml 팥(조린것) 3큰술,젤리팥빙수 음료 한식 간식 우유 200ml 팥(조린것) 3큰술
감자수제비,만두 면류,한식,메인요리,밀가루 4컵 감자 2개,감자수제비 만두 면류 한식 메인요리 밀가루 4컵 감자 2개
고덕칡냉면,만두 면류,한식,메인요리,양지머리 30g 칡냉면 150g,고덕칡냉면 만두 면류 한식 메인요리 양지머리 30g 칡냉면 150g
고추장볶음칼국수,만두 면류,한식,메인요리,생칼국수 150g 느타리버섯 40g 오징어 1/2마리,고추장볶음칼국수 만두 면류 한식 메인요리 생칼국수 150g 느타리버섯 40g 오징어 1/2마리
고추장얼큰라면,만두 면류,한식,메인요리,라면 2개 고추장 1/2큰술,고추장얼큰라면 만두 면류 한식 메인요리 라면 2개 고추장 1/2큰술
국수냄비,만두 면류,한식,메인요리,사태 400g 가래떡 200g 국수 200g,국수냄비 만두 면류 한식 메인요리 사태 400g 가래떡 200g 국수 200g
김치수제비,만두 면류,한식,메인요리,밀가루 2컵 계란 1개 식용유 1작은술 물 약간,김치수제비 만두 면류 한식 메인요리 밀가루 2컵 계란 1개 식용유 1작은술 물 약간
냉소면,만두 면류,한식,메인요리,소면 400g 계란 2개 꽃어묵(야마보고) 1개,냉소면 만두 면류 한식 메인요리 소면 400g 계란 2개 꽃어묵(야마보고) 1개
대대로닭칼국수,만두 면류,한식,메인요리,날콩가루 100g 밀가루 100g 닭 1마리,대대로닭칼국수 만두 면류 한식 메인요리 날콩가루 100g 밀가루 100g 닭 1마리
된장채소수제비,만두 면류,한식,메인요리,표고버섯 2개 감자 1개 밀가루 2컵,된장채소수제비 만두 면류 한식 메인요리 표고버섯 2개 감자 1개 밀가루 2컵
미역수제비,만두 면류,한식,메인요리,닭고기 500g 미역 10g 밀가루 1컵,미역수제비 만두 면류 한식 메인요리 닭고기 500g 미역 10g 밀가루 1컵
바지락칼국수,만두 면류,한식,메인요리,칼국수 300g 바지락 200g 애호박 1/4개,바지락칼국수 만두 면류 한식 메인요리 칼국수 300g 바지락 200g 애호박 1/4개
볶음유니자장,만두 면류,한식,메인요리,국수(생면) 200g 춘장 약간,볶음유니자장 만두 면류 한식 메인요리 국수(생면) 200g 춘장 약간
비빔국수,만두 면류,한식,메인요리,국수 400g,비빔국수 만두 면류 한식 메인요리 국수 400g
비빔쌀국수,만두 면류,한식,메인요리,쌀국수 500g,비빔쌀국수 만두 면류 한식 메인요리 쌀국수 500g
서리태콩국수,만두 면류,한식,메인요리,서리태콩 1컵 소면 150g,서리태콩국수 만두 면류 한식 메인요리 서리태콩 1컵 소면 150g
오징어무침냉면,만두 면류,한식,메인요리,냉면국수 500g 오징어 1마리 오이 1개 무 5cm토막 다진파 1큰술,오징어무침냉면 만두 면류 한식 메인요리 냉면국수 500g 오징어 1마리 오이 1개 무 5cm토막 다진파 1큰술
온면,만두 면류,한식,메인요리,국수 300g,온면 만두 면류 한식 메인요리 국수 300g
유부만두탕,만두 면류,한식,메인요리,유부 10장 두부 1/2모 배추김치 1/3포기 쇠고기 50g,유부만두탕 만두 면류 한식 메인요리 유부 10장 두부 1/2모 배추김치 1/3포기 쇠고기 50g
잔치국수,만두 면류,한식,메인요리,쇠고기(우둔 또는 양지) 20g 소면 300g,잔치국수 만두 면류 한식 메인요리 쇠고기(우둔 또는 양지) 20g 소면 300g
카레라면,만두 면류,한식,메인요리,카레가루 30g 라면 1개,카레라면 만두 면류 한식 메인요리 카레가루 30g 라면 1개
해장라면,만두 면류,한식,메인요리,라면 4개 배추김치 1/4포기 표고버섯 4개 콩나물 50g 햄 30g 게맛살 2개,해장라면 만두 면류 한식 메인요리 라면 4개 배추김치 1/4포기 표고버섯 4개 콩나물 50g 햄 30g 게맛살 2개
갈치맑은찌개,찌개 전골 스튜,한식,메인요리,갈치 4토막,갈치맑은찌개 찌개 전골 스튜 한식 메인요리 갈치 4토막
굴북어찌개,찌개 전골 스튜,한식,메인요리,굴 150g 북어 1/4마리,굴북어찌개 찌개 전골 스튜 한식 메인요리 굴 150g 북어 1/4마리
김치찌개,찌개 전골 스튜,한식,메인요리,배추김치 1/4포기 대파 1뿌리,김치찌개 찌개 전골 스튜 한식 메인요리 배추김치 1/4포기 대파 1뿌리
낙지연포탕,찌개 전골 스튜,한식,메인요리,낙지 2마리 모시조개 5개,낙지연포탕 찌개 전골 스튜 한식 메인요리 낙지 2마리 모시조개 5개
대구지리탕,찌개 전골 스튜,한식,메인요리,대구 1마리,대구지리탕 찌개 전골 스튜 한식 메인요리 대구 1마리
동태찌개,찌개 전골 스튜,한식,메인요리,동태 1마리 무 300g,동태찌개 찌개 전골 스튜 한식 메인요리 동태 1마리 무 300g
된장찌개,찌개 전골 스튜,한식,메인요리,두부 1/2모 순창콩된장 50g,된장찌개 찌개 전골 스튜 한식 메인요리 두부 1/2모 순창콩된장 50g
두부젓국찌개,찌개 전골 스튜,한식,메인요리,두부 1/2모 된장 50g,두부젓국찌개 찌개 전골 스튜 한식 메인요리 두부 1/2모 된장 50g
모시조개탕,찌개 전골 스튜,한식,메인요리,모시조개 400g,모시조개탕 찌개 전골 스튜 한식 메인요리 모시조개 400g
버섯두부찌개,찌개 전골 스튜,한식,메인요리,두부 1모 돼지고기 50g 느타리버섯 50g 표고버섯 2장 팽이버섯 50g,버섯두부찌개 찌개 전골 스튜 한식 메인요리 두부 1모 돼지고기 50g 느타리버섯 50g 표고버섯 2장 팽이버섯 50g
버섯탕,찌개 전골 스튜,한식,메인요리,표고버섯(말린것) 3개 새송이 2개 청경채 1송이,버섯탕 찌개 전골 스튜 한식 메인요리 표고버섯(말린것) 3개 새송이 2개 청경채 1송이
부대찌개,찌개 전골 스튜,한식,메인요리,햄 150g 프랑크소시지 2개 김치 1/2포기,부대찌개 찌개 전골 스튜 한식 메인요리 햄 150g 프랑크소시지 2개 김치 1/2포기
순두부찌개,찌개 전골 스튜,한식,메인요리,순두부 800g,순두부찌개 찌개 전골 스튜 한식 메인요리 순두부 800g
애호박된장찌개,찌개 전골 스튜,한식,메인요리,애호박 150g 두부 150g 된장 1/2컵,애호박된장찌개 찌개 전골 스튜 한식 메인요리 애호박 150g 두부 150g 된장 1/2컵
얼큰어묵탕,찌개 전골 스튜,한식,메인요리,어묵 1팩 무 1/3개,얼큰어묵탕 찌개 전골 스튜 한식 메인요리 어묵 1팩 무 1/3개
오징어섞어찌개,찌개 전골 스튜,한식,메인요리,오징어 1마리 두부 1/2모 모시조개 5개 김치 30g,오징어섞어찌개 찌개 전골 스튜 한식 메인요리 오징어 1마리 두부 1/2모 모시조개 5개 김치 30g
오징어찌개,찌개 전골 스튜,한식,메인요리,오징어 1마리 쇠고기(우둔) 100g,오징어찌개 찌개 전골 스튜 한식 메인요리 오징어 1마리 쇠고기(우둔) 100g
조기매운탕,찌개 전골 스튜,한식,메인요리,조기 2마리,조기매운탕 찌개 전골 스튜 한식 메인요리 조기 2마리
참치김치찌개,찌개 전골 스튜,한식,메인요리,김치 1/4포기 참치 1캔,참치김치찌개 찌개 전골 스튜 한식 메인요리 김치 1/4포기 참치 1캔
청국장찌개,찌개 전골 스튜,한식,메인요리,청국장 1컵 쇠고기(우둔) 100g 무 1/6개,청국장찌개 찌개 전골 스튜 한식 메인요리 청국장 1컵 쇠고기(우둔) 100g 무 1/6개
해물지지기,찌개 전골 스튜,한식,메인요리,새우 2마리 모시조개 100g 오징어 1/2마리,해물지지기 찌개 전골 스튜 한식 메인요리 새우 2마리 모시조개 100g 오징어 1/2마리
호박두부찌개,찌개 전골 스튜,한식,메인요리,호박 1개 두부 1/2모,호박두부찌개 찌개 전골 스튜 한식 메인요리 호박 1개 두부 1/2모
계란말이,부침,한식,메인요리,계란 4개,계란말이 부침 한식 메인요리 계란 4개
고구마전,부침,한식,메인요리,밀가루 4큰술 계란 2개 홍고추 1/2개,고구마전 부침 한식 메인요리 밀가루 4큰술 계란 2개 홍고추 1/2개
고추장떡,부침,한식,메인요리,밀가루 2컵 고추장 1큰술 된장 1큰술 부추 1/4단,고추장떡 부침 한식 메인요리 밀가루 2컵 고추장 1큰술 된장 1큰술 부추 1/4단
굴청경채부침개,부침,한식,메인요리,생굴(중) 20개,굴청경채부침개 부침 한식 메인요리 생굴(중) 20개
김치동그랑땡,부침,한식,메인요리,김치 1/6포기 감자 1개 두부 1/4모,김치동그랑땡 부침 한식 메인요리 김치 1/6포기 감자 1개 두부 1/4모
김치적,부침,한식,메인요리,김치 200g 쇠고기(우둔) 100g 표고버섯 5장 통도라지 100g,김치적 부침 한식 메인요리 김치 200g 쇠고기(우둔) 100g 표고버섯 5장 통도라지 100g
김치콩비지전,부침,한식,메인요리,콩비지 1컵 밀가루 1컵 베이컨 2장 대파 1뿌리 김치 1/6포기,김치콩비지전 부침 한식 메인요리 콩비지 1컵 밀가루 1컵 베이컨 2장 대파 1뿌리 김치 1/6포기
누룽적,부침,한식,메인요리,느타리버섯 30g 쇠고기(우둔) 50g 도라지 50g 실파 10뿌리,누룽적 부침 한식 메인요리 느타리버섯 30g 쇠고기(우둔) 50g 도라지 50g 실파 10뿌리
달래굴파전,부침,한식,메인요리,달래 100g 굴 80g 밀가루 1컵,달래굴파전 부침 한식 메인요리 달래 100g 굴 80g 밀가루 1컵
달래지짐,부침,한식,메인요리,달래 100g,달래지짐 부침 한식 메인요리 달래 100g
대구전,부침,한식,메인요리,대구살 200g,대구전 부침 한식 메인요리 대구살 200g
대구전,부침,한식,메인요리,대구(냉동) 400g,대구전 부침 한식 메인요리 대구(냉동) 400g
대파산적,부침,한식,메인요리,대파 3대 고기(산적용) 200g,대파산적 부침 한식 메인요리 대파 3대 고기(산적용) 200g
동그랑땡,부침,한식,메인요리,두부 1/4모 쇠고기(등심 사태) 100g,동그랑땡 부침 한식 메인요리 두부 1/4모 쇠고기(등심 사태) 100g
두부완자전,부침,한식,메인요리,두부 1/4모 쇠고기(등심) 100g,두부완자전 부침 한식 메인요리 두부 1/4모 쇠고기(등심) 100g
두부전,부침,한식,메인요리,두부 1/2모,두부전 부침 한식 메인요리 두부 1/2모
두부파프리카전,부침,한식,메인요리,두부 반모 파프리카 2개,두부파프리카전 부침 한식 메인요리 두부 반모 파프리카 2개
모듬전,부침,한식,메인요리,감자 1개 양파 1개 밀가루 1/3컵 깻잎 6장,모듬전 부침 한식 메인요리 감자 1개 양파 1개 밀가루 1/3컵 깻잎 6장
부추부침개,부침,한식,메인요리,밀가루 1컵 찹쌀가루 4큰술 부추 200g 청고추 10개 오징어 1마리,부추부침개 부침 한식 메인요리 밀가루 1컵 찹쌀가루 4큰술 부추 200g 청고추 10개 오징어 1마리
산적,부침,한식,메인요리,쇠고기 50g 느타리버섯 30g 실파 10뿌리 도라지 50g,산적 부침 한식 메인요리 쇠고기 50g 느타리버섯 30g 실파 10뿌리 도라지 50g
"삼색전(고등어,갈치,새우)",부침,한식,메인요리,고등어 1/4마리 갈치 1/2마리 새우 3마리,"삼색전(고등어,갈치,새우) 부침 한식 메인요리 고등어 1/4마리 갈치 1/2마리 새우 3마리"
생선감자채구이,부침,한식,메인요리,동태 1마리 감자 1개,생선감자채구이 부침 한식 메인요리 동태 1마리 감자 1개
생선전,부침,한식,메인요리,대구살 200g,생선전 부침 한식 메인요리 대구살 200g
스위트콘참치전,부침,한식,메인요리,옥수수통조림 1/2캔 전분 1/2컵 참치통조림 1캔,스위트콘참치전 부침 한식 메인요리 옥수수통조림 1/2캔 전분 1/2컵 참치통조림 1캔
시금치계란말이,부침,한식,메인요리,시금치 20g 계란 3개,시금치계란말이 부침 한식 메인요리 시금치 20g 계란 3개
양파전,부침,한식,메인요리,양파 2개,양파전 부침 한식 메인요리 양파 2개
연근전,부침,한식,메인요리,연근 50g 계란 1개,연근전 부침 한식 메인요리 연근 50g 계란 1개
오징어채소부침,부침,한식,메인요리,오징어 1마리 쇠고기 100g 감자 3개,오징어채소부침 부침 한식 메인요리 오징어 1마리 쇠고기 100g 감자 3개
찬밥전,부침,한식,메인요리,찬밥 1공기 참치(통조림) 1/2통 양파 1/4개 당근 1/4개,찬밥전 부침 한식 메인요리 찬밥 1공기 참치(통조림) 1/2통 양파 1/4개 당근 1/4개
찬밥지짐이,부침,한식,메인요리,찬밥 1공기,찬밥지짐이 부침 한식 메인요리 찬밥 1공기
참치완자전,부침,한식,메인요리,두부 1모 참치 80g 깻잎 10장,참치완자전 부침 한식 메인요리 두부 1모 참치 80g 깻잎 10장
참치채소전,부침,한식,메인요리,참치캔 1개 계란 1개 청고추 1개 홍고추 1개,참치채소전 부침 한식 메인요리 참치캔 1개 계란 1개 청고추 1개 홍고추 1개
채소감자지짐,부침,한식,메인요리,감자 2개,채소감자지짐 부침 한식 메인요리 감자 2개
표고전,부침,한식,메인요리,표고버섯 15장 쇠고기 150g,표고전 부침 한식 메인요리 표고버섯 15장 쇠고기 150g
호박전,부침,한식,메인요리,애호박 1개,호박전 부침 한식 메인요리 애호박 1개
가지볶음,볶음,한식,반찬,가지 2개,가지볶음 볶음 한식 반찬 가지 2개
가지쇠고기볶음,볶음,한식,메인요리,가지 1개 쇠고기(등심) 100g,가지쇠고기볶음 볶음 한식 메인요리 가지 1개 쇠고기(등심) 100g
가지와마른새우무침,볶음,한식,메인요리,가지 1개 마른새우 20g,가지와마른새우무침 볶음 한식 메인요리 가지 1개 마른새우 20g
개조개쌈장볶음,볶음,한식,메인요리,개조개 2마리,개조개쌈장볶음 볶음 한식 메인요리 개조개 2마리
고구마줄기볶음,볶음,한식,메인요리,고구마줄기 25g,고구마줄기볶음 볶음 한식 메인요리 고구마줄기 25g
고사리볶음,볶음,한식,메인요리,말린고사리 30g,고사리볶음 볶음 한식 메인요리 말린고사리 30g
고추장불고기,볶음,한식,메인요리,돼지고기(목살) 400g 청고추 1개 홍고추 1개 고추장 2큰술 다진생강 1/2작은술 설탕 1/2작은술 간장 1작은술 청주 1큰술 다진마늘 1큰술 물엿 1큰술 후춧가루 약간 참기름 약간,고추장불고기 볶음 한식 메인요리 돼지고기(목살) 400g 청고추 1개 홍고추 1개 고추장 2큰술 다진생강 1/2작은술 설탕 1/2작은술 간장 1작은술 청주 1큰술 다진마늘 1큰술 물엿 1큰술 후춧가루 약간 참기름 약간
골뱅이볶음,볶음,한식,메인요리,골뱅이(통조림) 1개,골뱅이볶음 볶음 한식 메인요리 골뱅이(통조림) 1개
굴소스 죽순버섯볶음,볶음,한식,반찬,죽순 1캔 느타리버섯 30g 새송이버섯 30g 팽이버섯 1봉지,굴소스 죽순버섯볶음 볶음 한식 반찬 죽순 1캔 느타리버섯 30g 새송이버섯 30g 팽이버섯 1봉지
낙지불고기,볶음,한식,메인요리,쇠고기 150g 낙지 2마리,낙지불고기 볶음 한식 메인요리 쇠고기 150g 낙지 2마리
느타리버섯볶음,볶음,한식,반찬,느타리버섯 80g,느타리버섯볶음 볶음 한식 반찬 느타리버섯 80g
두부구이와 버섯볶음,볶음,한식,반찬,두부 1모 새송이버섯 2개 팽이버섯 1/2봉,두부구이와 버섯볶음 볶음 한식 반찬 두부 1모 새송이버섯 2개 팽이버섯 1/2봉
두부김치,볶음,한식,메인요리,두부 1모 배추김치 1/2포기,두부김치 볶음 한식 메인요리 두부 1모 배추김치 1/2포기
라볶이,볶음,한식,메인요리,라면 1봉 떡 30g 어묵 30g,라볶이 볶음 한식 메인요리 라면 1봉 떡 30g 어묵 30g
마른새우볶음,볶음,한식,반찬,마른새우 2컵,마른새우볶음 볶음 한식 반찬 마른새우 2컵
멸치꽈리고추볶음,볶음,한식,반찬,꽈리고추 200g 멸치 30g,멸치꽈리고추볶음 볶음 한식 반찬 꽈리고추 200g 멸치 30g
멸치볶음,볶음,한식,반찬,잔멸치 1컵,멸치볶음 볶음 한식 반찬 잔멸치 1컵
버섯볶음,볶음,한식,반찬,느타리버섯 30g 새송이버섯 30g 팽이버섯 1봉지,버섯볶음 볶음 한식 반찬 느타리버섯 30g 새송이버섯 30g 팽이버섯 1봉지
버섯볶음과들깨소스,볶음,한식,반찬,표고버섯 20g 느타리버섯 40g 새송이버섯 40g 팽이버섯 50g 양송이버섯 30g,버섯볶음과들깨소스 볶음 한식 반찬 표고버섯 20g 느타리버섯 40g 새송이버섯 40g 팽이버섯 50g 양송이버섯 30g
버섯잡채,볶음,한식,반찬,느타리버섯 60g 표고버섯 3장 팽이버섯 30g,버섯잡채 볶음 한식 반찬 느타리버섯 60g 표고버섯 3장 팽이버섯 30g
버터오징어채볶음,볶음,한식,반찬,오징어채 50g 버터 2큰술,버터오징어채볶음 볶음 한식 반찬 오징어채 50g 버터 2큰술
보고또보고닭발,볶음,한식,메인요리,닭발 200g,보고또보고닭발 볶음 한식 메인요리 닭발 200g
부추잡채,볶음,한식,반찬,부추 1/4단 돼지고기(안심) 100g,부추잡채 볶음 한식 반찬 부추 1/4단 돼지고기(안심) 100g
불고기,볶음,한식,메인요리,쇠고기(등심) 500g,불고기 볶음 한식 메인요리 쇠고기(등심) 500g
순대볶음,볶음,한식,메인요리,순대 300g,순대볶음 볶음 한식 메인요리 순대 300g
어묵볶음,볶음,한식,반찬,어묵 100g,어묵볶음 볶음 한식 반찬 어묵 100g
연근볶음,볶음,한식,반찬,연근 150g,연근볶음 볶음 한식 반찬 연근 150g
오징어떡볶음,볶음,한식,메인요리,오징어 1마리 떡볶이떡 50g,오징어떡볶음 볶음 한식 메인요리 오징어 1마리 떡볶이떡 50g
오징어볶음과소면,볶음,한식,메인요리,오징어 1마리,오징어볶음과소면 볶음 한식 메인요리 오징어 1마리
오징어삼겹살볶음,볶음,한식,메인요리,오징어 1마리 돼지고기(삼겹살) 200g,오징어삼겹살볶음 볶음 한식 메인요리 오징어 1마리 돼지고기(삼겹살) 200g
오징어채볶음,볶음,한식,반찬,오징어채 100g 고추장 1큰술 설탕 1큰술,오징어채볶음 볶음 한식 반찬 오징어채 100g 고추장 1큰술 설탕 1큰술
잔멸치쌈장볶음,볶음,한식,반찬,잔멸치 100g,잔멸치쌈장볶음 볶음 한식 반찬 잔멸치 100g
청경채닭고기볶음,볶음,한식,메인요리,닭다리 2개 청경채 70g,청경채닭고기볶음 볶음 한식 메인요리 닭다리 2개 청경채 70g
고구마스프,밥 죽 스프,서양,메인요리,고구마 2개 우유(또는 물) 1컵,고구마스프 밥 죽 스프 서양 메인요리 고구마 2개 우유(또는 물) 1컵
닭살크림수프,밥 죽 스프,서양,메인요리,닭(가슴살) 100g 우유 2컵,닭살크림수프 밥 죽 스프 서양 메인요리 닭(가슴살) 100g 우유 2컵
덴마크식당근스프,밥 죽 스프,서양,메인요리,당근(잘게 썬것) 1/2개 크림치즈 200g,덴마크식당근스프 밥 죽 스프 서양 메인요리 당근(잘게 썬것) 1/2개 크림치즈 200g
러시안수프,밥 죽 스프,서양,메인요리,쇠고기(사태) 100g,러시안수프 밥 죽 스프 서양 메인요리 쇠고기(사태) 100g
모듬콩수프,밥 죽 스프,서양,메인요리,콩(메주콩 검은콩 외) 각 100g,모듬콩수프 밥 죽 스프 서양 메인요리 콩(메주콩 검은콩 외) 각 100g
버섯스프,밥 죽 스프,서양,메인요리,버섯 6개,버섯스프 밥 죽 스프 서양 메인요리 버섯 6개
버섯크림수프,밥 죽 스프,서양,메인요리,양송이 10개,버섯크림수프 밥 죽 스프 서양 메인요리 양송이 10개
베이비콘채소스프,밥 죽 스프,서양,메인요리,베비이콘 70g,베이비콘채소스프 밥 죽 스프 서양 메인요리 베비이콘 70g
브로콜리수프,밥 죽 스프,서양,메인요리,브로콜리 100g 생크림 50ml 닭육수 400g,브로콜리수프 밥 죽 스프 서양 메인요리 브로콜리 100g 생크림 50ml 닭육수 400g
양송이크림수프,밥 죽 스프,서양,메인요리,양송이버섯 150g 생크림 3큰술,양송이크림수프 밥 죽 스프 서양 메인요리 양송이버섯 150g 생크림 3큰술
어니언그라탱수프,밥 죽 스프,서양,메인요리,양파 2개 바게트빵 2장 마늘 1개,어니언그라탱수프 밥 죽 스프 서양 메인요리 양파 2개 바게트빵 2장 마늘 1개
오므라이스,밥 죽 스프,서양,메인요리,계란 3개 밥 2공기,오므라이스 밥 죽 스프 서양 메인요리 계란 3개 밥 2공기
완두콩감자수프,밥 죽 스프,서양,메인요리,완두콩 1컵 감자 1/2개,완두콩감자수프 밥 죽 스프 서양 메인요리 완두콩 1컵 감자 1/2개
완두콩수프,밥 죽 스프,서양,메인요리,완두콩(통조림) 200g,완두콩수프 밥 죽 스프 서양 메인요리 완두콩(통조림) 200g
인도식과일카레라이스,밥 죽 스프,서양,메인요리,밥 2인분 카레 100g,인도식과일카레라이스 밥 죽 스프 서양 메인요리 밥 2인분 카레 100g
채소수프,밥 죽 스프,서양,메인요리,감자 2개 홀토마토 4개,채소수프 밥 죽 스프 서양 메인요리 감자 2개 홀토마토 4개
채소스프,밥 죽 스프,서양,메인요리,당근 1/4개 양파 1/2개 샐러리 1/3대 피망 1개 무 20g,채소스프 밥 죽 스프 서양 메인요리 당근 1/4개 양파 1/2개 샐러리 1/3대 피망 1개 무 20g
치즈라이스볼,밥 죽 스프,서양,메인요리,밥 1공기 치즈(슬라이스) 3장,치즈라이스볼 밥 죽 스프 서양 메인요리 밥 1공기 치즈(슬라이스) 3장
콘크림수프,밥 죽 스프,서양,메인요리,스위트콘 1캔,콘크림수프 밥 죽 스프 서양 메인요리 스위트콘 1캔
껍질콩버터조림,조림,서양,반찬,껍질콩 400g 베이컨 50g 양상추 1/2개,껍질콩버터조림 조림 서양 반찬 껍질콩 400g 베이컨 50g 양상추 1/2개
돼지고기바베큐,조림,서양,메인요리,돼지고기 300g,돼지고기바베큐 조림 서양 메인요리 돼지고기 300g
가지토마토그라탕,구이,서양,메인요리,토마토 2개 가지 1개,가지토마토그라탕 구이 서양 메인요리 토마토 2개 가지 1개
감자오븐구이,구이,서양,메인요리,감자 2개,감자오븐구이 구이 서양 메인요리 감자 2개
닭가슴살구이와채소샐러드,구이,서양,메인요리,닭가슴살 100g 양상추 30g,닭가슴살구이와채소샐러드 구이 서양 메인요리 닭가슴살 100g 양상추 30g
등심스테이크,구이,서양,메인요리,쇠고기(등심) 200g,등심스테이크 구이 서양 메인요리 쇠고기(등심) 200g
레이즌닭다리스테이크,구이,서양,메인요리,닭다리 2개,레이즌닭다리스테이크 구이 서양 메인요리 닭다리 2개
베이컨햄말이,구이,서양,메인요리,베이컨 10 햄 10개,베이컨햄말이 구이 서양 메인요리 베이컨 10 햄 10개
비프채소롤,구이,서양,메인요리,쇠고기(홍두깨살) 500g,비프채소롤 구이 서양 메인요리 쇠고기(홍두깨살) 500g
속채운감자,구이,서양,메인요리,감자 2개,속채운감자 구이 서양 메인요리 감자 2개
아스파라거스베이컨말이,구이,서양,메인요리,아스파라거스 200g 메추리알 8개 베이컨 16장,아스파라거스베이컨말이 구이 서양 메인요리 아스파라거스 200g 메추리알 8개 베이컨 16장
오븐감자구이,구이,서양,메인요리,감자 4개,오븐감자구이 구이 서양 메인요리 감자 4개
오븐채소구이,구이,서양,메인요리,고구마 2개 단호박 1/2개 가지 1개 당근 1/2개,오븐채소구이 구이 서양 메인요리 고구마 2개 단호박 1/2개 가지 1개 당근 1/2개
치즈고기말이,구이,서양,메인요리,쇠고기(불고기) 150g 모짜렐라치즈 100g,치즈고기말이 구이 서양 메인요리 쇠고기(불고기) 150g 모짜렐라치즈 100g
치즈연어구이,구이,서양,메인요리,연어 200g 치즈(슬라이스) 2장,치즈연어구이 구이 서양 메인요리 연어 200g 치즈(슬라이스) 2장
콘버터,구이,서양,메인요리,옥수수통조림 1캔 피자치즈 한줌,콘버터 구이 서양 메인요리 옥수수통조림 1캔 피자치즈 한줌
콘치즈구이,구이,서양,메인요리,옥수수통조림 1/2캔 피자치즈 30g,콘치즈구이 구이 서양 메인요리 옥수수통조림 1/2캔 피자치즈 30g
토마토치즈구이,구이,서양,메인요리,토마토 5개 모짜렐라치즈 70g,토마토치즈구이 구이 서양 메인요리 토마토 5개 모짜렐라치즈 70g
홍합구이,구이,서양,메인요리,홍합 12개,홍합구이 구이 서양 메인요리 홍합 12개
홍합치즈구이,구이,서양,메인요리,홍합 20개,홍합치즈구이 구이 서양 메인요리 홍합 20개
고구마크로켓,튀김 커틀릿,서양,메인요리,고구마 4개,고구마크로켓 튀김 커틀릿 서양 메인요리 고구마 4개
고등어샐러드,튀김 커틀릿,서양,메인요리,고등어 1/2마리 양상추 1/2개,고등어샐러드 튀김 커틀릿 서양 메인요리 고등어 1/2마리 양상추 1/2개
골드 코스트 코코넛 쉬림프,튀김 커틀릿,서양,메인요리,새우(중하) 6마리,골드 코스트 코코넛 쉬림프 튀김 커틀릿 서양 메인요리 새우(중하) 6마리
닭날개너트봉,튀김 커틀릿,서양,메인요리,닭(날개) 5개,닭날개너트봉 튀김 커틀릿 서양 메인요리 닭(날개) 5개
머스터드소스와치킨너겟,튀김 커틀릿,서양,간식,닭(안심) 300g,머스터드소스와치킨너겟 튀김 커틀릿 서양 간식 닭(안심) 300g
모짜렐라치즈튀김,튀김 커틀릿,서양,간식,모짜렐라치즈 225g,모짜렐라치즈튀김 튀김 커틀릿 서양 간식 모짜렐라치즈 225g
미니핫도그,튀김 커틀릿,서양,간식,비엔나소시지 10개 빵가루 3컵,미니핫도그 튀김 커틀릿 서양 간식 비엔나소시지 10개 빵가루 3컵
베이컨메추리알말이,튀김 커틀릿,서양,메인요리,베이컨 10장 메추리알 10개,베이컨메추리알말이 튀김 커틀릿 서양 메인요리 베이컨 10장 메추리알 10개
식빵모서리튀김,튀김 커틀릿,서양,메인요리,식빵(모서리) 100g,식빵모서리튀김 튀김 커틀릿 서양 메인요리 식빵(모서리) 100g
양파링카레튀김,튀김 커틀릿,서양,메인요리,양파 1개,양파링카레튀김 튀김 커틀릿 서양 메인요리 양파 1개
옥수수크로켓,튀김 커틀릿,서양,메인요리,감자 2개 스위트콘 1/2캔,옥수수크로켓 튀김 커틀릿 서양 메인요리 감자 2개 스위트콘 1/2캔
치킨까스와 허니머스터드드레싱,튀김 커틀릿,서양,메인요리,닭안심 2조각,치킨까스와 허니머스터드드레싱 튀김 커틀릿 서양 메인요리 닭안심 2조각
튀김볼모듬,튀김 커틀릿,서양,메인요리,새우 200g 고등어 200g 굴비 200g 갈치 200g 오렌지 1개 방울토마토 약간,튀김볼모듬 튀김 커틀릿 서양 메인요리 새우 200g 고등어 200g 굴비 200g 갈치 200g 오렌지 1개 방울토마토 약간
프라이드그린토마토,튀김 커틀릿,서양,메인요리,토마토 2개 샐러드오일 약간,프라이드그린토마토 튀김 커틀릿 서양 메인요리 토마토 2개 샐러드오일 약간
허브를입혀튀긴고등어샐러리,튀김 커틀릿,서양,메인요리,고등어 1/2마리,허브를입혀튀긴고등어샐러리 튀김 커틀릿 서양 메인요리 고등어 1/2마리
허브를입혀튀긴새우와레몬드레싱,튀김 커틀릿,서양,메인요리,새우 3마리,허브를입혀튀긴새우와레몬드레싱 튀김 커틀릿 서양 메인요리 새우 3마리
단호박크림찜,찜,서양,메인요리,단호박 1/2개 크림치즈 3큰술,단호박크림찜 찜 서양 메인요리 단호박 1/2개 크림치즈 3큰술
제육배추찜,찜,서양,메인요리,돼지고기(갈은것) 300g 부추 50g 양파 1/4개 배춧잎 10장,제육배추찜 찜 서양 메인요리 돼지고기(갈은것) 300g 부추 50g 양파 1/4개 배춧잎 10장
토마토와찐갈치,찜,서양,메인요리,갈치 1마리 토마토 1/2개,토마토와찐갈치 찜 서양 메인요리 갈치 1마리 토마토 1/2개
건강식과일해산물샐러드,나물 생채 샐러드,서양,반찬,생홍합 10개 바지락 10개 파인애플 1쪽 사과 1/4개,건강식과일해산물샐러드 나물 생채 샐러드 서양 반찬 생홍합 10개 바지락 10개 파인애플 1쪽 사과 1/4개
과일샐러드,나물 생채 샐러드,서양,반찬,사과 1개 자몽 1개 샐러리 1대 오이 1개 딸기 4개,과일샐러드 나물 생채 샐러드 서양 반찬 사과 1개 자몽 1개 샐러리 1대 오이 1개 딸기 4개
과일샐러드,나물 생채 샐러드,서양,반찬,방울토마토 8개 키위 2개 파인애플통조림 4조각 과일통조림 약간,과일샐러드 나물 생채 샐러드 서양 반찬 방울토마토 8개 키위 2개 파인애플통조림 4조각 과일통조림 약간
그린샐러드,나물 생채 샐러드,서양,반찬,양상추 250g,그린샐러드 나물 생채 샐러드 서양 반찬 양상추 250g
당근채 견과류샐러드,나물 생채 샐러드,서양,반찬,당근 3개 건포도 6큰술 아몬드 땅콩 300g,당근채 견과류샐러드 나물 생채 샐러드 서양 반찬 당근 3개 건포도 6큰술 아몬드 땅콩 300g
레이즌쇠고기샐러드,나물 생채 샐러드,서양,반찬,쇠고기(안심) 100g 어린잎채소 200g,레이즌쇠고기샐러드 나물 생채 샐러드 서양 반찬 쇠고기(안심) 100g 어린잎채소 200g
레이즌컨츄리샐러드,나물 생채 샐러드,서양,반찬,브로콜리 1송이 건포도 1/2컵 피칸 1/4컵 베이컨 4줄 적양파 1/4개,레이즌컨츄리샐러드 나물 생채 샐러드 서양 반찬 브로콜리 1송이 건포도 1/2컵 피칸 1/4컵 베이컨 4줄 적양파 1/4개
레이즌푸실리컵샐러드,나물 생채 샐러드,서양,반찬,닭고기(안심) 300g 건포도 30g 푸실리(삼색푸실리) 50g,레이즌푸실리컵샐러드 나물 생채 샐러드 서양 반찬 닭고기(안심) 300g 건포도 30g 푸실리(삼색푸실리) 50g
멕시칸샐러드,나물 생채 샐러드,서양,반찬,햄 50g 피망 1개 샐러리 1대 피망 1/2개 오이 1/2개 양배추잎(잎) 2장 삶은계란노른자(삶은것) 1개,멕시칸샐러드 나물 생채 샐러드 서양 반찬 햄 50g 피망 1개 샐러리 1대 피망 1/2개 오이 1/2개 양배추잎(잎) 2장 삶은계란노른자(삶은것) 1개
모듬샐러드,나물 생채 샐러드,서양,반찬,파마산치즈 약간 샐러드 50g 체리토마토 3개,모듬샐러드 나물 생채 샐러드 서양 반찬 파마산치즈 약간 샐러드 50g 체리토마토 3개
무당근피클,나물 생채 샐러드,서양,반찬,무 1/3개 당근 3개 월계수잎 약간,무당근피클 나물 생채 샐러드 서양 반찬 무 1/3개 당근 3개 월계수잎 약간
바질토마토두부샐러드,나물 생채 샐러드,서양,반찬,두부 1모 토마토 2개 바질 20장,바질토마토두부샐러드 나물 생채 샐러드 서양 반찬 두부 1모 토마토 2개 바질 20장
사과치즈샐러드,나물 생채 샐러드,서양,반찬,치즈(연질) 100g 사과 1개 상추 약간,사과치즈샐러드 나물 생채 샐러드 서양 반찬 치즈(연질) 100g 사과 1개 상추 약간
새우와 아보카도샐러드,나물 생채 샐러드,서양,반찬,새우 2마리 아보카도 1개 소금 약간,새우와 아보카도샐러드 나물 생채 샐러드 서양 반찬 새우 2마리 아보카도 1개 소금 약간
새우와토마토샐러드,나물 생채 샐러드,서양,반찬,새우(중하) 5마리 체리토마토 10개 미림 120ml,새우와토마토샐러드 나물 생채 샐러드 서양 반찬 새우(중하) 5마리 체리토마토 10개 미림 120ml
시금치샐러드,나물 생채 샐러드,서양,반찬,시금치 70g 양송이버섯 4개 베이컨 4장,시금치샐러드 나물 생채 샐러드 서양 반찬 시금치 70g 양송이버섯 4개 베이컨 4장
시저샐러드,나물 생채 샐러드,서양,반찬,식빵 3장 양파 1/2개 양상추 1/2통 방울토마토 7개 치커리 적당량,시저샐러드 나물 생채 샐러드 서양 반찬 식빵 3장 양파 1/2개 양상추 1/2통 방울토마토 7개 치커리 적당량
양상추참치샐러드,나물 생채 샐러드,서양,반찬,참치 1/2캔 양파 15g 당근 10g 오이 20g 양상추 40g,양상추참치샐러드 나물 생채 샐러드 서양 반찬 참치 1/2캔 양파 15g 당근 10g 오이 20g 양상추 40g
연어샐러드,나물 생채 샐러드,서양,반찬,훈제연어 160g 앤다이브 40g,연어샐러드 나물 생채 샐러드 서양 반찬 훈제연어 160g 앤다이브 40g
월도프치킨샐러드,나물 생채 샐러드,서양,반찬,사과 1개 샐러리 1대 귤 2개 브로콜리 1/2송이 호두 40g 건포도 30g,월도프치킨샐러드 나물 생채 샐러드 서양 반찬 사과 1개 샐러리 1대 귤 2개 브로콜리 1/2송이 호두 40g 건포도 30g
젤리샐러드,나물 생채 샐러드,서양,반찬,젤리 100g 샐러드용채소 50g,젤리샐러드 나물 생채 샐러드 서양 반찬 젤리 100g 샐러드용채소 50g
치즈아보카도,나물 생채 샐러드,서양,반찬,아보카도 1개 크림치즈 4큰술,치즈아보카도 나물 생채 샐러드 서양 반찬 아보카도 1개 크림치즈 4큰술
치즈토마토,나물 생채 샐러드,서양,반찬,토마토 4개,치즈토마토 나물 생채 샐러드 서양 반찬 토마토 4개
치킨텐더,나물 생채 샐러드,서양,반찬,닭고기(안심) 6개,치킨텐더 나물 생채 샐러드 서양 반찬 닭고기(안심) 6개
컵샐러드,나물 생채 샐러드,서양,반찬,햄 1/2개 방울토마토 10개 오이 1개 춘권피 4장,컵샐러드 나물 생채 샐러드 서양 반찬 햄 1/2개 방울토마토 10개 오이 1개 춘권피 4장
콘샐러드,나물 생채 샐러드,서양,반찬,옥수수통조림 1캔,콘샐러드 나물 생채 샐러드 서양 반찬 옥수수통조림 1캔
콩샐러드,나물 생채 샐러드,서양,반찬,콩(통조림) 1/2컵,콩샐러드 나물 생채 샐러드 서양 반찬 콩(통조림) 1/2컵
크레송샐러드,나물 생채 샐러드,서양,반찬,베이컨 1장 크레송 50g,크레송샐러드 나물 생채 샐러드 서양 반찬 베이컨 1장 크레송 50g
키위드레싱과콘샐러드,나물 생채 샐러드,서양,반찬,양상추 1/2통 양배추 1/4통 토마토 1개 치커리 약간 스위트콘 약간 적채 1/4통,키위드레싱과콘샐러드 나물 생채 샐러드 서양 반찬 양상추 1/2통 양배추 1/4통 토마토 1개 치커리 약간 스위트콘 약간 적채 1/4통
토마토샐러드,나물 생채 샐러드,서양,반찬,토마토 2개,토마토샐러드 나물 생채 샐러드 서양 반찬 토마토 2개
해산물모듬샐러드,나물 생채 샐러드,서양,반찬,새우(중하) 8마리 오징어 1마리 치커리 약간 양상추 약간,해산물모듬샐러드 나물 생채 샐러드 서양 반찬 새우(중하) 8마리 오징어 1마리 치커리 약간 양상추 약간
흑미 샐러드,나물 생채 샐러드,서양,반찬,샐러드용 야채(로즈 비타민 비트잎) 100g 흑미 100g 백미 100g,흑미 샐러드 나물 생채 샐러드 서양 반찬 샐러드용 야채(로즈 비타민 비트잎) 100g 흑미 100g 백미 100g
오이피클,밑반찬 김치,서양,반찬,오이 4개 양파 1/2개 물 5컵,오이피클 밑반찬 김치 서양 반찬 오이 4개 양파 1/2개 물 5컵
채소피클,밑반찬 김치,서양,반찬,미니파프리카 1팩 오이 2개 당근 1/2개,채소피클 밑반찬 김치 서양 반찬 미니파프리카 1팩 오이 2개 당근 1/2개
가리비그라탕,양식,서양,메인요리,가리비(껍질이 있는것) 10개,가리비그라탕 양식 서양 메인요리 가리비(껍질이 있는것) 10개
까나페,양식,서양,메인요리,식빵 2쪽 비스켓 8개,까나페 양식 서양 메인요리 식빵 2쪽 비스켓 8개
새우스크램블,양식,서양,메인요리,새우 60g 계란 2개,새우스크램블 양식 서양 메인요리 새우 60g 계란 2개
스크램블드에그,양식,서양,메인요리,계란 2개 베이컨 3장,스크램블드에그 양식 서양 메인요리 계란 2개 베이컨 3장
오믈렛,양식,서양,메인요리,계란 4개,오믈렛 양식 서양 메인요리 계란 4개
오븐에 구운 브리치즈,양식,서양,메인요리,브리치즈 2개 꿀 1큰술,오븐에 구운 브리치즈 양식 서양 메인요리 브리치즈 2개 꿀 1큰술
이탈리안오믈렛,양식,서양,메인요리,계란 2개 스위트콘 1/3캔,이탈리안오믈렛 양식 서양 메인요리 계란 2개 스위트콘 1/3캔
포크스테이크,양식,서양,메인요리,돼지고기(안심) 600g,포크스테이크 양식 서양 메인요리 돼지고기(안심) 600g
포테이토스킨,양식,서양,메인요리,감자 2개 베이컨 3쪽 치즈(체다 슬라이스 치즈) 2장,포테이토스킨 양식 서양 메인요리 감자 2개 베이컨 3쪽 치즈(체다 슬라이스 치즈) 2장
마늘빠스,도시락 간식,서양,메인요리,마늘 20톨,마늘빠스 도시락 간식 서양 메인요리 마늘 20톨
뮈슬리,도시락 간식,서양,메인요리,플레인요구르트 4컵 씨리얼 6컵 우유 2컵,뮈슬리 도시락 간식 서양 메인요리 플레인요구르트 4컵 씨리얼 6컵 우유 2컵
양배추베이컨말이,도시락 간식,서양,메인요리,양배추잎(잎) 10장,양배추베이컨말이 도시락 간식 서양 메인요리 양배추잎(잎) 10장
옥수수프리터,도시락 간식,서양,메인요리,햄 30g 옥수수 1/2컵 밀가루 1/2컵,옥수수프리터 도시락 간식 서양 메인요리 햄 30g 옥수수 1/2컵 밀가루 1/2컵
치즈플레이트,도시락 간식,서양,메인요리,까망베르치즈 1개 훈제치즈 1/2개 허브갈릭치즈 1개 에멘탈치즈 1/2개 크림치즈 약간,치즈플레이트 도시락 간식 서양 메인요리 까망베르치즈 1개 훈제치즈 1/2개 허브갈릭치즈 1개 에멘탈치즈 1/2개 크림치즈 약간
포테이토칩,도시락 간식,서양,메인요리,감자 2개,포테이토칩 도시락 간식 서양 메인요리 감자 2개
계피향의 바나나구이,후식,서양,간식,바나나 1개,계피향의 바나나구이 후식 서양 간식 바나나 1개
레이즌셔벗,후식,서양,간식,레이즌 100g 바나나 1개 우유 500ml 플레인요거트 500ml,레이즌셔벗 후식 서양 간식 레이즌 100g 바나나 1개 우유 500ml 플레인요거트 500ml
모듬과일,후식,서양,간식,사과 1개 키위 1개 오렌지 1개,모듬과일 후식 서양 간식 사과 1개 키위 1개 오렌지 1개
수박젤리,후식,서양,간식,수박즙 500g 화이트와인 30g,수박젤리 후식 서양 간식 수박즙 500g 화이트와인 30g
시드니신풀선데,후식,서양,간식,바닐라아이스크림 4스쿠프,시드니신풀선데 후식 서양 간식 바닐라아이스크림 4스쿠프
싱가폴슬링,후식,서양,간식,진 60ml 레몬 1개 체리브랜디 30ml,싱가폴슬링 후식 서양 간식 진 60ml 레몬 1개 체리브랜디 30ml
오렌지젤리,후식,서양,간식,오렌지 3개,오렌지젤리 후식 서양 간식 오렌지 3개
장미꽃아이스크림,후식,서양,간식,아이스크림 1통,장미꽃아이스크림 후식 서양 간식 아이스크림 1통
케러멜,후식,서양,간식,생크림 250g 트리몰린 25g 설탕 190g 물엿 175g 슈가파우더 약간,케러멜 후식 서양 간식 생크림 250g 트리몰린 25g 설탕 190g 물엿 175g 슈가파우더 약간
화이트와인젤리,후식,서양,간식,화이트와인 250g,화이트와인젤리 후식 서양 간식 화이트와인 250g
딸기잼,양념장,서양,반찬,딸기 1kg,딸기잼 양념장 서양 반찬 딸기 1kg
마요네즈드레싱,양념장,서양,반찬,계란노른자 1개 샐러드유 1컵,마요네즈드레싱 양념장 서양 반찬 계란노른자 1개 샐러드유 1컵
발사믹드레싱,양념장,서양,반찬,발사믹식초 1컵 올리브오일 1컵,발사믹드레싱 양념장 서양 반찬 발사믹식초 1컵 올리브오일 1컵
애플소스,양념장,서양,반찬,사과 200g,애플소스 양념장 서양 반찬 사과 200g
타르타르소스,양념장,서양,반찬,마요네즈 3큰술 피클 15g,타르타르소스 양념장 서양 반찬 마요네즈 3큰술 피클 15g
토마토소스,양념장,서양,반찬,홀토마토 1/2캔 토마토 1개,토마토소스 양념장 서양 반찬 홀토마토 1/2캔 토마토 1개
토마토소스,양념장,서양,반찬,홀토마토 1/2캔 토마토 1개,토마토소스 양념장 서양 반찬 홀토마토 1/2캔 토마토 1개
감자수플레,빵 과자,서양,간식,감자 4개,감자수플레 빵 과자 서양 간식 감자 4개
구겔호프,빵 과자,서양,간식,밀가루(중력분) 500g,구겔호프 빵 과자 서양 간식 밀가루(중력분) 500g
레이즌마블케이크,빵 과자,서양,간식,버터(실온보관) 100g 밀가루(박력분) 100g,레이즌마블케이크 빵 과자 서양 간식 버터(실온보관) 100g 밀가루(박력분) 100g
레이즌비스코티,빵 과자,서양,간식,밀가루(박력분) 140g 건포도 60g,레이즌비스코티 빵 과자 서양 간식 밀가루(박력분) 140g 건포도 60g
레이즌쇼콜라케이크,빵 과자,서양,간식,밀가루(박력분) 20g 생크림 60g 초콜릿(다크초콜릿) 70g,레이즌쇼콜라케이크 빵 과자 서양 간식 밀가루(박력분) 20g 생크림 60g 초콜릿(다크초콜릿) 70g
레이즌초코쿠키,빵 과자,서양,간식,밀가루(박력분) 230g 다크초콜릿(커버춰) 140g,레이즌초코쿠키 빵 과자 서양 간식 밀가루(박력분) 230g 다크초콜릿(커버춰) 140g
레이즌초코휘낭시에,빵 과자,서양,간식,버터 70g 설탕 40g,레이즌초코휘낭시에 빵 과자 서양 간식 버터 70g 설탕 40g
레이즌컵코블러,빵 과자,서양,간식,사과 2개 밀가루(중력분) 200g,레이즌컵코블러 빵 과자 서양 간식 사과 2개 밀가루(중력분) 200g
레이즌크리스탈쿠키,빵 과자,서양,간식,밀가루(박력분) 130g 사탕(색깔별로 100g씩) 100g,레이즌크리스탈쿠키 빵 과자 서양 간식 밀가루(박력분) 130g 사탕(색깔별로 100g씩) 100g
레이즌크림치즈푸루따,빵 과자,서양,간식,[비스퀴] 밀가루(박력분) 40g,레이즌크림치즈푸루따 빵 과자 서양 간식 [비스퀴] 밀가루(박력분) 40g
링도넛,빵 과자,서양,간식,밀가루(박력분) 300g 설탕 120g 계란 2개 버터 65g 베이킹파우더 1작은술 분유 2작은술 소금 1/2작은술 바닐라향 1/2작은술,링도넛 빵 과자 서양 간식 밀가루(박력분) 300g 설탕 120g 계란 2개 버터 65g 베이킹파우더 1작은술 분유 2작은술 소금 1/2작은술 바닐라향 1/2작은술
마늘버터빵,빵 과자,서양,간식,바게트빵 8쪽,마늘버터빵 빵 과자 서양 간식 바게트빵 8쪽
마늘빵,빵 과자,서양,간식,바게트 1개,마늘빵 빵 과자 서양 간식 바게트 1개
모양쿠키,빵 과자,서양,간식,박력분 2컵,모양쿠키 빵 과자 서양 간식 박력분 2컵
모양쿠키,빵 과자,서양,간식,박력분 700g,모양쿠키 빵 과자 서양 간식 박력분 700g
바나나머핀,빵 과자,서양,간식,박력분 500g 바나나 500g,바나나머핀 빵 과자 서양 간식 박력분 500g 바나나 500g
바나나스프레드토스트,빵 과자,서양,간식,바나나 2개 식빵 3개,바나나스프레드토스트 빵 과자 서양 간식 바나나 2개 식빵 3개
브라우니,빵 과자,서양,간식,다크초콜릿 100g 버터 100g 코코아가루 30g 밀가루(박력분) 50g,브라우니 빵 과자 서양 간식 다크초콜릿 100g 버터 100g 코코아가루 30g 밀가루(박력분) 50g
산초포카시아,빵 과자,서양,간식,강력분 100g 박력분 100g,산초포카시아 빵 과자 서양 간식 강력분 100g 박력분 100g
소보로빵,빵 과자,서양,간식,강력분 500g,소보로빵 빵 과자 서양 간식 강력분 500g
쇼콜라프로마쥬,빵 과자,서양,간식,크림치즈 1000g 사워크림 114g 초코비스킷가루 360g 초콜릿 약간,쇼콜라프로마쥬 빵 과자 서양 간식 크림치즈 1000g 사워크림 114g 초코비스킷가루 360g 초콜릿 약간
시가렛쿠키,빵 과자,서양,간식,중력분 100g,시가렛쿠키 빵 과자 서양 간식 중력분 100g
쑥브리오슈,빵 과자,서양,간식,밀가루(강력분) 500g 설탕 75g 쑥(가루) 10g,쑥브리오슈 빵 과자 서양 간식 밀가루(강력분) 500g 설탕 75g 쑥(가루) 10g
애플파이,빵 과자,서양,간식,밀가루(박력분) 250g 버터 130g 사과 2개,애플파이 빵 과자 서양 간식 밀가루(박력분) 250g 버터 130g 사과 2개
우유식빵,빵 과자,서양,간식,밀가루(강력분) 500g 우유 360g 버터 10g 쇼트닝 10g,우유식빵 빵 과자 서양 간식 밀가루(강력분) 500g 우유 360g 버터 10g 쇼트닝 10g
잉글리쉬머핀,빵 과자,서양,간식,밀가루(강력분) 150g 드라이이스트 2g,잉글리쉬머핀 빵 과자 서양 간식 밀가루(강력분) 150g 드라이이스트 2g
채소모닝빵,빵 과자,서양,간식,강력분 340g 양파(다진것) 50g 당근(다진것) 30g 햄 30g,채소모닝빵 빵 과자 서양 간식 강력분 340g 양파(다진것) 50g 당근(다진것) 30g 햄 30g
초코머핀,빵 과자,서양,간식,다크초콜릿(커버쳐) 120g 밀가루(박력분) 120g,초코머핀 빵 과자 서양 간식 다크초콜릿(커버쳐) 120g 밀가루(박력분) 120g
초코스콘,빵 과자,서양,간식,플레인요구르트 1개 박력분 200g 초콜릿(다진것) 60g,초코스콘 빵 과자 서양 간식 플레인요구르트 1개 박력분 200g 초콜릿(다진것) 60g
초코칩쿠키,빵 과자,서양,간식,중력분 300g 초코칩 105g,초코칩쿠키 빵 과자 서양 간식 중력분 300g 초코칩 105g
초콜릿퐁듀,빵 과자,서양,간식,다크초콜릿 500g 생크림 100g 기타 제철과일 적당량,초콜릿퐁듀 빵 과자 서양 간식 다크초콜릿 500g 생크림 100g 기타 제철과일 적당량
쵸코칩쿠키,빵 과자,서양,간식,박력분 200g 쵸코칩 100g,쵸코칩쿠키 빵 과자 서양 간식 박력분 200g 쵸코칩 100g
치즈카나페,빵 과자,서양,간식,무설탕크래커 10개 슬라이스 치즈 4장,치즈카나페 빵 과자 서양 간식 무설탕크래커 10개 슬라이스 치즈 4장
콘컵케이크,빵 과자,서양,간식,스위트콘 1캔 계란 2개 우유 60g,콘컵케이크 빵 과자 서양 간식 스위트콘 1캔 계란 2개 우유 60g
크레이프쌈,빵 과자,서양,간식,계란 1개 밀가루(박력분) 60g 우유 70cc,크레이프쌈 빵 과자 서양 간식 계란 1개 밀가루(박력분) 60g 우유 70cc
크리스마스빵,빵 과자,서양,간식,밀가루(강력분) 200g 물 90g 설탕 30g 버터 36g 소금 3.6g 분유 6g 계란 30g 이스트 10g 개량제 2g,크리스마스빵 빵 과자 서양 간식 밀가루(강력분) 200g 물 90g 설탕 30g 버터 36g 소금 3.6g 분유 6g 계란 30g 이스트 10g 개량제 2g
파인애플머핀,빵 과자,서양,간식,밀가루(박력분) 100g 버터 60g 요플레 70g 파인애플(통조림) 40~50g,파인애플머핀 빵 과자 서양 간식 밀가루(박력분) 100g 버터 60g 요플레 70g 파인애플(통조림) 40~50g
피칸파이,빵 과자,서양,간식,[반죽용] 밀가루(박력분) 200g,피칸파이 빵 과자 서양 간식 [반죽용] 밀가루(박력분) 200g
핫케이크,빵 과자,서양,간식,박력분 100g 계란 2개,핫케이크 빵 과자 서양 간식 박력분 100g 계란 2개
호박빵,빵 과자,서양,간식,호박 700g 밀가루(강력분) 430g 밀가루(박력분) 80g,호박빵 빵 과자 서양 간식 호박 700g 밀가루(강력분) 430g 밀가루(박력분) 80g
호일초콜릿,빵 과자,서양,간식,밀크초콜릿(커버쳐) 80g 화이트초콜릿(커버쳐) 80g 다크초콜릿(커버쳐) 80g,호일초콜릿 빵 과자 서양 간식 밀크초콜릿(커버쳐) 80g 화이트초콜릿(커버쳐) 80g 다크초콜릿(커버쳐) 80g
까페라떼,음료,서양,간식,에스프레소 2샷 우유 2컵,까페라떼 음료 서양 간식 에스프레소 2샷 우유 2컵
딸기스무디,음료,서양,간식,딸기(냉동딸기) 200g 요구르트 200g,딸기스무디 음료 서양 간식 딸기(냉동딸기) 200g 요구르트 200g
딸기스무디,음료,서양,간식,딸기 100g 레몬 1/2개,딸기스무디 음료 서양 간식 딸기 100g 레몬 1/2개
레몬에이드,음료,서양,간식,레몬 4개,레몬에이드 음료 서양 간식 레몬 4개
롱아일랜드아이스티,음료,서양,간식,럼주 30ml 보드카 30ml 드라이진 30ml 트리플색 15ml 데킬라 30ml,롱아일랜드아이스티 음료 서양 간식 럼주 30ml 보드카 30ml 드라이진 30ml 트리플색 15ml 데킬라 30ml
모스코바뮬,음료,서양,간식,보드카 60ml 진저비어 약간,모스코바뮬 음료 서양 간식 보드카 60ml 진저비어 약간
발효초요구르트,음료,서양,간식,플레인요구르트 4개 발효초 10큰술,발효초요구르트 음료 서양 간식 플레인요구르트 4개 발효초 10큰술
아메리카노,음료,서양,간식,보드카 60ml 캄파리 60ml 스위트버무스 60ml 진저비어 약간 소다수 약간,아메리카노 음료 서양 간식 보드카 60ml 캄파리 60ml 스위트버무스 60ml 진저비어 약간 소다수 약간
아이스커피,음료,서양,간식,원두커피(가루) 30g 물(뜨거운것) 90g,아이스커피 음료 서양 간식 원두커피(가루) 30g 물(뜨거운것) 90g
아이스후르츠소다,음료,서양,간식,수박 1/4개 키위 4개 오렌지 2개 레몬 2개,아이스후르츠소다 음료 서양 간식 수박 1/4개 키위 4개 오렌지 2개 레몬 2개
카페라떼,음료,서양,간식,커피추출액 1/2컵 우유 1/2컵,카페라떼 음료 서양 간식 커피추출액 1/2컵 우유 1/2컵
키위주스,음료,서양,간식,키위 2개 우유 1개,키위주스 음료 서양 간식 키위 2개 우유 1개
토마토주스,음료,서양,간식,토마토 2개,토마토주스 음료 서양 간식 토마토 2개
플랜터즈,음료,서양,간식,자마이카럼 100ml 라임쥬스 30ml 오렌지주스 30ml 파인애플주스 30ml 그레나딘 약간,플랜터즈 음료 서양 간식 자마이카럼 100ml 라임쥬스 30ml 오렌지주스 30ml 파인애플주스 30ml 그레나딘 약간
해물스파게티,만두 면류,서양,메인요리,스파게티 200g 홍합 100g 오징어 1/2마리 새우 3마리 홀토마토 1/2컵,해물스파게티 만두 면류 서양 메인요리 스파게티 200g 홍합 100g 오징어 1/2마리 새우 3마리 홀토마토 1/2컵
고구마그라탱,그라탕 리조또,서양,메인요리,고구마 2개,고구마그라탱 그라탕 리조또 서양 메인요리 고구마 2개
레이즌파르미자나,그라탕 리조또,서양,메인요리,가지 1개 감자 1개,레이즌파르미자나 그라탕 리조또 서양 메인요리 가지 1개 감자 1개
버섯리조또,그라탕 리조또,서양,메인요리,쌀(불린쌀) 75g 물 1/2컵 우유 1컵,버섯리조또 그라탕 리조또 서양 메인요리 쌀(불린쌀) 75g 물 1/2컵 우유 1컵
계란토스트,샌드위치 햄버거,서양,메인요리,식빵 6장 계란 4개,계란토스트 샌드위치 햄버거 서양 메인요리 식빵 6장 계란 4개
미니식빵튀김,샌드위치 햄버거,서양,메인요리,식빵 4쪽,미니식빵튀김 샌드위치 햄버거 서양 메인요리 식빵 4쪽
베이글치킨샌드위치,샌드위치 햄버거,서양,메인요리,닭안심 200g 베이글 2개,베이글치킨샌드위치 샌드위치 햄버거 서양 메인요리 닭안심 200g 베이글 2개
새우튀김햄버거,샌드위치 햄버거,서양,메인요리,햄버거빵 2개 새우(대하) 4마리,새우튀김햄버거 샌드위치 햄버거 서양 메인요리 햄버거빵 2개 새우(대하) 4마리
스크램블드딸기샌드위치,샌드위치 햄버거,서양,메인요리,식빵 6장 계란 4개 딸기 400g,스크램블드딸기샌드위치 샌드위치 햄버거 서양 메인요리 식빵 6장 계란 4개 딸기 400g
연어오픈샌드위치,샌드위치 햄버거,서양,메인요리,바게트 6쪽 훈제연어 6쪽,연어오픈샌드위치 샌드위치 햄버거 서양 메인요리 바게트 6쪽 훈제연어 6쪽
참치버거,샌드위치 햄버거,서양,메인요리,참치(통조림) 1캔 감자 100g,참치버거 샌드위치 햄버거 서양 메인요리 참치(통조림) 1캔 감자 100g
클럽샌드위치,샌드위치 햄버거,서양,메인요리,식빵 3장,클럽샌드위치 샌드위치 햄버거 서양 메인요리 식빵 3장
터널바게트,샌드위치 햄버거,서양,메인요리,바게트 1개,터널바게트 샌드위치 햄버거 서양 메인요리 바게트 1개
핫도그샌드위치,샌드위치 햄버거,서양,메인요리,핫도그빵 4개,핫도그샌드위치 샌드위치 햄버거 서양 메인요리 핫도그빵 4개
핫샌드위치,샌드위치 햄버거,서양,메인요리,보리빵 1개,핫샌드위치 샌드위치 햄버거 서양 메인요리 보리빵 1개
햄치즈롤샌드위치,샌드위치 햄버거,서양,메인요리,식빵 8쪽 햄 8쪽,햄치즈롤샌드위치 샌드위치 햄버거 서양 메인요리 식빵 8쪽 햄 8쪽
레이즌버섯소테스테이크,볶음,서양,메인요리,쇠고기(등심) 100g 생표고버섯 1개 양송이버섯 3개 느타리버섯 40g 팽이버섯 1/4개,레이즌버섯소테스테이크 볶음 서양 메인요리 쇠고기(등심) 100g 생표고버섯 1개 양송이버섯 3개 느타리버섯 40g 팽이버섯 1/4개
모듬채소볶음,볶음,서양,메인요리,완두콩 3큰술 옥수수 3큰술 당근 1/4개 감자 1/4개 껍질콩 5개,모듬채소볶음 볶음 서양 메인요리 완두콩 3큰술 옥수수 3큰술 당근 1/4개 감자 1/4개 껍질콩 5개
베이비콘채소볶음,볶음,서양,메인요리,베이비콘 1캔,베이비콘채소볶음 볶음 서양 메인요리 베이비콘 1캔
소시지채소케첩볶음,볶음,서양,메인요리,소시지 50g 양파 15g 양송이버섯 2개 피망 15g,소시지채소케첩볶음 볶음 서양 메인요리 소시지 50g 양파 15g 양송이버섯 2개 피망 15g
계란덮밥,밥 죽 스프,일본,메인요리,밥 2공기 계란 3개,계란덮밥 밥 죽 스프 일본 메인요리 밥 2공기 계란 3개
고등어사각스시,밥 죽 스프,일본,메인요리,고등어 250g 초밥 150g 소금 약간,고등어사각스시 밥 죽 스프 일본 메인요리 고등어 250g 초밥 150g 소금 약간
닭고기덮밥,밥 죽 스프,일본,메인요리,닭 50g 계란 1개 밥 1공기 풋고추 1/4개 대파 1/2뿌리,닭고기덮밥 밥 죽 스프 일본 메인요리 닭 50g 계란 1개 밥 1공기 풋고추 1/4개 대파 1/2뿌리
돈가스덮밥,밥 죽 스프,일본,메인요리,돼지고기(안심) 200g,돈가스덮밥 밥 죽 스프 일본 메인요리 돼지고기(안심) 200g
모양초밥,밥 죽 스프,일본,메인요리,밥 1그릇,모양초밥 밥 죽 스프 일본 메인요리 밥 1그릇
삼색덮밥,밥 죽 스프,일본,메인요리,돼지고기 70g 계란 2개 부추 20g 밥 1공기 고춧가루 약간,삼색덮밥 밥 죽 스프 일본 메인요리 돼지고기 70g 계란 2개 부추 20g 밥 1공기 고춧가루 약간
쇠고기버섯덮밥,밥 죽 스프,일본,메인요리,쇠고기(등심) 30g,쇠고기버섯덮밥 밥 죽 스프 일본 메인요리 쇠고기(등심) 30g
연어알초밥,밥 죽 스프,일본,메인요리,연어알 60g 밥 2공기,연어알초밥 밥 죽 스프 일본 메인요리 연어알 60g 밥 2공기
연어오차즈케,밥 죽 스프,일본,메인요리,밥 2공기 연어 100g,연어오차즈케 밥 죽 스프 일본 메인요리 밥 2공기 연어 100g
유부쌈밥,밥 죽 스프,일본,메인요리,유부 8장 밥 1공기 깻잎 4장 깨 2큰술 날치알 50g 미나리 몇줄기 치커리 약간,유부쌈밥 밥 죽 스프 일본 메인요리 유부 8장 밥 1공기 깻잎 4장 깨 2큰술 날치알 50g 미나리 몇줄기 치커리 약간
유부초밥,밥 죽 스프,일본,메인요리,유부 6개 밥 1공기,유부초밥 밥 죽 스프 일본 메인요리 유부 6개 밥 1공기
유부초밥,밥 죽 스프,일본,메인요리,밥 1공기 유부 1봉지 쪽파 1/2뿌리 검은깨 약간,유부초밥 밥 죽 스프 일본 메인요리 밥 1공기 유부 1봉지 쪽파 1/2뿌리 검은깨 약간
장어덮밥,밥 죽 스프,일본,메인요리,장어(민물장어) 1/2마리 밥 1공기,장어덮밥 밥 죽 스프 일본 메인요리 장어(민물장어) 1/2마리 밥 1공기
장어초밥,밥 죽 스프,일본,메인요리,장어(민물장어) 1/2마리 밥 1/2공기,장어초밥 밥 죽 스프 일본 메인요리 장어(민물장어) 1/2마리 밥 1/2공기
채소알밥,밥 죽 스프,일본,메인요리,쌀 2컵 날치알 100g,채소알밥 밥 죽 스프 일본 메인요리 쌀 2컵 날치알 100g
채소초밥,밥 죽 스프,일본,메인요리,밥 1공기 팽이버섯 20g 브로콜리 20g 김 1장,채소초밥 밥 죽 스프 일본 메인요리 밥 1공기 팽이버섯 20g 브로콜리 20g 김 1장
캘리포니아롤,밥 죽 스프,일본,메인요리,밥 2공기 크래미 5개 오이 1/2개 김 2장,캘리포니아롤 밥 죽 스프 일본 메인요리 밥 2공기 크래미 5개 오이 1/2개 김 2장
튀김덮밥,밥 죽 스프,일본,메인요리,새우 2마리 고구마 2쪽 오징어 2쪽 쑥갓 약간 가지 2쪽 생선살 2쪽 밥 2그릇 얼음물 1컵 덴까스 약간,튀김덮밥 밥 죽 스프 일본 메인요리 새우 2마리 고구마 2쪽 오징어 2쪽 쑥갓 약간 가지 2쪽 생선살 2쪽 밥 2그릇 얼음물 1컵 덴까스 약간
필라델피아롤,밥 죽 스프,일본,메인요리,크림치즈 30g 김 1장 초밥 1공기 아보카도 1/4개 날치알 약간,필라델피아롤 밥 죽 스프 일본 메인요리 크림치즈 30g 김 1장 초밥 1공기 아보카도 1/4개 날치알 약간
하트오믈렛,밥 죽 스프,일본,메인요리,밥 1.5그릇 계란 2개,하트오믈렛 밥 죽 스프 일본 메인요리 밥 1.5그릇 계란 2개
미소된장국,국,일본,메인요리,두부 1/2모,미소된장국 국 일본 메인요리 두부 1/2모
상추미소국,국,일본,메인요리,상추 4장 미소된장 2큰술,상추미소국 국 일본 메인요리 상추 4장 미소된장 2큰술
갈치채소말이조림,조림,일본,메인요리,갈치 100g 단호박 30g 새우 50g 표고버섯 20g,갈치채소말이조림 조림 일본 메인요리 갈치 100g 단호박 30g 새우 50g 표고버섯 20g
고등어두부말이조림,조림,일본,메인요리,고등어 150g,고등어두부말이조림 조림 일본 메인요리 고등어 150g
도미조림,조림,일본,메인요리,도미 1마리,도미조림 조림 일본 메인요리 도미 1마리
삼치조림구이,조림,일본,메인요리,삼치 1마리,삼치조림구이 조림 일본 메인요리 삼치 1마리
일본식닭조림,조림,일본,메인요리,닭 1마리,일본식닭조림 조림 일본 메인요리 닭 1마리
가리비꼬치구이,구이,일본,메인요리,가리비 4개,가리비꼬치구이 구이 일본 메인요리 가리비 4개
갈치노끈소금구이,구이,일본,메인요리,갈치살 150g,갈치노끈소금구이 구이 일본 메인요리 갈치살 150g
굴비기노메야끼,구이,일본,메인요리,굴비 150g,굴비기노메야끼 구이 일본 메인요리 굴비 150g
데리야끼소스에 절인 관자,구이,일본,메인요리,관자 3개,데리야끼소스에 절인 관자 구이 일본 메인요리 관자 3개
삼치양념구이,구이,일본,메인요리,삼치 6도막,삼치양념구이 구이 일본 메인요리 삼치 6도막
새우우니야끼(새우성게구이),구이,일본,메인요리,새우 100g 성게알 20g,새우우니야끼(새우성게구이) 구이 일본 메인요리 새우 100g 성게알 20g
콘마요네즈버터구이,구이,일본,메인요리,스위트콘 1캔,콘마요네즈버터구이 구이 일본 메인요리 스위트콘 1캔
갈치카레튀김,튀김 커틀릿,일본,메인요리,갈치 1/2마리,갈치카레튀김 튀김 커틀릿 일본 메인요리 갈치 1/2마리
고등어카레튀김,튀김 커틀릿,일본,메인요리,고등어 1마리,고등어카레튀김 튀김 커틀릿 일본 메인요리 고등어 1마리
덴까스우동,튀김 커틀릿,일본,메인요리,우동 200g 새우 2마리 고구마 2쪽 쑥갓 2줄기 생선살 2쪽 오징어 2쪽 가쓰오브시 약간,덴까스우동 튀김 커틀릿 일본 메인요리 우동 200g 새우 2마리 고구마 2쪽 쑥갓 2줄기 생선살 2쪽 오징어 2쪽 가쓰오브시 약간
모듬튀김,튀김 커틀릿,일본,메인요리,새우 4마리 오징어 1/4마리 생선살 30g 고구마 1/4쪽 가지 1/4쪽 쑥갓 1줄기,모듬튀김 튀김 커틀릿 일본 메인요리 새우 4마리 오징어 1/4마리 생선살 30g 고구마 1/4쪽 가지 1/4쪽 쑥갓 1줄기
생선커틀릿,튀김 커틀릿,일본,메인요리,흰살생선 400g,생선커틀릿 튀김 커틀릿 일본 메인요리 흰살생선 400g
일식계란찜,찜,일본,메인요리,계란 2개,일식계란찜 찜 일본 메인요리 계란 2개
치킨감자롤,찜,일본,메인요리,닭 100g 감자 3개 계란 2개,치킨감자롤 찜 일본 메인요리 닭 100g 감자 3개 계란 2개
곤약소박이,나물 생채 샐러드,일본,메인요리,곤약 1모 쇠고기 100g 계란 2개 당근 1/2개 오이 1/2개,곤약소박이 나물 생채 샐러드 일본 메인요리 곤약 1모 쇠고기 100g 계란 2개 당근 1/2개 오이 1/2개
문어초회,나물 생채 샐러드,일본,메인요리,문어(삶은것) 50g 해파리 20g 빨간무즙(아카오로시) 약간,문어초회 나물 생채 샐러드 일본 메인요리 문어(삶은것) 50g 해파리 20g 빨간무즙(아카오로시) 약간
해초무침,나물 생채 샐러드,일본,반찬,해초 60g 미역 30g,해초무침 나물 생채 샐러드 일본 반찬 해초 60g 미역 30g
곤약무침,밑반찬 김치,일본,반찬,곤약 1팩,곤약무침 밑반찬 김치 일본 반찬 곤약 1팩
일본식도시락,밑반찬 김치,일본,메인요리,닭다리(1인분80g) 160g 계란 10개 흰살생선 5쪽 우엉(연근) 4쪽 어묵(가마보꼬) 3쪽 단호박 15g 깻잎 1장,일본식도시락 밑반찬 김치 일본 메인요리 닭다리(1인분80g) 160g 계란 10개 흰살생선 5쪽 우엉(연근) 4쪽 어묵(가마보꼬) 3쪽 단호박 15g 깻잎 1장
장어계란말이,밑반찬 김치,일본,메인요리,장어 20g 계란 5개,장어계란말이 밑반찬 김치 일본 메인요리 장어 20g 계란 5개
와사비간장,양념장,일본,반찬,간장 5큰술 와사비 1큰술,와사비간장 양념장 일본 반찬 간장 5큰술 와사비 1큰술
밤만주,빵 과자,일본,간식,박력분 340g 강력분 60g 흰팥앙금 1200g,밤만주 빵 과자 일본 간식 박력분 340g 강력분 60g 흰팥앙금 1200g
김치우동,만두 면류,일본,메인요리,우동면 100g 김치 1/8포기,김치우동 만두 면류 일본 메인요리 우동면 100g 김치 1/8포기
볶음우동,만두 면류,일본,메인요리,우동면 1개,볶음우동 만두 면류 일본 메인요리 우동면 1개
오무라안메밀국수,만두 면류,일본,메인요리,메밀가루 150g 밀가루 50g,오무라안메밀국수 만두 면류 일본 메인요리 메밀가루 150g 밀가루 50g
우동,만두 면류,일본,메인요리,우동면 200g 튀긴어묵 80g 분홍색어묵 80g 새끼갑오징어 2마리,우동 만두 면류 일본 메인요리 우동면 200g 튀긴어묵 80g 분홍색어묵 80g 새끼갑오징어 2마리
샤브샤브,찌개 전골 스튜,일본,메인요리,쇠고기(등심) 250g,샤브샤브 찌개 전골 스튜 일본 메인요리 쇠고기(등심) 250g
어묵전골,찌개 전골 스튜,일본,메인요리,어묵 400g 유부 4장 곤약 50g,어묵전골 찌개 전골 스튜 일본 메인요리 어묵 400g 유부 4장 곤약 50g
요세나베(모듬생선),찌개 전골 스튜,일본,메인요리,갈치 50g 고등어 50g 굴비 50g 새우 50g 조미료 약간,요세나베(모듬생선) 찌개 전골 스튜 일본 메인요리 갈치 50g 고등어 50g 굴비 50g 새우 50g 조미료 약간
해물샤브샤브,찌개 전골 스튜,일본,메인요리,새우 3마리 맛조개 6개 낙지 12g,해물샤브샤브 찌개 전골 스튜 일본 메인요리 새우 3마리 맛조개 6개 낙지 12g
두부오코노미야키,부침,일본,메인요리,두부 1모 미나리 5대 베이컨 2줄,두부오코노미야키 부침 일본 메인요리 두부 1모 미나리 5대 베이컨 2줄
오꼬노미야끼,부침,일본,메인요리,양배추 1/6통 양파 1/2개 숙주 20g 오징어 1/2마리,오꼬노미야끼 부침 일본 메인요리 양배추 1/6통 양파 1/2개 숙주 20g 오징어 1/2마리
과일소스의치킨데리야키,볶음,일본,메인요리,닭다리 4개,과일소스의치킨데리야키 볶음 일본 메인요리 닭다리 4개
버섯잡채밥,밥 죽 스프,중국,메인요리,밥 2공기 당면(불린것) 300g 느타리버섯 30g 팽이버섯 30g 목이버섯 30g,버섯잡채밥 밥 죽 스프 중국 메인요리 밥 2공기 당면(불린것) 300g 느타리버섯 30g 팽이버섯 30g 목이버섯 30g
가리비깐소,튀김 커틀릿,중국,메인요리,가리비 5개 새우 5마리,가리비깐소 튀김 커틀릿 중국 메인요리 가리비 5개 새우 5마리
굴소스와 튀김갈치,튀김 커틀릿,중국,메인요리,갈치 3마리,굴소스와 튀김갈치 튀김 커틀릿 중국 메인요리 갈치 3마리
꿔바로우,튀김 커틀릿,중국,메인요리,돼지고기(안심 또는 등심) 200g,꿔바로우 튀김 커틀릿 중국 메인요리 돼지고기(안심 또는 등심) 200g
닭고기소스와굴비튀김,튀김 커틀릿,중국,메인요리,굴비 2마리 닭고기 20g 육수 약가,닭고기소스와굴비튀김 튀김 커틀릿 중국 메인요리 굴비 2마리 닭고기 20g 육수 약가
라조기,튀김 커틀릿,중국,메인요리,닭 300g,라조기 튀김 커틀릿 중국 메인요리 닭 300g
라조육,튀김 커틀릿,중국,메인요리,돼지고기(목살) 300g,라조육 튀김 커틀릿 중국 메인요리 돼지고기(목살) 300g
비파두부,튀김 커틀릿,중국,메인요리,두부 1/2모 새우 100g 청경채 100g,비파두부 튀김 커틀릿 중국 메인요리 두부 1/2모 새우 100g 청경채 100g
새우마요네즈볶음,튀김 커틀릿,중국,메인요리,새우 120g 마요네즈 80g 소금 약간 식초 약간 설탕 약간,새우마요네즈볶음 튀김 커틀릿 중국 메인요리 새우 120g 마요네즈 80g 소금 약간 식초 약간 설탕 약간
새우마요네즈소스,튀김 커틀릿,중국,메인요리,새우(대하) 8마리,새우마요네즈소스 튀김 커틀릿 중국 메인요리 새우(대하) 8마리
장어깐풍기,튀김 커틀릿,중국,메인요리,장어 1마리,장어깐풍기 튀김 커틀릿 중국 메인요리 장어 1마리
튀김고등어와토마토탕수육소스,튀김 커틀릿,중국,메인요리,고등어 1마리,튀김고등어와토마토탕수육소스 튀김 커틀릿 중국 메인요리 고등어 1마리
파인애플갑오징어튀김,튀김 커틀릿,중국,메인요리,갑오징어 3마리 파인애플(통조림) 5쪽,파인애플갑오징어튀김 튀김 커틀릿 중국 메인요리 갑오징어 3마리 파인애플(통조림) 5쪽
마늘콩소스의해산물요리,나물 생채 샐러드,중국,메인요리,홍합 100g 낙지 1/2마리 새우 50g 청피망 1/2개,마늘콩소스의해산물요리 나물 생채 샐러드 중국 메인요리 홍합 100g 낙지 1/2마리 새우 50g 청피망 1/2개
중국식오이김치,밑반찬 김치,중국,반찬,오이 1개,중국식오이김치 밑반찬 김치 중국 반찬 오이 1개
고구마빠스,후식,중국,간식,고구마 1개,고구마빠스 후식 중국 간식 고구마 1개
고춧기름,양념장,중국,반찬,식용유 3컵 마른고추 5개,고춧기름 양념장 중국 반찬 식용유 3컵 마른고추 5개
고추잡채와꽃빵,만두 면류,중국,메인요리,청고추 4개 홍고추 3개 꽃빵 6개,고추잡채와꽃빵 만두 면류 중국 메인요리 청고추 4개 홍고추 3개 꽃빵 6개
사천식자장면,만두 면류,중국,메인요리,돼지고기(안심) 40g 해삼 1마리 새우(작은것) 10개 표고버섯 2개 생면 200g,사천식자장면 만두 면류 중국 메인요리 돼지고기(안심) 40g 해삼 1마리 새우(작은것) 10개 표고버섯 2개 생면 200g
삼선짬뽕,만두 면류,중국,메인요리,오징어 30g 새우 30g 모시조개 25g,삼선짬뽕 만두 면류 중국 메인요리 오징어 30g 새우 30g 모시조개 25g
울면,만두 면류,중국,메인요리,국수(소면) 250g 새우 80g 오징어 1/2마리,울면 만두 면류 중국 메인요리 국수(소면) 250g 새우 80g 오징어 1/2마리
고추닭볶음,부침,중국,메인요리,닭가슴살 150g,고추닭볶음 부침 중국 메인요리 닭가슴살 150g
난자완스,볶음,중국,메인요리,돼지고기 300g,난자완스 볶음 중국 메인요리 돼지고기 300g
돼지고기표고볶음,볶음,중국,메인요리,돼지고기 100g 표고버섯 2장,돼지고기표고볶음 볶음 중국 메인요리 돼지고기 100g 표고버섯 2장
쇠고기양상추볶음,볶음,중국,메인요리,쇠고기 150g 양상추 4잎,쇠고기양상추볶음 볶음 중국 메인요리 쇠고기 150g 양상추 4잎
은대구두치소스,볶음,중국,메인요리,은대구살 200g,은대구두치소스 볶음 중국 메인요리 은대구살 200g
제육두반장볶음,볶음,중국,메인요리,돼지고기 300g,제육두반장볶음 볶음 중국 메인요리 돼지고기 300g
드라이카레볶음밥,밥 죽 스프,동남아시아,메인요리,카레 2큰술 밥 2공기,드라이카레볶음밥 밥 죽 스프 동남아시아 메인요리 카레 2큰술 밥 2공기
카레라이스,밥 죽 스프,동남아시아,메인요리,카레 70g 밥 4공기,카레라이스 밥 죽 스프 동남아시아 메인요리 카레 70g 밥 4공기
피넛소스와밥,밥 죽 스프,동남아시아,메인요리,밥 1공기 돼지고기(간것) 50g 피넛버터 2큰술,피넛소스와밥 밥 죽 스프 동남아시아 메인요리 밥 1공기 돼지고기(간것) 50g 피넛버터 2큰술
탄두리치킨,구이,동남아시아,메인요리,닭다리 4조각,탄두리치킨 구이 동남아시아 메인요리 닭다리 4조각
쌀국수냉채,나물 생채 샐러드,동남아시아,반찬,쌀국수 50g 새우 적당량,쌀국수냉채 나물 생채 샐러드 동남아시아 반찬 쌀국수 50g 새우 적당량
타이식 오이땅콩 샐러드,나물 생채 샐러드,동남아시아,반찬,오이 1개 땅콩(굵게다진것) 3큰술,타이식 오이땅콩 샐러드 나물 생채 샐러드 동남아시아 반찬 오이 1개 땅콩(굵게다진것) 3큰술
Fresh Spring Roll,나물 생채 샐러드,동남아시아,메인요리,라이스페이퍼 4장 양파 약간,Fresh Spring Roll 나물 생채 샐러드 동남아시아 메인요리 라이스페이퍼 4장 양파 약간
피넛버터소스,양념장,동남아시아,반찬,피넛버터 5큰술,피넛버터소스 양념장 동남아시아 반찬 피넛버터 5큰술
망고라씨,음료,동남아시아,간식,플레인요구르트 2개 망고 100g,망고라씨 음료 동남아시아 간식 플레인요구르트 2개 망고 100g
망고시미루,음료,동남아시아,간식,시미루 20g 망고 1개,망고시미루 음료 동남아시아 간식 시미루 20g 망고 1개
Che Thack Luu(채택루),음료,동남아시아,간식,물밤 3개,Che Thack Luu(채택루) 음료 동남아시아 간식 물밤 3개
쌀국수,만두 면류,동남아시아,메인요리,쌀국수 70g 쇠고기(양지) 30g [쇠고기육수] 쇠뼈 400g 쇠꼬리 2토막 양파 1개 생강 2개 팔각 1개 정향 3개 통계피(5cm 길이) 1토막,쌀국수 만두 면류 동남아시아 메인요리 쌀국수 70g 쇠고기(양지) 30g [쇠고기육수] 쇠뼈 400g 쇠꼬리 2토막 양파 1개 생강 2개 팔각 1개 정향 3개 통계피(5cm 길이) 1토막
레드드라이비프커리,찌개 전골 스튜,동남아시아,메인요리,쇠고기 100g 코코넛 밀크 1/4컵 레드커리페이스트 1큰술,레드드라이비프커리 찌개 전골 스튜 동남아시아 메인요리 쇠고기 100g 코코넛 밀크 1/4컵 레드커리페이스트 1큰술
인도식감자전병,부침,동남아시아,메인요리,밀가루 1컵 감자(삶아으깬것) 1개,인도식감자전병 부침 동남아시아 메인요리 밀가루 1컵 감자(삶아으깬것) 1개
해물필라프,밥 죽 스프,이탈리아,메인요리,쌀 1컵 오징어 1마리 새우 3마리 고동 1개 바지락 5개,해물필라프 밥 죽 스프 이탈리아 메인요리 쌀 1컵 오징어 1마리 새우 3마리 고동 1개 바지락 5개
해물필라프,밥 죽 스프,이탈리아,메인요리,쌀 2컵 오징어 1마리 새우 5마리,해물필라프 밥 죽 스프 이탈리아 메인요리 쌀 2컵 오징어 1마리 새우 5마리
닭가슴살 샐러드와 오렌지드레싱,나물 생채 샐러드,이탈리아,메인요리,닭가슴살 2개 건포도 10g 잣 2개 후레쉬 치즈덩어리(롤링한것) 약간 갖가지 채소 적당량,닭가슴살 샐러드와 오렌지드레싱 나물 생채 샐러드 이탈리아 메인요리 닭가슴살 2개 건포도 10g 잣 2개 후레쉬 치즈덩어리(롤링한것) 약간 갖가지 채소 적당량
로메인 시저샐러드,나물 생채 샐러드,이탈리아,반찬,로메인 50g 루꼴라 50g,로메인 시저샐러드 나물 생채 샐러드 이탈리아 반찬 로메인 50g 루꼴라 50g
모짜렐라 카프레제,나물 생채 샐러드,이탈리아,반찬,후레쉬 모짜렐라 50g 토마토 6개,모짜렐라 카프레제 나물 생채 샐러드 이탈리아 반찬 후레쉬 모짜렐라 50g 토마토 6개
시저샐러드프렌치드레싱,나물 생채 샐러드,이탈리아,반찬,로메인레터스(상추로 대체가능) 100g,시저샐러드프렌치드레싱 나물 생채 샐러드 이탈리아 반찬 로메인레터스(상추로 대체가능) 100g
시칠리아문어샐러드,나물 생채 샐러드,이탈리아,반찬,문어 100g,시칠리아문어샐러드 나물 생채 샐러드 이탈리아 반찬 문어 100g
쌀샐러드,나물 생채 샐러드,이탈리아,반찬,쌀 60g 낙지 1마리,쌀샐러드 나물 생채 샐러드 이탈리아 반찬 쌀 60g 낙지 1마리
연어까르파치오,나물 생채 샐러드,이탈리아,메인요리,연어(포뜬것) 6조각,연어까르파치오 나물 생채 샐러드 이탈리아 메인요리 연어(포뜬것) 6조각
조개샐러드,나물 생채 샐러드,이탈리아,메인요리,여러가지채소 200g 모시조개 100g,조개샐러드 나물 생채 샐러드 이탈리아 메인요리 여러가지채소 200g 모시조개 100g
파스타샐러드,나물 생채 샐러드,이탈리아,메인요리,푸실리 150g 청피망 1/2개 파프리카 1/2개 홍피망 1/2개,파스타샐러드 나물 생채 샐러드 이탈리아 메인요리 푸실리 150g 청피망 1/2개 파프리카 1/2개 홍피망 1/2개
브루스케타,양식,이탈리아,메인요리,블루치즈(고르곤졸라) 1큰술 크림치즈 2큰술 바게트(슬라이스) 6개,브루스케타 양식 이탈리아 메인요리 블루치즈(고르곤졸라) 1큰술 크림치즈 2큰술 바게트(슬라이스) 6개
페델리니 카르보나라,양식,이탈리아,메인요리,페델리니 40g 베이컨 20g 양파 10g,페델리니 카르보나라 양식 이탈리아 메인요리 페델리니 40g 베이컨 20g 양파 10g
바치디다마쿠키,빵 과자,이탈리아,간식,밀가루(박력분) 50g 버터(제과용) 55g,바치디다마쿠키 빵 과자 이탈리아 간식 밀가루(박력분) 50g 버터(제과용) 55g
비스코티,빵 과자,이탈리아,간식,밀가루(박력분) 200g 아몬드가루 25g 통아몬드 90g 건포도 70g 피스타치오 50g,비스코티 빵 과자 이탈리아 간식 밀가루(박력분) 200g 아몬드가루 25g 통아몬드 90g 건포도 70g 피스타치오 50g
까르보나라 (이탈리아식),만두 면류,이탈리아,메인요리,돼지 볼살(혹은 베이컨) 60g 스파게티 100g 파마산치즈가루 1큰술,까르보나라 (이탈리아식) 만두 면류 이탈리아 메인요리 돼지 볼살(혹은 베이컨) 60g 스파게티 100g 파마산치즈가루 1큰술
까르보나라 (한국식),만두 면류,이탈리아,메인요리,돼지 볼살(혹은 베이컨) 60g 스파게티 100g 생크림 300g,까르보나라 (한국식) 만두 면류 이탈리아 메인요리 돼지 볼살(혹은 베이컨) 60g 스파게티 100g 생크림 300g
뇨끼프리마베라,만두 면류,이탈리아,메인요리,단호박 200g 감자 200g 밀가루 80g 계란 40g,뇨끼프리마베라 만두 면류 이탈리아 메인요리 단호박 200g 감자 200g 밀가루 80g 계란 40g
다나블루소스의 그린파스타,만두 면류,이탈리아,메인요리,우유 150ml 밀가루 1작은술 다나블루치즈(블루치즈) 40g 스파게티(국수) 150g,다나블루소스의 그린파스타 만두 면류 이탈리아 메인요리 우유 150ml 밀가루 1작은술 다나블루치즈(블루치즈) 40g 스파게티(국수) 150g
버섯파스타,만두 면류,이탈리아,메인요리,파스타 250g 표고버섯 150g 느타리버섯 100g 양송이버섯 100g,버섯파스타 만두 면류 이탈리아 메인요리 파스타 250g 표고버섯 150g 느타리버섯 100g 양송이버섯 100g
봄채소파스타,만두 면류,이탈리아,메인요리,아스파라거스 4줄기 파프리카(구운 것) 1/2개 루꼴라 60g 새송이버섯 2개 호박 100g 가지 100g 스파게티 160g,봄채소파스타 만두 면류 이탈리아 메인요리 아스파라거스 4줄기 파프리카(구운 것) 1/2개 루꼴라 60g 새송이버섯 2개 호박 100g 가지 100g 스파게티 160g
블랙스파게티,만두 면류,이탈리아,메인요리,스파게티 400g 오징어 1/2마리 먹물주머니 4~5개,블랙스파게티 만두 면류 이탈리아 메인요리 스파게티 400g 오징어 1/2마리 먹물주머니 4~5개
시금치크림소스푸질리,만두 면류,이탈리아,메인요리,푸질리(파스타) 180g 시금치 120g,시금치크림소스푸질리 만두 면류 이탈리아 메인요리 푸질리(파스타) 180g 시금치 120g
시칠리안 링귀니,만두 면류,이탈리아,메인요리,링귀니 파스타 40g 시칠리안 올리브 4개,시칠리안 링귀니 만두 면류 이탈리아 메인요리 링귀니 파스타 40g 시칠리안 올리브 4개
오븐스파게티,만두 면류,이탈리아,메인요리,쇠고기 100g 스파게티면 50g 올리브오일 약간,오븐스파게티 만두 면류 이탈리아 메인요리 쇠고기 100g 스파게티면 50g 올리브오일 약간
조개토마토스파게티,만두 면류,이탈리아,메인요리,스파게티 100g 바지락 8개,조개토마토스파게티 만두 면류 이탈리아 메인요리 스파게티 100g 바지락 8개
치킨스파게티,만두 면류,이탈리아,메인요리,스파게티면 100g 토마토페이스트 50g 닭 1/4마리,치킨스파게티 만두 면류 이탈리아 메인요리 스파게티면 100g 토마토페이스트 50g 닭 1/4마리
토마토스파게티,만두 면류,이탈리아,메인요리,스파게티 84g 홀토마토 1/2캔,토마토스파게티 만두 면류 이탈리아 메인요리 스파게티 84g 홀토마토 1/2캔
토마토해산물스파게티,만두 면류,이탈리아,메인요리,오징어 1/2마리 새우 4마리 홍합 6개 모시조개 4개 동태살 10g 꼴뚜기 3마리 스파게티 150g 토마토 1개,토마토해산물스파게티 만두 면류 이탈리아 메인요리 오징어 1/2마리 새우 4마리 홍합 6개 모시조개 4개 동태살 10g 꼴뚜기 3마리 스파게티 150g 토마토 1개
페스토소스스파게티,만두 면류,이탈리아,메인요리,스파게티 100g,페스토소스스파게티 만두 면류 이탈리아 메인요리 스파게티 100g
펜네 아라비아따,만두 면류,이탈리아,메인요리,작은고추 8개 토마토소스 400g 펜네 200g,펜네 아라비아따 만두 면류 이탈리아 메인요리 작은고추 8개 토마토소스 400g 펜네 200g
펠라레제 파스타,만두 면류,이탈리아,메인요리,파스타 15개 닭가슴살 100g,펠라레제 파스타 만두 면류 이탈리아 메인요리 파스타 15개 닭가슴살 100g
푸실리크림스파게티,만두 면류,이탈리아,메인요리,푸실리 150g,푸실리크림스파게티 만두 면류 이탈리아 메인요리 푸실리 150g
피망소스라자냐,만두 면류,이탈리아,메인요리,라자냐 10장,피망소스라자냐 만두 면류 이탈리아 메인요리 라자냐 10장
가지치즈그라탕,그라탕 리조또,이탈리아,메인요리,가지 1개,가지치즈그라탕 그라탕 리조또 이탈리아 메인요리 가지 1개
관자와버섯을곁들인리조또,그라탕 리조또,이탈리아,메인요리,관자 2개 새송이버섯 1개 양송이버섯 8개 쌀 120g,관자와버섯을곁들인리조또 그라탕 리조또 이탈리아 메인요리 관자 2개 새송이버섯 1개 양송이버섯 8개 쌀 120g
시칠리아식 가지요리,그라탕 리조또,이탈리아,메인요리,가지 슬라이스 6장 밀가루 30g 올리브오일 30g 소금 적당량 오레가노 5g 토마토소스 100g 모짜렐라치즈 100g 바질 적당량 파마산치즈가루 10g,시칠리아식 가지요리 그라탕 리조또 이탈리아 메인요리 가지 슬라이스 6장 밀가루 30g 올리브오일 30g 소금 적당량 오레가노 5g 토마토소스 100g 모짜렐라치즈 100g 바질 적당량 파마산치즈가루 10g
해물라이스그라탕,그라탕 리조또,이탈리아,메인요리,모시조개 20g 홍합 30g 밥 1공기 피자치즈 20g,해물라이스그라탕 그라탕 리조또 이탈리아 메인요리 모시조개 20g 홍합 30g 밥 1공기 피자치즈 20g
해물리조또,그라탕 리조또,이탈리아,메인요리,쌀 1컵 새우 3마리 모시조개 3개,해물리조또 그라탕 리조또 이탈리아 메인요리 쌀 1컵 새우 3마리 모시조개 3개
리코타칼조네,피자,이탈리아,메인요리,밀가루반죽(레시피참고) 180g 리코타치즈 40g 파마산가루 20g,리코타칼조네 피자 이탈리아 메인요리 밀가루반죽(레시피참고) 180g 리코타치즈 40g 파마산가루 20g
메뉴판피자,피자,이탈리아,메인요리,밀가루(강력분) 200g 밀가루(박력분) 50g,메뉴판피자 피자 이탈리아 메인요리 밀가루(강력분) 200g 밀가루(박력분) 50g
피자,피자,이탈리아,메인요리,밀가루(도우) 1kg 토마토소스 1/5컵 모짜렐라치즈 120g 소금(도우) 12g 올리브오일(도우) 25g 설탕(도우) 40g 미온수(도우) 526g 이스트(도우) 15g 소금 약간,피자 피자 이탈리아 메인요리 밀가루(도우) 1kg 토마토소스 1/5컵 모짜렐라치즈 120g 소금(도우) 12g 올리브오일(도우) 25g 설탕(도우) 40g 미온수(도우) 526g 이스트(도우) 15g 소금 약간
미니또띠아치킨롤,샌드위치 햄버거,멕시코,메인요리,닭안심 50g 또띠아 2장,미니또띠아치킨롤 샌드위치 햄버거 멕시코 메인요리 닭안심 50g 또띠아 2장
양파와토마토의또띠아치킨롤,샌드위치 햄버거,멕시코,메인요리,또띠아 2장 닭안심 50g,양파와토마토의또띠아치킨롤 샌드위치 햄버거 멕시코 메인요리 또띠아 2장 닭안심 50g
건포도새우XO소스볶음밥,밥 죽 스프,퓨전,메인요리,건포도 30g 칵테일새우 100g 찬밥 2공기,건포도새우XO소스볶음밥 밥 죽 스프 퓨전 메인요리 건포도 30g 칵테일새우 100g 찬밥 2공기
김치연어롤,밥 죽 스프,퓨전,메인요리,백김치잎 5장 훈제연어 8장,김치연어롤 밥 죽 스프 퓨전 메인요리 백김치잎 5장 훈제연어 8장
깨소스밥꼬치,밥 죽 스프,퓨전,메인요리,깨 2큰술 호두 4알,깨소스밥꼬치 밥 죽 스프 퓨전 메인요리 깨 2큰술 호두 4알
마늘볶음국수,밥 죽 스프,퓨전,메인요리,우동면 150g 간마늘(간) 1작은술,마늘볶음국수 밥 죽 스프 퓨전 메인요리 우동면 150g 간마늘(간) 1작은술
스팸스시,밥 죽 스프,퓨전,메인요리,김 1~2장 스팸 1개 밥 1공기 무순 1/2팩 와사비 약간,스팸스시 밥 죽 스프 퓨전 메인요리 김 1~2장 스팸 1개 밥 1공기 무순 1/2팩 와사비 약간
시금치베이컨주먹밥,밥 죽 스프,퓨전,메인요리,밥 2공기 시금치 250g 베이컨 2장,시금치베이컨주먹밥 밥 죽 스프 퓨전 메인요리 밥 2공기 시금치 250g 베이컨 2장
어묵김밥,밥 죽 스프,퓨전,메인요리,어묵 2장 밥 1공기,어묵김밥 밥 죽 스프 퓨전 메인요리 어묵 2장 밥 1공기
이유식치즈죽,밥 죽 스프,퓨전,메인요리,밥 1/2공기 치즈(슬라이스) 2장 물 적당량,이유식치즈죽 밥 죽 스프 퓨전 메인요리 밥 1/2공기 치즈(슬라이스) 2장 물 적당량
참치김밥,밥 죽 스프,퓨전,메인요리,밥 6공기 김 6장 참치통조림 1캔 단무지 1/2통 계란 2개 우엉 50g 어묵 2장 햄 50g 맛살 4개 오이 1개,참치김밥 밥 죽 스프 퓨전 메인요리 밥 6공기 김 6장 참치통조림 1캔 단무지 1/2통 계란 2개 우엉 50g 어묵 2장 햄 50g 맛살 4개 오이 1개
찹밥키쉬,밥 죽 스프,퓨전,메인요리,밥 1공기 감자 1개 계란 2개 팽이버섯 20g 베이컨 3장 청피망 1/2개 홍피망 1/2개 당근 1/3개 우유 1/3컵 파마산치즈 2큰술 소금 약간 후춧가루 약간,찹밥키쉬 밥 죽 스프 퓨전 메인요리 밥 1공기 감자 1개 계란 2개 팽이버섯 20g 베이컨 3장 청피망 1/2개 홍피망 1/2개 당근 1/3개 우유 1/3컵 파마산치즈 2큰술 소금 약간 후춧가루 약간
채소새우찜밥,밥 죽 스프,퓨전,메인요리,찹쌀 1컵 새우 3마리,채소새우찜밥 밥 죽 스프 퓨전 메인요리 찹쌀 1컵 새우 3마리
채소치즈죽,밥 죽 스프,퓨전,메인요리,햄 10g 양파 1/4개 밥 1공기 치즈(슬라이스) 2장,채소치즈죽 밥 죽 스프 퓨전 메인요리 햄 10g 양파 1/4개 밥 1공기 치즈(슬라이스) 2장
치즈멸치볼,밥 죽 스프,퓨전,메인요리,밥 2공기 잔멸치 50g,치즈멸치볼 밥 죽 스프 퓨전 메인요리 밥 2공기 잔멸치 50g
치즈밥피자,밥 죽 스프,퓨전,메인요리,밥 2공기 계란 2개 피자치즈 적당량,치즈밥피자 밥 죽 스프 퓨전 메인요리 밥 2공기 계란 2개 피자치즈 적당량
케첩볶음밥,밥 죽 스프,퓨전,메인요리,찬밥(찬것) 2공기 양파 1개 햄 40g 토마토케첩 5큰술,케첩볶음밥 밥 죽 스프 퓨전 메인요리 찬밥(찬것) 2공기 양파 1개 햄 40g 토마토케첩 5큰술
파프리카볶음밥,밥 죽 스프,퓨전,메인요리,파프리카 3개 찬밥 1과1/2공기,파프리카볶음밥 밥 죽 스프 퓨전 메인요리 파프리카 3개 찬밥 1과1/2공기
퓨전호박죽,밥 죽 스프,퓨전,메인요리,단호박 1개,퓨전호박죽 밥 죽 스프 퓨전 메인요리 단호박 1개
햄김치롤,밥 죽 스프,퓨전,메인요리,스팸 1통 김치 10잎 베이컨 10장,햄김치롤 밥 죽 스프 퓨전 메인요리 스팸 1통 김치 10잎 베이컨 10장
허브비빔밥,밥 죽 스프,퓨전,메인요리,미츠바 50g 레드치커리 30g 겨자잎 30g 쌀 2컵,허브비빔밥 밥 죽 스프 퓨전 메인요리 미츠바 50g 레드치커리 30g 겨자잎 30g 쌀 2컵
치즈국,국,퓨전,메인요리,햄 20g 게맛살 20g 양송이버섯 2개 우유 200cc 치즈 적당량,치즈국 국 퓨전 메인요리 햄 20g 게맛살 20g 양송이버섯 2개 우유 200cc 치즈 적당량
돼지갈비고추장케첩조림,조림,퓨전,메인요리,돼지갈비 400g,돼지갈비고추장케첩조림 조림 퓨전 메인요리 돼지갈비 400g
떡케첩조림,조림,퓨전,메인요리,가래떡 1가래 토마토케첩 4큰술,떡케첩조림 조림 퓨전 메인요리 가래떡 1가래 토마토케첩 4큰술
베이컨떡말이,조림,퓨전,메인요리,가래떡 2개 베이컨 8장,베이컨떡말이 조림 퓨전 메인요리 가래떡 2개 베이컨 8장
양배추말이케첩조림,조림,퓨전,메인요리,양배추 150g 다진쇠고기(등심 또는 사태) 200g,양배추말이케첩조림 조림 퓨전 메인요리 양배추 150g 다진쇠고기(등심 또는 사태) 200g
감자프라이팬구이,구이,퓨전,메인요리,감자 1개,감자프라이팬구이 구이 퓨전 메인요리 감자 1개
계란오븐구이,구이,퓨전,메인요리,계란 3개 수제햄 2개,계란오븐구이 구이 퓨전 메인요리 계란 3개 수제햄 2개
김치드레싱오징어말이,구이,퓨전,메인요리,오징어 1마리 배추김치 100g,김치드레싱오징어말이 구이 퓨전 메인요리 오징어 1마리 배추김치 100g
김치말이미트로프,구이,퓨전,메인요리,쇠고기(안심) 200g 밥 1공기 배추김치 1/2포기,김치말이미트로프 구이 퓨전 메인요리 쇠고기(안심) 200g 밥 1공기 배추김치 1/2포기
꼬막오븐구이,구이,퓨전,메인요리,꼬막 300g 다진청고추 1/2작은술 참기름 1/2작은술,꼬막오븐구이 구이 퓨전 메인요리 꼬막 300g 다진청고추 1/2작은술 참기름 1/2작은술
단호박구이,구이,퓨전,메인요리,단호박 1/4개,단호박구이 구이 퓨전 메인요리 단호박 1/4개
단호박베이컨구이,구이,퓨전,메인요리,단호박 1/2통,단호박베이컨구이 구이 퓨전 메인요리 단호박 1/2통
대파미트볼꼬치,구이,퓨전,메인요리,대파 1대 쇠고기(간것) 300g,대파미트볼꼬치 구이 퓨전 메인요리 대파 1대 쇠고기(간것) 300g
돼지고기스테이크와구운사과,구이,퓨전,메인요리,사과 1/2개 돼지고기(로스용) 300g,돼지고기스테이크와구운사과 구이 퓨전 메인요리 사과 1/2개 돼지고기(로스용) 300g
마늘크림소스를곁들인대구말이,구이,퓨전,메인요리,대구살 1마리,마늘크림소스를곁들인대구말이 구이 퓨전 메인요리 대구살 1마리
메추리알완자구이,구이,퓨전,메인요리,메추리알 1팩 다진돼지고기(안심) 100g 다진쇠고기(우둔) 70g,메추리알완자구이 구이 퓨전 메인요리 메추리알 1팩 다진돼지고기(안심) 100g 다진쇠고기(우둔) 70g
미트로프,구이,퓨전,메인요리,다진쇠고기(안심) 200g 다진돼지고기(우둔) 200g,미트로프 구이 퓨전 메인요리 다진쇠고기(안심) 200g 다진돼지고기(우둔) 200g
베이컨떡말이,구이,퓨전,메인요리,가래떡 2줄,베이컨떡말이 구이 퓨전 메인요리 가래떡 2줄
사천식쇠고기스테이크,구이,퓨전,메인요리,쇠고기등심 120g,사천식쇠고기스테이크 구이 퓨전 메인요리 쇠고기등심 120g
삼겹살꼬치소스구이,구이,퓨전,메인요리,삼겹살(삼겹살) 300g,삼겹살꼬치소스구이 구이 퓨전 메인요리 삼겹살(삼겹살) 300g
새우아몬드구이,구이,퓨전,메인요리,아몬드 50g 중하새우 12마리,새우아몬드구이 구이 퓨전 메인요리 아몬드 50g 중하새우 12마리
송편고추장구이,구이,퓨전,메인요리,송편 8개,송편고추장구이 구이 퓨전 메인요리 송편 8개
쇠고기고추장치즈구이,구이,퓨전,메인요리,쇠고기(안심) 200g 슬라이스치즈 4장,쇠고기고추장치즈구이 구이 퓨전 메인요리 쇠고기(안심) 200g 슬라이스치즈 4장
오븐고구마구이,구이,퓨전,메인요리,고구마 4개,오븐고구마구이 구이 퓨전 메인요리 고구마 4개
차돌박이찹쌀구이,구이,퓨전,메인요리,쇠고기(차돌박이) 600g,차돌박이찹쌀구이 구이 퓨전 메인요리 쇠고기(차돌박이) 600g
치즈감자칩,구이,퓨전,메인요리,감자칩 50g 모짜렐라치즈 적당량,치즈감자칩 구이 퓨전 메인요리 감자칩 50g 모짜렐라치즈 적당량
치즈찹쌀고기말이,구이,퓨전,메인요리,쇠고기(등심 혹은 안심) 150g,치즈찹쌀고기말이 구이 퓨전 메인요리 쇠고기(등심 혹은 안심) 150g
가지치즈튀김,튀김 커틀릿,퓨전,메인요리,가지 1개 치즈 적당량,가지치즈튀김 튀김 커틀릿 퓨전 메인요리 가지 1개 치즈 적당량
감자&고구마치즈옹심이,튀김 커틀릿,퓨전,메인요리,감자 1개 고구마 1개,감자&고구마치즈옹심이 튀김 커틀릿 퓨전 메인요리 감자 1개 고구마 1개
감자마늘볼,튀김 커틀릿,퓨전,메인요리,감자 2개 마늘 20톨,감자마늘볼 튀김 커틀릿 퓨전 메인요리 감자 2개 마늘 20톨
게맛살치즈말이튀김,튀김 커틀릿,퓨전,메인요리,김 2장 게맛살 4개,게맛살치즈말이튀김 튀김 커틀릿 퓨전 메인요리 김 2장 게맛살 4개
과일돈까스와소스,튀김 커틀릿,퓨전,메인요리,돼지고기(두께1.5cm) 1조각,과일돈까스와소스 튀김 커틀릿 퓨전 메인요리 돼지고기(두께1.5cm) 1조각
단호박커틀릿,튀김 커틀릿,퓨전,메인요리,단호박 1/2개 안심(안심) 500g,단호박커틀릿 튀김 커틀릿 퓨전 메인요리 단호박 1/2개 안심(안심) 500g
떡치즈크로켓,튀김 커틀릿,퓨전,메인요리,떡(떡볶이) 50g 치즈(슬라이스) 4장 감자 2개,떡치즈크로켓 튀김 커틀릿 퓨전 메인요리 떡(떡볶이) 50g 치즈(슬라이스) 4장 감자 2개
만두피치즈스틱,튀김 커틀릿,퓨전,메인요리,만두피 10장 모짜렐라치즈(덩어리) 100g,만두피치즈스틱 튀김 커틀릿 퓨전 메인요리 만두피 10장 모짜렐라치즈(덩어리) 100g
버섯롤커틀릿,튀김 커틀릿,퓨전,메인요리,돼지고기(안심) 300g 표고버섯 4장 팽이버섯 1개 새송이버섯 1개 토마토케첩/설탕/버터/밀가루 2큰술씩,버섯롤커틀릿 튀김 커틀릿 퓨전 메인요리 돼지고기(안심) 300g 표고버섯 4장 팽이버섯 1개 새송이버섯 1개 토마토케첩/설탕/버터/밀가루 2큰술씩
양파쌈파이,튀김 커틀릿,퓨전,메인요리,양파 5개 만두피 30장,양파쌈파이 튀김 커틀릿 퓨전 메인요리 양파 5개 만두피 30장
어묵계란말이,튀김 커틀릿,퓨전,메인요리,어묵 100g,어묵계란말이 튀김 커틀릿 퓨전 메인요리 어묵 100g
요거트크림새우,튀김 커틀릿,퓨전,메인요리,새우 300g,요거트크림새우 튀김 커틀릿 퓨전 메인요리 새우 300g
참치김말이튀김,튀김 커틀릿,퓨전,메인요리,참치(스타키스트참치) 1캔 김 1장,참치김말이튀김 튀김 커틀릿 퓨전 메인요리 참치(스타키스트참치) 1캔 김 1장
참치김치말이,튀김 커틀릿,퓨전,메인요리,스타키스트참치 1개 김치 1/2포기,참치김치말이 튀김 커틀릿 퓨전 메인요리 스타키스트참치 1개 김치 1/2포기
춘권피채소말이튀김,튀김 커틀릿,퓨전,메인요리,춘권피 10장,춘권피채소말이튀김 튀김 커틀릿 퓨전 메인요리 춘권피 10장
케이준입힌갈치와이탈리안드레싱,튀김 커틀릿,퓨전,메인요리,갈치 1마리,케이준입힌갈치와이탈리안드레싱 튀김 커틀릿 퓨전 메인요리 갈치 1마리
단호박매운해물찜,찜,퓨전,메인요리,단호박 1개 오징어 1마리 칵테일새우 10마리 조갯살 100g,단호박매운해물찜 찜 퓨전 메인요리 단호박 1개 오징어 1마리 칵테일새우 10마리 조갯살 100g
돼지갈비레몬찜,찜,퓨전,메인요리,돼지갈비 500g,돼지갈비레몬찜 찜 퓨전 메인요리 돼지갈비 500g
버섯호일찜,찜,퓨전,메인요리,양송이버섯 6개 느타리버섯 60g 표고버섯 4개,버섯호일찜 찜 퓨전 메인요리 양송이버섯 6개 느타리버섯 60g 표고버섯 4개
삼겹살레몬찜,찜,퓨전,메인요리,돼지고기(삼겹살) 1kg,삼겹살레몬찜 찜 퓨전 메인요리 돼지고기(삼겹살) 1kg
냉고기쌈,나물 생채 샐러드,퓨전,메인요리,쇠고기 400g 무순 50g 양배추 70g 당근 50g,냉고기쌈 나물 생채 샐러드 퓨전 메인요리 쇠고기 400g 무순 50g 양배추 70g 당근 50g
된장소스와 채소샐러드,나물 생채 샐러드,퓨전,반찬,상추 2장 양상추 2장 된장 2큰술 사과 1/4쪽 배 1/4쪽,된장소스와 채소샐러드 나물 생채 샐러드 퓨전 반찬 상추 2장 양상추 2장 된장 2큰술 사과 1/4쪽 배 1/4쪽
두부드레싱과 채소샐러드,나물 생채 샐러드,퓨전,반찬,상추잎 10장 두부 1/2모 적양배추잎 5장,두부드레싱과 채소샐러드 나물 생채 샐러드 퓨전 반찬 상추잎 10장 두부 1/2모 적양배추잎 5장
두부허브샐러드,나물 생채 샐러드,퓨전,반찬,두부 1/2모 엔다이브 20g 적치커리 20g 토마토 1개,두부허브샐러드 나물 생채 샐러드 퓨전 반찬 두부 1/2모 엔다이브 20g 적치커리 20g 토마토 1개
레이즌엔다이브,나물 생채 샐러드,퓨전,메인요리,엔다이브 12장,레이즌엔다이브 나물 생채 샐러드 퓨전 메인요리 엔다이브 12장
메추리알카나페,나물 생채 샐러드,퓨전,메인요리,메추리알 6쪽 식빵 2쪽,메추리알카나페 나물 생채 샐러드 퓨전 메인요리 메추리알 6쪽 식빵 2쪽
발사믹드레싱양파샐러드,나물 생채 샐러드,퓨전,반찬,양파 2개,발사믹드레싱양파샐러드 나물 생채 샐러드 퓨전 반찬 양파 2개
배깨초무침,나물 생채 샐러드,퓨전,반찬,배 1/2개 오이 1/2개,배깨초무침 나물 생채 샐러드 퓨전 반찬 배 1/2개 오이 1/2개
부추올리브오일무침,나물 생채 샐러드,퓨전,반찬,부추 100g 올리브오일 3큰술,부추올리브오일무침 나물 생채 샐러드 퓨전 반찬 부추 100g 올리브오일 3큰술
수삼치즈샐러드,나물 생채 샐러드,퓨전,반찬,수삼 1뿌리 크림치즈 3큰술,수삼치즈샐러드 나물 생채 샐러드 퓨전 반찬 수삼 1뿌리 크림치즈 3큰술
어묵샐러드,나물 생채 샐러드,퓨전,반찬,어묵 100g,어묵샐러드 나물 생채 샐러드 퓨전 반찬 어묵 100g
연어채소채말이,나물 생채 샐러드,퓨전,메인요리,연어(훈제한것) 100g,연어채소채말이 나물 생채 샐러드 퓨전 메인요리 연어(훈제한것) 100g
와사비문어숙회,나물 생채 샐러드,퓨전,메인요리,와사비 1작은술 문어다리 4개,와사비문어숙회 나물 생채 샐러드 퓨전 메인요리 와사비 1작은술 문어다리 4개
와사비연어샐러드,나물 생채 샐러드,퓨전,메인요리,건포도 40g 훈제연어 70g 양상추 30g,와사비연어샐러드 나물 생채 샐러드 퓨전 메인요리 건포도 40g 훈제연어 70g 양상추 30g
와사비크림치즈와채소스틱,나물 생채 샐러드,퓨전,메인요리,당근 1/2개 오이 1/2개,와사비크림치즈와채소스틱 나물 생채 샐러드 퓨전 메인요리 당근 1/2개 오이 1/2개
참치샐러드,나물 생채 샐러드,퓨전,메인요리,참치살(냉동) 100g,참치샐러드 나물 생채 샐러드 퓨전 메인요리 참치살(냉동) 100g
참치샐러리스틱,나물 생채 샐러드,퓨전,메인요리,샐러리 4줄기 참치통조림 1/2캔,참치샐러리스틱 나물 생채 샐러드 퓨전 메인요리 샐러리 4줄기 참치통조림 1/2캔
참치회무침,나물 생채 샐러드,퓨전,메인요리,참치회 300g,참치회무침 나물 생채 샐러드 퓨전 메인요리 참치회 300g
참치회무침,나물 생채 샐러드,퓨전,메인요리,참치회 300g,참치회무침 나물 생채 샐러드 퓨전 메인요리 참치회 300g
춘권피건강샐러드,나물 생채 샐러드,퓨전,메인요리,춘권피 4장 각종 채소류 적당량,춘권피건강샐러드 나물 생채 샐러드 퓨전 메인요리 춘권피 4장 각종 채소류 적당량
치즈파강회,나물 생채 샐러드,퓨전,메인요리,실파 50g 하이포크팜햄 20g,치즈파강회 나물 생채 샐러드 퓨전 메인요리 실파 50g 하이포크팜햄 20g
치킨밀쌈,나물 생채 샐러드,퓨전,메인요리,닭가슴살 300g 라이스페이퍼 8장,치킨밀쌈 나물 생채 샐러드 퓨전 메인요리 닭가슴살 300g 라이스페이퍼 8장
피스타치오샐러드,나물 생채 샐러드,퓨전,메인요리,샐러리 50g 피스타치오 50g,피스타치오샐러드 나물 생채 샐러드 퓨전 메인요리 샐러리 50g 피스타치오 50g
고구마전피자,도시락 간식,퓨전,메인요리,고구마 2개,고구마전피자 도시락 간식 퓨전 메인요리 고구마 2개
두부카나페,도시락 간식,퓨전,메인요리,두부 200g 치즈 2장 방울토마토 3개,두부카나페 도시락 간식 퓨전 메인요리 두부 200g 치즈 2장 방울토마토 3개
레이즌카나페,도시락 간식,퓨전,메인요리,건포도 250g 브리치즈 1팩,레이즌카나페 도시락 간식 퓨전 메인요리 건포도 250g 브리치즈 1팩
마늘꿀마리네이드,도시락 간식,퓨전,메인요리,마늘 20톨,마늘꿀마리네이드 도시락 간식 퓨전 메인요리 마늘 20톨
베이컨떡말이조림,도시락 간식,퓨전,메인요리,떡볶이떡 1/2봉지 베이컨 1봉지,베이컨떡말이조림 도시락 간식 퓨전 메인요리 떡볶이떡 1/2봉지 베이컨 1봉지
자장떡볶이,도시락 간식,퓨전,메인요리,떡볶이떡 70g 어묵 50g 춘장 1/2큰술,자장떡볶이 도시락 간식 퓨전 메인요리 떡볶이떡 70g 어묵 50g 춘장 1/2큰술
치즈떡볶이,도시락 간식,퓨전,메인요리,가래떡 150g 슬라이스치즈 2장,치즈떡볶이 도시락 간식 퓨전 메인요리 가래떡 150g 슬라이스치즈 2장
과일 깍기,후식,퓨전,간식,오렌지 2개 멜론 1/4통 바나나 2개 기타 제철 과일,과일 깍기 후식 퓨전 간식 오렌지 2개 멜론 1/4통 바나나 2개 기타 제철 과일
두유빙수,후식,퓨전,간식,두유 300g 팥 70g 설탕 140g,두유빙수 후식 퓨전 간식 두유 300g 팥 70g 설탕 140g
양갱,후식,퓨전,간식,[검은양갱] 한천 15g 물 4와1/2컵 설탕 250g 팥앙금 900g [완두양갱] 한천 15g 물 1/2컵 설탕 250g 완두앙금 900g,양갱 후식 퓨전 간식 [검은양갱] 한천 15g 물 4와1/2컵 설탕 250g 팥앙금 900g [완두양갱] 한천 15g 물 1/2컵 설탕 250g 완두앙금 900g
초코밤범벅,후식,퓨전,간식,생밤 6알 초콜릿 40g,초코밤범벅 후식 퓨전 간식 생밤 6알 초콜릿 40g
치즈사탕,후식,퓨전,간식,치즈 적당량 잼 적당량,치즈사탕 후식 퓨전 간식 치즈 적당량 잼 적당량
콩국과일펀치,후식,퓨전,간식,콩국(메주콩500g 생수약간) 1컵,콩국과일펀치 후식 퓨전 간식 콩국(메주콩500g 생수약간) 1컵
콩국젤리,후식,퓨전,간식,콩국(메주콩100g 생수1/3컵) 1컵 통깨 약간 잣 약간,콩국젤리 후식 퓨전 간식 콩국(메주콩100g 생수1/3컵) 1컵 통깨 약간 잣 약간
당근쨈,양념장,퓨전,반찬,당근 2개,당근쨈 양념장 퓨전 반찬 당근 2개
유자드레싱,양념장,퓨전,반찬,유자청 1/2컵 올리브오일 1/2컵,유자드레싱 양념장 퓨전 반찬 유자청 1/2컵 올리브오일 1/2컵
과일찰떡카나페,떡 한과,퓨전,간식,시루떡(콩고물) 6조각 단호박 1/4개,과일찰떡카나페 떡 한과 퓨전 간식 시루떡(콩고물) 6조각 단호박 1/4개
깨찰빵,빵 과자,퓨전,간식,타피오카전분 540g 검은깨 1큰술 강력분 120g 계란 4개,깨찰빵 빵 과자 퓨전 간식 타피오카전분 540g 검은깨 1큰술 강력분 120g 계란 4개
누룽지케이크,빵 과자,퓨전,간식,밥 2공기,누룽지케이크 빵 과자 퓨전 간식 밥 2공기
삼색라이스케이크,빵 과자,퓨전,간식,밥 2공기,삼색라이스케이크 빵 과자 퓨전 간식 밥 2공기
팥앙금빵,빵 과자,퓨전,간식,밀가루(중력분) 600g 팥앙금 500g,팥앙금빵 빵 과자 퓨전 간식 밀가루(중력분) 600g 팥앙금 500g
감주스,음료,퓨전,간식,홍시 1개 우유 1컵,감주스 음료 퓨전 간식 홍시 1개 우유 1컵
귤주스,음료,퓨전,간식,귤 2개 우유 1컵 오렌지 주스 1/2컵,귤주스 음료 퓨전 간식 귤 2개 우유 1컵 오렌지 주스 1/2컵
딸기주스,음료,퓨전,간식,딸기 300g 오렌지주스 1/2컵 우유 1컵,딸기주스 음료 퓨전 간식 딸기 300g 오렌지주스 1/2컵 우유 1컵
바나나주스,음료,퓨전,간식,바나나 1개 파인애플통조림 2조각 우유 1컵,바나나주스 음료 퓨전 간식 바나나 1개 파인애플통조림 2조각 우유 1컵
배주스,음료,퓨전,간식,배 1/2개 우유 1컵 사과주스 1/2컵,배주스 음료 퓨전 간식 배 1/2개 우유 1컵 사과주스 1/2컵
사과주스,음료,퓨전,간식,사과 1/2개 무순 50g 당근 18g 우유 1/2컵,사과주스 음료 퓨전 간식 사과 1/2개 무순 50g 당근 18g 우유 1/2컵
생토마토주스,음료,퓨전,간식,토마토 2개,생토마토주스 음료 퓨전 간식 토마토 2개
요구르트두부주스,음료,퓨전,간식,메주콩 200g,요구르트두부주스 음료 퓨전 간식 메주콩 200g
자두주스,음료,퓨전,간식,자두 2개 우유 1컵,자두주스 음료 퓨전 간식 자두 2개 우유 1컵
과일천사채국수,만두 면류,퓨전,메인요리,배 1/2개 토마토 1개 천사채 300g,과일천사채국수 만두 면류 퓨전 메인요리 배 1/2개 토마토 1개 천사채 300g
김치 파스타,만두 면류,퓨전,메인요리,파스타 160g 김치 50g,김치 파스타 만두 면류 퓨전 메인요리 파스타 160g 김치 50g
냉라면,만두 면류,퓨전,메인요리,라면 2개 새우 8마리,냉라면 만두 면류 퓨전 메인요리 라면 2개 새우 8마리
명란스파게티,만두 면류,퓨전,메인요리,스파게티 300g 명란 120g,명란스파게티 만두 면류 퓨전 메인요리 스파게티 300g 명란 120g
불고기꽃만두,만두 면류,퓨전,메인요리,밀가루 1컵 쇠고기 200g,불고기꽃만두 만두 면류 퓨전 메인요리 밀가루 1컵 쇠고기 200g
비빔만두,만두 면류,퓨전,메인요리,냉동만두 10개 콩나물 30g,비빔만두 만두 면류 퓨전 메인요리 냉동만두 10개 콩나물 30g
소스를곁들인라면구이,만두 면류,퓨전,메인요리,라면 1개,소스를곁들인라면구이 만두 면류 퓨전 메인요리 라면 1개
치즈볶음라면,만두 면류,퓨전,메인요리,라면 1개 치즈(피자치즈) 적당량,치즈볶음라면 만두 면류 퓨전 메인요리 라면 1개 치즈(피자치즈) 적당량
콩국냉파스타,만두 면류,퓨전,메인요리,콩국 1컵 스파게티 200g 후춧가루 약간,콩국냉파스타 만두 면류 퓨전 메인요리 콩국 1컵 스파게티 200g 후춧가루 약간
퓨전만두,만두 면류,퓨전,메인요리,만두피 10장 쇠고기(불고기) 300g,퓨전만두 만두 면류 퓨전 메인요리 만두피 10장 쇠고기(불고기) 300g
커리,찌개 전골 스튜,퓨전,메인요리,감자 1개 당근 1/3개 양파 1/2개,커리 찌개 전골 스튜 퓨전 메인요리 감자 1개 당근 1/3개 양파 1/2개
김치오꼬노미야끼,부침,퓨전,메인요리,잔새우 5마리 갑오징어 20g 굴(생것) 20g 홍합 20g 돼지고기(삼겹살) 30g,김치오꼬노미야끼 부침 퓨전 메인요리 잔새우 5마리 갑오징어 20g 굴(생것) 20g 홍합 20g 돼지고기(삼겹살) 30g
돼지고기치즈지짐,부침,퓨전,메인요리,돼지고기(뒷다리살) 300g,돼지고기치즈지짐 부침 퓨전 메인요리 돼지고기(뒷다리살) 300g
두부스테이크,부침,퓨전,메인요리,다진쇠고기 90g 두부 1모,두부스테이크 부침 퓨전 메인요리 다진쇠고기 90g 두부 1모
산적치즈구이,부침,퓨전,메인요리,어묵 50g 햄 50g 게맛살 50g 치즈(슬라이스) 4장,산적치즈구이 부침 퓨전 메인요리 어묵 50g 햄 50g 게맛살 50g 치즈(슬라이스) 4장
연근카레전,부침,퓨전,메인요리,연근 20cm,연근카레전 부침 퓨전 메인요리 연근 20cm
치즈알쌈,부침,퓨전,메인요리,계란 8개 치즈(피자) 40g,치즈알쌈 부침 퓨전 메인요리 계란 8개 치즈(피자) 40g
치즈파전,부침,퓨전,메인요리,실파 100g 새우(칵테일) 10g 홍합살 10g 밀가루 1/4컵 치즈 적당량,치즈파전 부침 퓨전 메인요리 실파 100g 새우(칵테일) 10g 홍합살 10g 밀가루 1/4컵 치즈 적당량
치즈피망전,부침,퓨전,메인요리,피망 4개 모짜렐라치즈 적당량,치즈피망전 부침 퓨전 메인요리 피망 4개 모짜렐라치즈 적당량
꼬마버거,샌드위치 햄버거,퓨전,메인요리,돼지고기 20g 모닝빵 4개 샐러드 약간,꼬마버거 샌드위치 햄버거 퓨전 메인요리 돼지고기 20g 모닝빵 4개 샐러드 약간
밥샌드위치,샌드위치 햄버거,퓨전,메인요리,밥(찬것) 3공기,밥샌드위치 샌드위치 햄버거 퓨전 메인요리 밥(찬것) 3공기
새우라이스버거,샌드위치 햄버거,퓨전,메인요리,[라이스버거] 찬밥 2공기 계란노른자 1개 빵가루 20g 소금 약간 후춧가루 약간 [새우패티] 새우살 100g 양파 1/3개 샐러리 1대 빵가루 30g 소금 약간 후춧가루 약간,새우라이스버거 샌드위치 햄버거 퓨전 메인요리 [라이스버거] 찬밥 2공기 계란노른자 1개 빵가루 20g 소금 약간 후춧가루 약간 [새우패티] 새우살 100g 양파 1/3개 샐러리 1대 빵가루 30g 소금 약간 후춧가루 약간
감자피자구이,피자,퓨전,메인요리,감자 4개 오징어 1마리,감자피자구이 피자 퓨전 메인요리 감자 4개 오징어 1마리
김치계란피자,피자,퓨전,메인요리,김치 100g 계란 2개,김치계란피자 피자 퓨전 메인요리 김치 100g 계란 2개
김치치킨도리아,볶음,퓨전,메인요리,닭고기(살) 50g 밥 1공기,김치치킨도리아 볶음 퓨전 메인요리 닭고기(살) 50g 밥 1공기
대파 파프리카굴소스볶음,볶음,퓨전,메인요리,대파 2대 노란파프리카 1개 주황파프리카 1개,대파 파프리카굴소스볶음 볶음 퓨전 메인요리 대파 2대 노란파프리카 1개 주황파프리카 1개
돈육불고기,볶음,퓨전,메인요리,돼지고기(목살) 600g,돈육불고기 볶음 퓨전 메인요리 돼지고기(목살) 600g
두부케첩볶음,볶음,퓨전,메인요리,두부 1/4모 비엔나소시지 8개 표고버섯(마른 것) 1장,두부케첩볶음 볶음 퓨전 메인요리 두부 1/4모 비엔나소시지 8개 표고버섯(마른 것) 1장
삶은무해산물볶음,볶음,퓨전,메인요리,새우살 50g 조갯살 50g 오징어 50g 무 1개,삶은무해산물볶음 볶음 퓨전 메인요리 새우살 50g 조갯살 50g 오징어 50g 무 1개
엔다이브 위의 쇠고기볶음,볶음,퓨전,메인요리,쇠고기 50g 앤다이브 6잎,엔다이브 위의 쇠고기볶음 볶음 퓨전 메인요리 쇠고기 50g 앤다이브 6잎
피자떡볶이,볶음,퓨전,메인요리,햄 100g 떡볶이떡 150g,피자떡볶이 볶음 퓨전 메인요리 햄 100g 떡볶이떡 150g
해물채소볶음,볶음,퓨전,메인요리,새우 30g 바지락 50g 파프리카 1/2개 청경채 2개,해물채소볶음 볶음 퓨전 메인요리 새우 30g 바지락 50g 파프리카 1/2개 청경채 2개
햄마늘볶음,볶음,퓨전,메인요리,햄 50g 마늘 5톨,햄마늘볶음 볶음 퓨전 메인요리 햄 50g 마늘 5톨
계란말이주먹밥,밥 죽 스프,한식,메인요리,밥 2공기 계란 4개,계란말이주먹밥 밥 죽 스프 한식 메인요리 밥 2공기 계란 4개
골뱅이덮밥,밥 죽 스프,한식,메인요리,밥 4공기 골뱅이 200g,골뱅이덮밥 밥 죽 스프 한식 메인요리 밥 4공기 골뱅이 200g
굴무밥,밥 죽 스프,한식,메인요리,굴 100g 쌀 2컵 무 150g 물 약간 다시마(5cm x 5cm) 1장,굴무밥 밥 죽 스프 한식 메인요리 굴 100g 쌀 2컵 무 150g 물 약간 다시마(5cm x 5cm) 1장
김밥계란말이,밥 죽 스프,한식,메인요리,밥 2공기 햄 100g 김 6장,김밥계란말이 밥 죽 스프 한식 메인요리 밥 2공기 햄 100g 김 6장
김치쌈밥,밥 죽 스프,한식,메인요리,밥 2공기 김칫잎 6장,김치쌈밥 밥 죽 스프 한식 메인요리 밥 2공기 김칫잎 6장
김치주먹밥,밥 죽 스프,한식,메인요리,김치 1/2포기 밥 2공기 다진쇠고기(사태) 100g,김치주먹밥 밥 죽 스프 한식 메인요리 김치 1/2포기 밥 2공기 다진쇠고기(사태) 100g
김치채소쌈,밥 죽 스프,한식,반찬,김치잎 5장 깻잎 4장 양배추 4장 근대잎 4장 밥 2공기,김치채소쌈 밥 죽 스프 한식 반찬 김치잎 5장 깻잎 4장 양배추 4장 근대잎 4장 밥 2공기
나물비빔밥,밥 죽 스프,한식,메인요리,쌀 4컵 안심 200g 콩나물 20g 청포묵 1/2모 미나리 20g 숙주 20g 도라지 20g 고사리 20g 계란 1개,나물비빔밥 밥 죽 스프 한식 메인요리 쌀 4컵 안심 200g 콩나물 20g 청포묵 1/2모 미나리 20g 숙주 20g 도라지 20g 고사리 20g 계란 1개
닭고기콩나물덮밥,밥 죽 스프,한식,메인요리,닭 한마리 콩나물 300g 밥 4공기,닭고기콩나물덮밥 밥 죽 스프 한식 메인요리 닭 한마리 콩나물 300g 밥 4공기
대나무쌈밥,밥 죽 스프,한식,메인요리,닭 20g 찹쌀 30g 쌀 90g 대나무잎 4장,대나무쌈밥 밥 죽 스프 한식 메인요리 닭 20g 찹쌀 30g 쌀 90g 대나무잎 4장
모듬쌈밥,밥 죽 스프,한식,메인요리,케일 약간 치커리 약간 청경채 약간 겨자잎 약간 밥 2공기,모듬쌈밥 밥 죽 스프 한식 메인요리 케일 약간 치커리 약간 청경채 약간 겨자잎 약간 밥 2공기
별미밥,밥 죽 스프,한식,메인요리,쇠고기(우둔) 150g 콩나물 100g 밥 4공기,별미밥 밥 죽 스프 한식 메인요리 쇠고기(우둔) 150g 콩나물 100g 밥 4공기
북어국밥,밥 죽 스프,한식,메인요리,밥 3공기 북어 2마리,북어국밥 밥 죽 스프 한식 메인요리 밥 3공기 북어 2마리
삼색주먹밥,밥 죽 스프,한식,메인요리,밥 2공기,삼색주먹밥 밥 죽 스프 한식 메인요리 밥 2공기
상추겉절이비빔밥,밥 죽 스프,한식,메인요리,밥 4공기 상추 3잎,상추겉절이비빔밥 밥 죽 스프 한식 메인요리 밥 4공기 상추 3잎
열무비빔밥,밥 죽 스프,한식,메인요리,밥 한공기 열무김치 300g 쇠고기 150g,열무비빔밥 밥 죽 스프 한식 메인요리 밥 한공기 열무김치 300g 쇠고기 150g
영양돌솥밥,밥 죽 스프,한식,메인요리,멥쌀 2컵 찹쌀 1/2컵,영양돌솥밥 밥 죽 스프 한식 메인요리 멥쌀 2컵 찹쌀 1/2컵
영양채소밥,밥 죽 스프,한식,메인요리,쌀 1컵 밤 2개 고구마 1/3개 은행 6알 대추 4알,영양채소밥 밥 죽 스프 한식 메인요리 쌀 1컵 밤 2개 고구마 1/3개 은행 6알 대추 4알
오곡밥,밥 죽 스프,한식,메인요리,멥쌀 1컵 찹쌀 2컵,오곡밥 밥 죽 스프 한식 메인요리 멥쌀 1컵 찹쌀 2컵
오징어덮밥,밥 죽 스프,한식,메인요리,밥 2공기 오징어 1마리,오징어덮밥 밥 죽 스프 한식 메인요리 밥 2공기 오징어 1마리
자라죽,밥 죽 스프,한식,메인요리,흰쌀 200g 자라 1마리,자라죽 밥 죽 스프 한식 메인요리 흰쌀 200g 자라 1마리
잣죽,밥 죽 스프,한식,메인요리,불린쌀 1컵 잣 1/2컵,잣죽 밥 죽 스프 한식 메인요리 불린쌀 1컵 잣 1/2컵
찬밥맛탕,밥 죽 스프,한식,메인요리,찬밥 1공기 옥수수(통조림) 200g,찬밥맛탕 밥 죽 스프 한식 메인요리 찬밥 1공기 옥수수(통조림) 200g
찰밥,밥 죽 스프,한식,메인요리,찹쌀 2컵 팥 2/3컵,찰밥 밥 죽 스프 한식 메인요리 찹쌀 2컵 팥 2/3컵
충무김밥,밥 죽 스프,한식,간식,김 2장 오징어 1/2마리 무 30g 고춧가루 3큰술 밥 2공기,충무김밥 밥 죽 스프 한식 간식 김 2장 오징어 1/2마리 무 30g 고춧가루 3큰술 밥 2공기
콩나물버섯덮밥,밥 죽 스프,한식,메인요리,밥 2인분 콩나물 100g 쇠고기 50g 느타리버섯 50g,콩나물버섯덮밥 밥 죽 스프 한식 메인요리 밥 2인분 콩나물 100g 쇠고기 50g 느타리버섯 50g
콩나물비빔밥,밥 죽 스프,한식,메인요리,밥 60g 보리 10g 콩나물 40g 오이 20g 다진쇠고기 30g,콩나물비빔밥 밥 죽 스프 한식 메인요리 밥 60g 보리 10g 콩나물 40g 오이 20g 다진쇠고기 30g
해물볶음밥,밥 죽 스프,한식,메인요리,밥 1공기 오징어 1/4마리 새우 20g 라유(중국식 고춧기름) 약간 홍고추 1개,해물볶음밥 밥 죽 스프 한식 메인요리 밥 1공기 오징어 1/4마리 새우 20g 라유(중국식 고춧기름) 약간 홍고추 1개
해물볶음밥,밥 죽 스프,한식,메인요리,새우 30g 오징어 50g 바지락 30g 밥 2공기,해물볶음밥 밥 죽 스프 한식 메인요리 새우 30g 오징어 50g 바지락 30g 밥 2공기
호박죽,밥 죽 스프,한식,메인요리,청동호박 1/2개 찹쌀 2컵,호박죽 밥 죽 스프 한식 메인요리 청동호박 1/2개 찹쌀 2컵
흑미영양솥밥,밥 죽 스프,한식,메인요리,멥쌀 1컵 찹쌀 1/2컵 흑미 2큰술,흑미영양솥밥 밥 죽 스프 한식 메인요리 멥쌀 1컵 찹쌀 1/2컵 흑미 2큰술
흑임자죽,밥 죽 스프,한식,메인요리,쌀 1컵 흑임자 1/2컵,흑임자죽 밥 죽 스프 한식 메인요리 쌀 1컵 흑임자 1/2컵
개장국,국,한식,메인요리,개고기 800g 된장 2큰술 토란(줄기) 200g,개장국 국 한식 메인요리 개고기 800g 된장 2큰술 토란(줄기) 200g
곰탕,국,한식,메인요리,쇠고기(양지) 400g 양 600g 무 400g,곰탕 국 한식 메인요리 쇠고기(양지) 400g 양 600g 무 400g
냉면육수,국,한식,반찬,쇠고기(양지머리) 400g,냉면육수 국 한식 반찬 쇠고기(양지머리) 400g
대구지리,국,한식,메인요리,대구 1마리,대구지리 국 한식 메인요리 대구 1마리
대구탕,국,한식,메인요리,대구 1/2마리 무 30g 콩나물 25g 홍고추 1개 청고추 1개 미나리 20g,대구탕 국 한식 메인요리 대구 1/2마리 무 30g 콩나물 25g 홍고추 1개 청고추 1개 미나리 20g
맑은떡국,국,한식,메인요리,떡국떡 2컵,맑은떡국 국 한식 메인요리 떡국떡 2컵
미역국,국,한식,메인요리,불린미역 4컵,미역국 국 한식 메인요리 불린미역 4컵
미역완자국,국,한식,메인요리,불린미역 200g 찹쌀가루 1컵,미역완자국 국 한식 메인요리 불린미역 200g 찹쌀가루 1컵
사골우거지탕,국,한식,메인요리,사골 300g 쇠고기(사태) 200g 우거지 200g 대파 1뿌리,사골우거지탕 국 한식 메인요리 사골 300g 쇠고기(사태) 200g 우거지 200g 대파 1뿌리
사골탕,국,한식,메인요리,사골 500g 쇠고기(양지) 200g,사골탕 국 한식 메인요리 사골 500g 쇠고기(양지) 200g
삼계탕,국,한식,메인요리,닭고기(영계) 2마리,삼계탕 국 한식 메인요리 닭고기(영계) 2마리
생태국,국,한식,메인요리,생태 1마리,생태국 국 한식 메인요리 생태 1마리
설렁탕,국,한식,메인요리,소(잡뼈) 300g 사골 1개 도가니 1개 양지머리 600g,설렁탕 국 한식 메인요리 소(잡뼈) 300g 사골 1개 도가니 1개 양지머리 600g
쇠고기무국,국,한식,메인요리,쇠고기(양지) 200g 무 200g,쇠고기무국 국 한식 메인요리 쇠고기(양지) 200g 무 200g
어묵꼬치,국,한식,반찬,무 50g 어묵 100g,어묵꼬치 국 한식 반찬 무 50g 어묵 100g
육개장,국,한식,메인요리,쇠고기(사태) 300g 숙주 60g 고사리 50g,육개장 국 한식 메인요리 쇠고기(사태) 300g 숙주 60g 고사리 50g
초교탕,국,한식,메인요리,닭 1/2마리,초교탕 국 한식 메인요리 닭 1/2마리
토란곰탕,국,한식,메인요리,토란 300g 쇠고기(사태) 200g 무 200g,토란곰탕 국 한식 메인요리 토란 300g 쇠고기(사태) 200g 무 200g
홍합미역국,국,한식,메인요리,미역 150g 홍합 10개 참기름 1큰술,홍합미역국 국 한식 메인요리 미역 150g 홍합 10개 참기름 1큰술
홍합탕,국,한식,메인요리,홍합 400g 대파 1/2뿌리 홍고추 1개,홍합탕 국 한식 메인요리 홍합 400g 대파 1/2뿌리 홍고추 1개
가자미조림,조림,한식,메인요리,가자미 4마리,가자미조림 조림 한식 메인요리 가자미 4마리
명태포조림,조림,한식,메인요리,명태 1마리,명태포조림 조림 한식 메인요리 명태 1마리
붕어조림,조림,한식,메인요리,붕어 2마리 북어 1/2마리 감자 1개,붕어조림 조림 한식 메인요리 붕어 2마리 북어 1/2마리 감자 1개
사태장육,조림,한식,메인요리,쇠고기(사태) 600g 고추기름 1큰술,사태장육 조림 한식 메인요리 쇠고기(사태) 600g 고추기름 1큰술
생선조림,조림,한식,메인요리,조기 2마리 홍고추 1/2개,생선조림 조림 한식 메인요리 조기 2마리 홍고추 1/2개
쇠고기장조림,조림,한식,메인요리,쇠고기(사태) 400g 계란 4개,쇠고기장조림 조림 한식 메인요리 쇠고기(사태) 400g 계란 4개
어묵닭고기조림,조림,한식,메인요리,어묵 2개 닭고기(안심) 100g 표고버섯 1장,어묵닭고기조림 조림 한식 메인요리 어묵 2개 닭고기(안심) 100g 표고버섯 1장
연근조림,조림,한식,반찬,연근 300g,연근조림 조림 한식 반찬 연근 300g
장똑똑이,조림,한식,반찬,쇠고기(우둔살) 300g,장똑똑이 조림 한식 반찬 쇠고기(우둔살) 300g
콩자반,조림,한식,반찬,콩 2컵,콩자반 조림 한식 반찬 콩 2컵
호박선,조림,한식,반찬,애호박 1개 쇠고기(홍두깨) 50g 계란 1개 당근 1/4개 표고버섯 2개,호박선 조림 한식 반찬 애호박 1개 쇠고기(홍두깨) 50g 계란 1개 당근 1/4개 표고버섯 2개
홍합초,조림,한식,반찬,홍합 600g,홍합초 조림 한식 반찬 홍합 600g
갈비구이,구이,한식,메인요리,갈비 1.2kg,갈비구이 구이 한식 메인요리 갈비 1.2kg
고추장오징어순대구이,구이,한식,메인요리,오징어 1마리,고추장오징어순대구이 구이 한식 메인요리 오징어 1마리
꽁치깻잎말이구이,구이,한식,메인요리,꽁치 2마리 깻잎 8장,꽁치깻잎말이구이 구이 한식 메인요리 꽁치 2마리 깻잎 8장
너비아니구이,구이,한식,메인요리,쇠고기(안심) 1200g,너비아니구이 구이 한식 메인요리 쇠고기(안심) 1200g
더덕구이,구이,한식,메인요리,더덕 200g,더덕구이 구이 한식 메인요리 더덕 200g
등심구이,구이,한식,메인요리,쇠고기(등심) 600g,등심구이 구이 한식 메인요리 쇠고기(등심) 600g
떡갈비구이,구이,한식,메인요리,쇠고기(갈비) 300g,떡갈비구이 구이 한식 메인요리 쇠고기(갈비) 300g
떡산적,구이,한식,메인요리,가래떡 1가래 쇠고기(우둔살) 150g 실파 50g,떡산적 구이 한식 메인요리 가래떡 1가래 쇠고기(우둔살) 150g 실파 50g
불고기찹쌀구이,구이,한식,메인요리,쇠고기 200g 찹쌀가루 1/2컵 겨자 2큰술 식초 2큰술 설탕 2큰술,불고기찹쌀구이 구이 한식 메인요리 쇠고기 200g 찹쌀가루 1/2컵 겨자 2큰술 식초 2큰술 설탕 2큰술
새송이쌈장구이,구이,한식,메인요리,새송이버섯 4개,새송이쌈장구이 구이 한식 메인요리 새송이버섯 4개
서양식가자미구이와발사믹소스,구이,한식,메인요리,가자미(냉동) 400g,서양식가자미구이와발사믹소스 구이 한식 메인요리 가자미(냉동) 400g
송이산적,구이,한식,메인요리,송이버섯 5장 쇠고기 200g,송이산적 구이 한식 메인요리 송이버섯 5장 쇠고기 200g
쇠고기떡말이,구이,한식,메인요리,쇠고기(불고기) 200g 떡볶이떡 10개,쇠고기떡말이 구이 한식 메인요리 쇠고기(불고기) 200g 떡볶이떡 10개
쇠고기채소편채,구이,한식,메인요리,쇠고기(홍두깨살) 200g,쇠고기채소편채 구이 한식 메인요리 쇠고기(홍두깨살) 200g
오징어산적,구이,한식,메인요리,갑오징어 3마리 피망 4개,오징어산적 구이 한식 메인요리 갑오징어 3마리 피망 4개
완자꼬치,구이,한식,메인요리,새송이버섯 2개 두부 1/2모 쇠고기(다진것) 200g 간장 4큰술,완자꼬치 구이 한식 메인요리 새송이버섯 2개 두부 1/2모 쇠고기(다진것) 200g 간장 4큰술
제육불고기,구이,한식,메인요리,돼지고기 600g 고춧가루 1큰술,제육불고기 구이 한식 메인요리 돼지고기 600g 고춧가루 1큰술
조개관자꼬치구이,구이,한식,메인요리,조개관자 8개,조개관자꼬치구이 구이 한식 메인요리 조개관자 8개
조기양념장구이,구이,한식,메인요리,조기 2마리,조기양념장구이 구이 한식 메인요리 조기 2마리
향신양념갈비구이,구이,한식,메인요리,갈비살 600g,향신양념갈비구이 구이 한식 메인요리 갈비살 600g
홍합꼬치구이,구이,한식,메인요리,홍합 100g,홍합꼬치구이 구이 한식 메인요리 홍합 100g
깐쇼자라,튀김 커틀릿,한식,메인요리,자라살 1마리,깐쇼자라 튀김 커틀릿 한식 메인요리 자라살 1마리
다시마튀각,튀김 커틀릿,한식,반찬,다시마(40cm) 1장,다시마튀각 튀김 커틀릿 한식 반찬 다시마(40cm) 1장
닭강정,튀김 커틀릿,한식,간식,닭 1마리,닭강정 튀김 커틀릿 한식 간식 닭 1마리
닭안심삼색튀김,튀김 커틀릿,한식,메인요리,닭(안심) 200g,닭안심삼색튀김 튀김 커틀릿 한식 메인요리 닭(안심) 200g
돼지고기김치롤튀김,튀김 커틀릿,한식,메인요리,돼지고기(안심) 400g 김치(잎이넓은것) 1/4포기 밥 1공기 샐러리 2대 쇠고기(안심) 50g,돼지고기김치롤튀김 튀김 커틀릿 한식 메인요리 돼지고기(안심) 400g 김치(잎이넓은것) 1/4포기 밥 1공기 샐러리 2대 쇠고기(안심) 50g
두부소박이,튀김 커틀릿,한식,메인요리,두부 1모 표고버섯(말린 것) 4개,두부소박이 튀김 커틀릿 한식 메인요리 두부 1모 표고버섯(말린 것) 4개
메기강정,튀김 커틀릿,한식,메인요리,메기 1마리,메기강정 튀김 커틀릿 한식 메인요리 메기 1마리
양념치킨,튀김 커틀릿,한식,메인요리,닭(600g) 1마리,양념치킨 튀김 커틀릿 한식 메인요리 닭(600g) 1마리
향신양념장어튀김조림,튀김 커틀릿,한식,메인요리,장어 1마리,향신양념장어튀김조림 튀김 커틀릿 한식 메인요리 장어 1마리
갈비찜,찜,한식,메인요리,쇠고기(갈비) 600g 무 1/2개 당근 1/2개 표고버섯 1장 밤 4개,갈비찜 찜 한식 메인요리 쇠고기(갈비) 600g 무 1/2개 당근 1/2개 표고버섯 1장 밤 4개
계란유부찜,찜,한식,메인요리,유부 4장 계란 4개,계란유부찜 찜 한식 메인요리 유부 4장 계란 4개
김치두부쌈,찜,한식,반찬,신김치 2포기 두부 1모 돼지고기(보쌈용) 600g,김치두부쌈 찜 한식 반찬 신김치 2포기 두부 1모 돼지고기(보쌈용) 600g
김치제육보쌈,찜,한식,반찬,배추 1/2포기 돼지고기 600g,김치제육보쌈 찜 한식 반찬 배추 1/2포기 돼지고기 600g
꽃게찜,찜,한식,메인요리,꽃게 3마리 쇠고기 100g,꽃게찜 찜 한식 메인요리 꽃게 3마리 쇠고기 100g
꽈리고추밀가루찜,찜,한식,메인요리,꽈리고추 30개,꽈리고추밀가루찜 찜 한식 메인요리 꽈리고추 30개
닭매운찜,찜,한식,메인요리,닭(중간것) 1/2마리,닭매운찜 찜 한식 메인요리 닭(중간것) 1/2마리
돼지갈비찜,찜,한식,메인요리,갈비(갈비) 1.8Kg 양파 2개 감자 2개 당근 1개 무 1/4개,돼지갈비찜 찜 한식 메인요리 갈비(갈비) 1.8Kg 양파 2개 감자 2개 당근 1개 무 1/4개
두부선,찜,한식,반찬,두부 300g 쇠고기 40g,두부선 찜 한식 반찬 두부 300g 쇠고기 40g
두부알찜,찜,한식,메인요리,두부 1/2모 계란 3개,두부알찜 찜 한식 메인요리 두부 1/2모 계란 3개
미더덕찜,찜,한식,메인요리,미더덕 400g 콩나물 200g,미더덕찜 찜 한식 메인요리 미더덕 400g 콩나물 200g
북어양념찜,찜,한식,메인요리,북어 1마리,북어양념찜 찜 한식 메인요리 북어 1마리
색편육,찜,한식,메인요리,쇠고기(사태) 200g 당근 30g 오이 70g,색편육 찜 한식 메인요리 쇠고기(사태) 200g 당근 30g 오이 70g
시나몬돼지고기편,찜,한식,메인요리,돼지고기(안심) 800g,시나몬돼지고기편 찜 한식 메인요리 돼지고기(안심) 800g
아귀찜,찜,한식,메인요리,아귀 500g 미더덕 120g 콩나물 300g,아귀찜 찜 한식 메인요리 아귀 500g 미더덕 120g 콩나물 300g
양배추말이찜,찜,한식,메인요리,양배추잎 8장 쇠고기 300g 밤 8개 양파 1/2개,양배추말이찜 찜 한식 메인요리 양배추잎 8장 쇠고기 300g 밤 8개 양파 1/2개
연어된장찜,찜,한식,메인요리,연어 400g 된장 3큰술,연어된장찜 찜 한식 메인요리 연어 400g 된장 3큰술
오색대하찜,찜,한식,메인요리,대하 4마리,오색대하찜 찜 한식 메인요리 대하 4마리
오징어순대,찜,한식,메인요리,오징어(350g) 2마리 쇠고기(우둔) 70g 두부 50g 당면 30g,오징어순대 찜 한식 메인요리 오징어(350g) 2마리 쇠고기(우둔) 70g 두부 50g 당면 30g
오징어순대,찜,한식,메인요리,오징어 2마리,오징어순대 찜 한식 메인요리 오징어 2마리
유부계란찜,찜,한식,메인요리,유부 10장 계란 4개,유부계란찜 찜 한식 메인요리 유부 10장 계란 4개
장어두부,찜,한식,메인요리,장어 1마리 두부 1모,장어두부 찜 한식 메인요리 장어 1마리 두부 1모
제육보쌈,찜,한식,메인요리,돼기고기 600g 새우젓 2큰술 무 200g 굴 50g,제육보쌈 찜 한식 메인요리 돼기고기 600g 새우젓 2큰술 무 200g 굴 50g
제육보쌈,찜,한식,메인요리,돼지고기(안심) 600g,제육보쌈 찜 한식 메인요리 돼지고기(안심) 600g
코다리찜,찜,한식,메인요리,코다리 2마리 실파 2뿌리,코다리찜 찜 한식 메인요리 코다리 2마리 실파 2뿌리
토란닭고기찜,찜,한식,메인요리,토란탕 2컵 닭고기 200g,토란닭고기찜 찜 한식 메인요리 토란탕 2컵 닭고기 200g
한방닭찜,찜,한식,메인요리,닭(토종) 1마리,한방닭찜 찜 한식 메인요리 닭(토종) 1마리
홍어찜,찜,한식,메인요리,홍어 1마리,홍어찜 찜 한식 메인요리 홍어 1마리
화전갈비찜,찜,한식,메인요리,생갈비 400g 다진양파(다진것) 1큰술 다진파(다진것) 1큰술,화전갈비찜 찜 한식 메인요리 생갈비 400g 다진양파(다진것) 1큰술 다진파(다진것) 1큰술
건포도돈족냉채,나물 생채 샐러드,한식,메인요리,돈족(족발) 200g,건포도돈족냉채 나물 생채 샐러드 한식 메인요리 돈족(족발) 200g
닭고기수삼샐러드,나물 생채 샐러드,한식,반찬,양상추 50g 닭고기(가슴살) 100g 수삼 1뿌리,닭고기수삼샐러드 나물 생채 샐러드 한식 반찬 양상추 50g 닭고기(가슴살) 100g 수삼 1뿌리
두부다시마말이,나물 생채 샐러드,한식,반찬,다시마(10cm x 20cm) 1장,두부다시마말이 나물 생채 샐러드 한식 반찬 다시마(10cm x 20cm) 1장
무구절판,나물 생채 샐러드,한식,반찬,무 1개 쇠고기(우둔) 100g 표고버섯 6개,무구절판 나물 생채 샐러드 한식 반찬 무 1개 쇠고기(우둔) 100g 표고버섯 6개
미나리강회,나물 생채 샐러드,한식,반찬,미나리 2단 쇠고기(안심) 100g 계란 2개,미나리강회 나물 생채 샐러드 한식 반찬 미나리 2단 쇠고기(안심) 100g 계란 2개
불고기샐러드,나물 생채 샐러드,한식,반찬,쇠고기(불고기) 160g,불고기샐러드 나물 생채 샐러드 한식 반찬 쇠고기(불고기) 160g
삼색밀쌈,나물 생채 샐러드,한식,반찬,밀가루 1컵 치자 2개 시금치 20g,삼색밀쌈 나물 생채 샐러드 한식 반찬 밀가루 1컵 치자 2개 시금치 20g
생굴채소무침,나물 생채 샐러드,한식,반찬,굴 300g 배추(속대) 100g,생굴채소무침 나물 생채 샐러드 한식 반찬 굴 300g 배추(속대) 100g
씀바귀나물,나물 생채 샐러드,한식,반찬,씀바귀 200g,씀바귀나물 나물 생채 샐러드 한식 반찬 씀바귀 200g
오징어강회,나물 생채 샐러드,한식,메인요리,오징어 1마리,오징어강회 나물 생채 샐러드 한식 메인요리 오징어 1마리
재첩무침,나물 생채 샐러드,한식,반찬,재첩 300g,재첩무침 나물 생채 샐러드 한식 반찬 재첩 300g
제육겨자쌈,나물 생채 샐러드,한식,메인요리,돼지고기(안심) 600g,제육겨자쌈 나물 생채 샐러드 한식 메인요리 돼지고기(안심) 600g
콩나물잡채,나물 생채 샐러드,한식,반찬,콩나물 400g 쇠고기 100g 표고버섯 4장,콩나물잡채 나물 생채 샐러드 한식 반찬 콩나물 400g 쇠고기 100g 표고버섯 4장
콩나물해물겨자무침,나물 생채 샐러드,한식,반찬,콩나물 100g 해파리 100g 오징어 1/4마리,콩나물해물겨자무침 나물 생채 샐러드 한식 반찬 콩나물 100g 해파리 100g 오징어 1/4마리
간장게장,밑반찬 김치,한식,반찬,꽃게 2마리,간장게장 밑반찬 김치 한식 반찬 꽃게 2마리
갓김치,밑반찬 김치,한식,반찬,갓 2단,갓김치 밑반찬 김치 한식 반찬 갓 2단
고추장아찌,밑반찬 김치,한식,반찬,청고추 600g,고추장아찌 밑반찬 김치 한식 반찬 청고추 600g
굴깍두기,밑반찬 김치,한식,반찬,무 2개 굴 1컵,굴깍두기 밑반찬 김치 한식 반찬 무 2개 굴 1컵
꽃게장무침,밑반찬 김치,한식,반찬,꽃게 2마리,꽃게장무침 밑반찬 김치 한식 반찬 꽃게 2마리
꽈리고추마른새우볶음,밑반찬 김치,한식,반찬,꽈리고추 50g 마른새우 100g,꽈리고추마른새우볶음 밑반찬 김치 한식 반찬 꽈리고추 50g 마른새우 100g
나박김치,밑반찬 김치,한식,반찬,배추 1/2포기 미나리 30g 홍고추 2개,나박김치 밑반찬 김치 한식 반찬 배추 1/2포기 미나리 30g 홍고추 2개
달래장김치,밑반찬 김치,한식,반찬,달래 500g,달래장김치 밑반찬 김치 한식 반찬 달래 500g
돌나물김치,밑반찬 김치,한식,반찬,돌나물 400g,돌나물김치 밑반찬 김치 한식 반찬 돌나물 400g
동치미,밑반찬 김치,한식,반찬,무 10개 고추(삭힌것) 20개 갓 1/2단,동치미 밑반찬 김치 한식 반찬 무 10개 고추(삭힌것) 20개 갓 1/2단
동치미,밑반찬 김치,한식,반찬,무 10개 실파 1/2단,동치미 밑반찬 김치 한식 반찬 무 10개 실파 1/2단
두릅김치,밑반찬 김치,한식,반찬,두릅 20줄기,두릅김치 밑반찬 김치 한식 반찬 두릅 20줄기
두부장아찌,밑반찬 김치,한식,반찬,두부 1모,두부장아찌 밑반찬 김치 한식 반찬 두부 1모
명란젓,밑반찬 김치,한식,반찬,명란젓 600g,명란젓 밑반찬 김치 한식 반찬 명란젓 600g
배추밤김치,밑반찬 김치,한식,반찬,배추 1포기 실파 1/2단,배추밤김치 밑반찬 김치 한식 반찬 배추 1포기 실파 1/2단
백김치,밑반찬 김치,한식,반찬,배추 5포기,백김치 밑반찬 김치 한식 반찬 배추 5포기
부추김치,밑반찬 김치,한식,반찬,부추 4단,부추김치 밑반찬 김치 한식 반찬 부추 4단
어리굴젓,밑반찬 김치,한식,반찬,굴 400g,어리굴젓 밑반찬 김치 한식 반찬 굴 400g
얼갈이열무물김치,밑반찬 김치,한식,반찬,열무 250g 얼갈이배추 250g,얼갈이열무물김치 밑반찬 김치 한식 반찬 열무 250g 얼갈이배추 250g
열무김치,밑반찬 김치,한식,반찬,열무 2단 풋배추 1단,열무김치 밑반찬 김치 한식 반찬 열무 2단 풋배추 1단
오이소박이,밑반찬 김치,한식,반찬,오이 10개 부추 1단,오이소박이 밑반찬 김치 한식 반찬 오이 10개 부추 1단
오이지장아찌무침,밑반찬 김치,한식,반찬,오이 10개,오이지장아찌무침 밑반찬 김치 한식 반찬 오이 10개
오징어섞박지,밑반찬 김치,한식,반찬,갑오징어 300g,오징어섞박지 밑반찬 김치 한식 반찬 갑오징어 300g
우엉조림,밑반찬 김치,한식,반찬,우엉 400g,우엉조림 밑반찬 김치 한식 반찬 우엉 400g
채소간장장아찌,밑반찬 김치,한식,반찬,오이 2개 양파 2개 홍고추 2개 청양고추 2개,채소간장장아찌 밑반찬 김치 한식 반찬 오이 2개 양파 2개 홍고추 2개 청양고추 2개
총각김치,밑반찬 김치,한식,반찬,총각무 1단,총각김치 밑반찬 김치 한식 반찬 총각무 1단
통배추김치,밑반찬 김치,한식,반찬,배추 10포기 무 1개 갓 1/2단 미나리 1단 멸치젓 2컵,통배추김치 밑반찬 김치 한식 반찬 배추 10포기 무 1개 갓 1/2단 미나리 1단 멸치젓 2컵
파김치,밑반찬 김치,한식,반찬,실파 2단,파김치 밑반찬 김치 한식 반찬 실파 2단
해물김치,밑반찬 김치,한식,반찬,배추 3포기 생태 2마리 오징어 2마리,해물김치 밑반찬 김치 한식 반찬 배추 3포기 생태 2마리 오징어 2마리
간장떡볶이,도시락 간식,한식,메인요리,떡볶이떡 300g,간장떡볶이 도시락 간식 한식 메인요리 떡볶이떡 300g
고구마강정,도시락 간식,한식,반찬,고구마 2개 건포도 10g 호박씨 10g,고구마강정 도시락 간식 한식 반찬 고구마 2개 건포도 10g 호박씨 10g
딸기찹쌀볼맛탕,도시락 간식,한식,반찬,딸기 12개 찹쌀가루 3컵 식초 3큰술,딸기찹쌀볼맛탕 도시락 간식 한식 반찬 딸기 12개 찹쌀가루 3컵 식초 3큰술
떡볶이,도시락 간식,한식,메인요리,가래떡 1줄,떡볶이 도시락 간식 한식 메인요리 가래떡 1줄
참치주먹밥,도시락 간식,한식,메인요리,참치(캔) 1캔 김 1/3장 밥 3공기,참치주먹밥 도시락 간식 한식 메인요리 참치(캔) 1캔 김 1/3장 밥 3공기
밤초와대추초,후식,한식,간식,밤 30개 대추 20알,밤초와대추초 후식 한식 간식 밤 30개 대추 20알
은행탕,후식,한식,간식,은행 50g,은행탕 후식 한식 간식 은행 50g
인삼마른정과,후식,한식,간식,수삼 10뿌리,인삼마른정과 후식 한식 간식 수삼 10뿌리
매실청,양념장,한식,반찬,매실 3kg 설탕 4kg,매실청 양념장 한식 반찬 매실 3kg 설탕 4kg
각색경단,떡 한과,한식,간식,찹쌀 5컵,각색경단 떡 한과 한식 간식 찹쌀 5컵
건포도찹쌀단자,떡 한과,한식,간식,[반죽] 찹쌀가루 75g 멥쌀가루 21g [소] 동부 50g 백앙금 50g 건포도 35g 분태땅콩 20g 설탕 15g,건포도찹쌀단자 떡 한과 한식 간식 [반죽] 찹쌀가루 75g 멥쌀가루 21g [소] 동부 50g 백앙금 50g 건포도 35g 분태땅콩 20g 설탕 15g
꽃부꾸미,떡 한과,한식,간식,찹쌀 4컵,꽃부꾸미 떡 한과 한식 간식 찹쌀 4컵
단호박떡케이크,떡 한과,한식,간식,멥쌀가루 400g 단호박 1/8개,단호박떡케이크 떡 한과 한식 간식 멥쌀가루 400g 단호박 1/8개
땅콩강정,떡 한과,한식,간식,쌀 5컵 땅콩 1컵,땅콩강정 떡 한과 한식 간식 쌀 5컵 땅콩 1컵
떡케이크,떡 한과,한식,간식,멥쌀가루 2와1/2컵 물 4큰술,떡케이크 떡 한과 한식 간식 멥쌀가루 2와1/2컵 물 4큰술
레인보우설기,떡 한과,한식,간식,쌀가루 3컵,레인보우설기 떡 한과 한식 간식 쌀가루 3컵
색색단자,떡 한과,한식,간식,찹쌀가루 2컵 대추 10개 밤 5개 곶감 2개,색색단자 떡 한과 한식 간식 찹쌀가루 2컵 대추 10개 밤 5개 곶감 2개
송편,떡 한과,한식,간식,멥쌀 2되 소금 2큰술 쑥 300g 대추 10알 솔잎 약간,송편 떡 한과 한식 간식 멥쌀 2되 소금 2큰술 쑥 300g 대추 10알 솔잎 약간
쑥갠떡,떡 한과,한식,간식,멥쌀 2와1/2컵,쑥갠떡 떡 한과 한식 간식 멥쌀 2와1/2컵
약과,떡 한과,한식,간식,밀가루 1컵,약과 떡 한과 한식 간식 밀가루 1컵
약식케이크,떡 한과,한식,간식,찹쌀(1컵=200g) 5컵,약식케이크 떡 한과 한식 간식 찹쌀(1컵=200g) 5컵
인절미,떡 한과,한식,간식,찹쌀 400g,인절미 떡 한과 한식 간식 찹쌀 400g
찐빵,빵 과자,한식,간식,강력분 270g 박력분 30g 드라이이스트 1작은술 설탕 1큰술 소금 1작은술 베이킹파우더 1작은술 물 130g 팥 200g,찐빵 빵 과자 한식 간식 강력분 270g 박력분 30g 드라이이스트 1작은술 설탕 1큰술 소금 1작은술 베이킹파우더 1작은술 물 130g 팥 200g
식혜,음료,한식,간식,엿기름 4컵 멥쌀 5컵,식혜 음료 한식 간식 엿기름 4컵 멥쌀 5컵
유자화채,음료,한식,간식,유자 1개 배 1/4개,유자화채 음료 한식 간식 유자 1개 배 1/4개
감자국수,만두 면류,한식,메인요리,감자 300g 밀가루(강력분) 210g 계란노른자 1개,감자국수 만두 면류 한식 메인요리 감자 300g 밀가루(강력분) 210g 계란노른자 1개
김치메밀묵장국,만두 면류,한식,메인요리,메밀묵 1모 김치 200g 쇠고기(갈은것) 80g,김치메밀묵장국 만두 면류 한식 메인요리 메밀묵 1모 김치 200g 쇠고기(갈은것) 80g
냉면,만두 면류,한식,메인요리,냉면 400g 동치미국물 1개 쇠고기육수 4컵,냉면 만두 면류 한식 메인요리 냉면 400g 동치미국물 1개 쇠고기육수 4컵
냉콩국수,만두 면류,한식,메인요리,국수(밀로만든국수) 300g 흰콩 1컵 흰깨 2큰술,냉콩국수 만두 면류 한식 메인요리 국수(밀로만든국수) 300g 흰콩 1컵 흰깨 2큰술
녹차콩국수,만두 면류,한식,메인요리,메주콩 500g 녹차국수 200g 물 1컵,녹차콩국수 만두 면류 한식 메인요리 메주콩 500g 녹차국수 200g 물 1컵
닭칼국수,만두 면류,한식,메인요리,밀가루 2컵 날콩가루 1/2컵 닭고기 1마리 바지락 150g 소금 약간,닭칼국수 만두 면류 한식 메인요리 밀가루 2컵 날콩가루 1/2컵 닭고기 1마리 바지락 150g 소금 약간
동치미막국수,만두 면류,한식,메인요리,국수 400g 쇠고기 100g 동치미무 1/4개,동치미막국수 만두 면류 한식 메인요리 국수 400g 쇠고기 100g 동치미무 1/4개
떡만두국,만두 면류,한식,메인요리,떡국떡 50g 만두피 12장 다진돼지고기(뒷다리) 100g 배추김치 100g 숙주 50g 두부 1모 파 1/3뿌리,떡만두국 만두 면류 한식 메인요리 떡국떡 50g 만두피 12장 다진돼지고기(뒷다리) 100g 배추김치 100g 숙주 50g 두부 1모 파 1/3뿌리
뚝배기짬뽕라면,만두 면류,한식,메인요리,라면 2개 홍합 10개 오징어 1/2 마리,뚝배기짬뽕라면 만두 면류 한식 메인요리 라면 2개 홍합 10개 오징어 1/2 마리
만둣국,만두 면류,한식,메인요리,김치 1/2포기 숙주 150g 만두피 40장 쇠고기 40g,만둣국 만두 면류 한식 메인요리 김치 1/2포기 숙주 150g 만두피 40장 쇠고기 40g
바지락수제비,만두 면류,한식,메인요리,밀가루 1컵 소금 1/3작은술 식용유 약간 바지락 100g,바지락수제비 만두 면류 한식 메인요리 밀가루 1컵 소금 1/3작은술 식용유 약간 바지락 100g
버섯만두전골,만두 면류,한식,메인요리,만두피 12장 돼기고기 100g 두부 1모 숙주 100g 느타리버섯 100g 표고버섯 4장 후춧가루 약간,버섯만두전골 만두 면류 한식 메인요리 만두피 12장 돼기고기 100g 두부 1모 숙주 100g 느타리버섯 100g 표고버섯 4장 후춧가루 약간
버섯매운탕,만두 면류,한식,메인요리,표고버섯 20g 느타리버섯 30g 송이버섯 30g 쇠고기(불고기) 30g 칼국수 50g,버섯매운탕 만두 면류 한식 메인요리 표고버섯 20g 느타리버섯 30g 송이버섯 30g 쇠고기(불고기) 30g 칼국수 50g
비빔냉면,만두 면류,한식,메인요리,냉면 300g 계란 1개 방울토마토 2개 샐러드채소 약간,비빔냉면 만두 면류 한식 메인요리 냉면 300g 계란 1개 방울토마토 2개 샐러드채소 약간
삼색수제비,만두 면류,한식,메인요리,밀가루 3컵 시금치즙 6큰술 당근즙 6큰술,삼색수제비 만두 면류 한식 메인요리 밀가루 3컵 시금치즙 6큰술 당근즙 6큰술
열무김치냉면,만두 면류,한식,메인요리,열무 1/2단 냉면 500g,열무김치냉면 만두 면류 한식 메인요리 열무 1/2단 냉면 500g
잔치국수,만두 면류,한식,메인요리,육수 500ml 소면 300g 팽이버섯 50g,잔치국수 만두 면류 한식 메인요리 육수 500ml 소면 300g 팽이버섯 50g
잔치국수,만두 면류,한식,메인요리,소면 100g 호박 1/4개 당근 1/4개 표고버섯 1개 [육수] 국물용멸치 한줌 물 4~6컵 다시마(10cm x 10cm) 1장 국간장 약간,잔치국수 만두 면류 한식 메인요리 소면 100g 호박 1/4개 당근 1/4개 표고버섯 1개 [육수] 국물용멸치 한줌 물 4~6컵 다시마(10cm x 10cm) 1장 국간장 약간
잡채,만두 면류,한식,반찬,당면 100g 쇠고기(우둔) 100g 느타리버섯 800g,잡채 만두 면류 한식 반찬 당면 100g 쇠고기(우둔) 100g 느타리버섯 800g
쫄면,만두 면류,한식,반찬,쫄면 120g,쫄면 만두 면류 한식 반찬 쫄면 120g
참치회무침비빔국수,만두 면류,한식,메인요리,참치회 300g 국수 180g,참치회무침비빔국수 만두 면류 한식 메인요리 참치회 300g 국수 180g
채소비빔소면,만두 면류,한식,메인요리,소면 2인분 김치 100g 오이 1/2개 양배추 2장 깻잎 10장 상추 4장,채소비빔소면 만두 면류 한식 메인요리 소면 2인분 김치 100g 오이 1/2개 양배추 2장 깻잎 10장 상추 4장
칡냉면,만두 면류,한식,메인요리,냉면사리 600g 양지머리 200g,칡냉면 만두 면류 한식 메인요리 냉면사리 600g 양지머리 200g
토란탕수제비,만두 면류,한식,메인요리,토란탕 2컵 밀가루 1컵,토란탕수제비 만두 면류 한식 메인요리 토란탕 2컵 밀가루 1컵
팥칼국수,만두 면류,한식,메인요리,칼국수면 300g 팥 3컵,팥칼국수 만두 면류 한식 메인요리 칼국수면 300g 팥 3컵
해물국시,만두 면류,한식,메인요리,새우 4마리 바지락 100g 칼국수 120g,해물국시 만두 면류 한식 메인요리 새우 4마리 바지락 100g 칼국수 120g
해물잡채,만두 면류,한식,메인요리,오징어 1마리 낙지 1마리 새우(중하) 4마리 조개살 150g 당면 50g,해물잡채 만두 면류 한식 메인요리 오징어 1마리 낙지 1마리 새우(중하) 4마리 조개살 150g 당면 50g
회냉면,만두 면류,한식,메인요리,냉면사리 600g 홍어 1/2마리,회냉면 만두 면류 한식 메인요리 냉면사리 600g 홍어 1/2마리
감자탕,찌개 전골 스튜,한식,메인요리,돼지고기(등뼈) 1kg 감자 4개,감자탕 찌개 전골 스튜 한식 메인요리 돼지고기(등뼈) 1kg 감자 4개
강된장찌개,찌개 전골 스튜,한식,메인요리,쇠고기(우둔) 30g 표고버섯 30g 된장 3큰술,강된장찌개 찌개 전골 스튜 한식 메인요리 쇠고기(우둔) 30g 표고버섯 30g 된장 3큰술
고등어추어탕,찌개 전골 스튜,한식,메인요리,고등어 1마리 배추 20g,고등어추어탕 찌개 전골 스튜 한식 메인요리 고등어 1마리 배추 20g
고추장북어찌개,찌개 전골 스튜,한식,메인요리,통북어(큰것) 1마리,고추장북어찌개 찌개 전골 스튜 한식 메인요리 통북어(큰것) 1마리
국수전골,찌개 전골 스튜,한식,메인요리,국수 400g 쇠고기(양지) 200g,국수전골 찌개 전골 스튜 한식 메인요리 국수 400g 쇠고기(양지) 200g
김치꽁치조림,찌개 전골 스튜,한식,메인요리,꽁치통조림 1캔 김치 300g,김치꽁치조림 찌개 전골 스튜 한식 메인요리 꽁치통조림 1캔 김치 300g
꽁치김치찌개,찌개 전골 스튜,한식,메인요리,김치 1/2포기 꽁치 1캔,꽁치김치찌개 찌개 전골 스튜 한식 메인요리 김치 1/2포기 꽁치 1캔
꽃게해물탕,찌개 전골 스튜,한식,메인요리,꽃게 2마리 바지락 30g 맛살조개 40g 오징어 1/2마리,꽃게해물탕 찌개 전골 스튜 한식 메인요리 꽃게 2마리 바지락 30g 맛살조개 40g 오징어 1/2마리
낙지전골,찌개 전골 스튜,한식,메인요리,낙지 2마리 새우 60g 쇠고기(양지) 80g,낙지전골 찌개 전골 스튜 한식 메인요리 낙지 2마리 새우 60g 쇠고기(양지) 80g
냉이된장찌개,찌개 전골 스튜,한식,메인요리,냉이 100g 모시조개 1컵 된장 3큰술,냉이된장찌개 찌개 전골 스튜 한식 메인요리 냉이 100g 모시조개 1컵 된장 3큰술
달래된장찌개,찌개 전골 스튜,한식,메인요리,달래 50g 두부 1/2모 말린표고버섯 1장,달래된장찌개 찌개 전골 스튜 한식 메인요리 달래 50g 두부 1/2모 말린표고버섯 1장
달래새우찌개,찌개 전골 스튜,한식,메인요리,달래 100g 새우 50g,달래새우찌개 찌개 전골 스튜 한식 메인요리 달래 100g 새우 50g
닭고기냄비,찌개 전골 스튜,한식,메인요리,닭고기(가슴살) 200g 배춧잎 2장,닭고기냄비 찌개 전골 스튜 한식 메인요리 닭고기(가슴살) 200g 배춧잎 2장
돼지고기김치찌개,찌개 전골 스튜,한식,메인요리,신김치 1/2포기 돼지고기안심 50g,돼지고기김치찌개 찌개 전골 스튜 한식 메인요리 신김치 1/2포기 돼지고기안심 50g
두부새우젓국찌개,찌개 전골 스튜,한식,메인요리,두부 1모 호박 1/2개,두부새우젓국찌개 찌개 전골 스튜 한식 메인요리 두부 1모 호박 1/2개
메기매운탕,찌개 전골 스튜,한식,메인요리,메기 1마리,메기매운탕 찌개 전골 스튜 한식 메인요리 메기 1마리
명란젓찌개,찌개 전골 스튜,한식,메인요리,명란 100g,명란젓찌개 찌개 전골 스튜 한식 메인요리 명란 100g
불고기낙지전골,찌개 전골 스튜,한식,메인요리,쇠고기(목심) 300g 낙지 2마리,불고기낙지전골 찌개 전골 스튜 한식 메인요리 쇠고기(목심) 300g 낙지 2마리
샤브샤브,찌개 전골 스튜,한식,메인요리,쇠고기(제비추리) 400g 배춧잎 3장 팽이버섯 1봉 표고버섯 1장 느타리버섯 2묶음,샤브샤브 찌개 전골 스튜 한식 메인요리 쇠고기(제비추리) 400g 배춧잎 3장 팽이버섯 1봉 표고버섯 1장 느타리버섯 2묶음
쇠고기전골,찌개 전골 스튜,한식,메인요리,쇠고기(양지) 100g 목이버섯 5g 팽이버섯 40g,쇠고기전골 찌개 전골 스튜 한식 메인요리 쇠고기(양지) 100g 목이버섯 5g 팽이버섯 40g
순두부,찌개 전골 스튜,한식,메인요리,흰콩 2컵,순두부 찌개 전골 스튜 한식 메인요리 흰콩 2컵
신선로,찌개 전골 스튜,한식,메인요리,양지머리 150g 쇠고기(우둔) 150g 천엽 50g 흰살생선 50g,신선로 찌개 전골 스튜 한식 메인요리 양지머리 150g 쇠고기(우둔) 150g 천엽 50g 흰살생선 50g
알탕,찌개 전골 스튜,한식,메인요리,명란 8개 쇠고기(우둔) 50g 무 1/4개,알탕 찌개 전골 스튜 한식 메인요리 명란 8개 쇠고기(우둔) 50g 무 1/4개
오리고기탕,찌개 전골 스튜,한식,메인요리,오리 600g,오리고기탕 찌개 전골 스튜 한식 메인요리 오리 600g
우거지된장찌개,찌개 전골 스튜,한식,메인요리,우거지 300g 배춧잎 200g 된장 4큰술,우거지된장찌개 찌개 전골 스튜 한식 메인요리 우거지 300g 배춧잎 200g 된장 4큰술
우럭매운탕,찌개 전골 스튜,한식,메인요리,우럭 1마리 모시조개 200g,우럭매운탕 찌개 전골 스튜 한식 메인요리 우럭 1마리 모시조개 200g
임연수쑥완자탕,찌개 전골 스튜,한식,메인요리,임연수 1마리 쑥 60g,임연수쑥완자탕 찌개 전골 스튜 한식 메인요리 임연수 1마리 쑥 60g
제탕(육탕),찌개 전골 스튜,한식,메인요리,쇠고기 400g 무 1/3개,제탕(육탕) 찌개 전골 스튜 한식 메인요리 쇠고기 400g 무 1/3개
콩비지찌개,찌개 전골 스튜,한식,메인요리,흰콩 1과1/2컵 돼지고기 200g 배춧잎 4장,콩비지찌개 찌개 전골 스튜 한식 메인요리 흰콩 1과1/2컵 돼지고기 200g 배춧잎 4장
해물된장냄비,찌개 전골 스튜,한식,메인요리,새우 2마리 모시조개 5개 갑오징어 1/4마리 표고버섯 2장 생우동 120g,해물된장냄비 찌개 전골 스튜 한식 메인요리 새우 2마리 모시조개 5개 갑오징어 1/4마리 표고버섯 2장 생우동 120g
해물매운탕,찌개 전골 스튜,한식,메인요리,대하 6마리 오징어 1/2마리 미더덕 50g 바지락 1봉 꽃게 1마리,해물매운탕 찌개 전골 스튜 한식 메인요리 대하 6마리 오징어 1/2마리 미더덕 50g 바지락 1봉 꽃게 1마리
해물순두부찌개,찌개 전골 스튜,한식,메인요리,두부 1팩 미더덕 약간 바지락 약간 잔새우 약간,해물순두부찌개 찌개 전골 스튜 한식 메인요리 두부 1팩 미더덕 약간 바지락 약간 잔새우 약간
해물전골,찌개 전골 스튜,한식,메인요리,게 2마리 대하 4마리 오징어 1마리 모시조개 20개,해물전골 찌개 전골 스튜 한식 메인요리 게 2마리 대하 4마리 오징어 1마리 모시조개 20개
해물찌개,찌개 전골 스튜,한식,메인요리,쭈꾸미 2마리 오징어 1/2마리 새우 8마리 모시조개 1봉 홍합 50g,해물찌개 찌개 전골 스튜 한식 메인요리 쭈꾸미 2마리 오징어 1/2마리 새우 8마리 모시조개 1봉 홍합 50g
간전,부침,한식,메인요리,쇠간 120g,간전 부침 한식 메인요리 쇠간 120g
감자전,부침,한식,메인요리,감자 4개 부추 1/4단,감자전 부침 한식 메인요리 감자 4개 부추 1/4단
고추장떡,부침,한식,메인요리,밀가루 2컵 고추장 1큰술 된장 1큰술 부추 50g,고추장떡 부침 한식 메인요리 밀가루 2컵 고추장 1큰술 된장 1큰술 부추 50g
녹두전,부침,한식,메인요리,녹두 3컵 멥쌀 2큰술 돼지고기 150g,녹두전 부침 한식 메인요리 녹두 3컵 멥쌀 2큰술 돼지고기 150g
닭산적,부침,한식,메인요리,닭(안심) 300g 두부 70g 청고추 1개 홍고추 1개,닭산적 부침 한식 메인요리 닭(안심) 300g 두부 70g 청고추 1개 홍고추 1개
돼지고기채소전,부침,한식,메인요리,돼지고기 100g 계란 1개 당근 20g 표고버섯 2장 실파 3뿌리,돼지고기채소전 부침 한식 메인요리 돼지고기 100g 계란 1개 당근 20g 표고버섯 2장 실파 3뿌리
부추전,부침,한식,메인요리,부추 1단,부추전 부침 한식 메인요리 부추 1단
빈대떡,부침,한식,메인요리,녹두 2컵 돼지고기(안심) 100g 숙주 100g 느타리버섯 200g 석이버섯 4장,빈대떡 부침 한식 메인요리 녹두 2컵 돼지고기(안심) 100g 숙주 100g 느타리버섯 200g 석이버섯 4장
삼겹살깻잎전,부침,한식,메인요리,돼지고기(삼겹살) 200g 깻잎 9장,삼겹살깻잎전 부침 한식 메인요리 돼지고기(삼겹살) 200g 깻잎 9장
삼색전,부침,한식,메인요리,호박 1개 대구살 200g 굴 200g,삼색전 부침 한식 메인요리 호박 1개 대구살 200g 굴 200g
상치적,부침,한식,메인요리,달래 2단 상추 1/2근,상치적 부침 한식 메인요리 달래 2단 상추 1/2근
새우전,부침,한식,메인요리,새우 15마리,새우전 부침 한식 메인요리 새우 15마리
색전병,부침,한식,메인요리,밀가루 2와1/2컵 시금치 1/2단 비트 1/4개 치자 2개 미나리 1/3단,색전병 부침 한식 메인요리 밀가루 2와1/2컵 시금치 1/2단 비트 1/4개 치자 2개 미나리 1/3단
송어채소말이,부침,한식,메인요리,송어(슬라이스) 1마리,송어채소말이 부침 한식 메인요리 송어(슬라이스) 1마리
오징어풋마늘산적,부침,한식,메인요리,풋마늘 8뿌리 갑오징어 2마리,오징어풋마늘산적 부침 한식 메인요리 풋마늘 8뿌리 갑오징어 2마리
청포묵전,부침,한식,메인요리,청포묵 150g,청포묵전 부침 한식 메인요리 청포묵 150g
해물파전,부침,한식,메인요리,실파 1단 굴 1/2컵 홍합 1/2컵 조갯살 1/2컵 밀가루 1컵 멥쌀 1컵,해물파전 부침 한식 메인요리 실파 1단 굴 1/2컵 홍합 1/2컵 조갯살 1/2컵 밀가루 1컵 멥쌀 1컵
향신양념해물파전,부침,한식,메인요리,조갯살 20g 새우 40g 오징어 70g 쪽파 50g,향신양념해물파전 부침 한식 메인요리 조갯살 20g 새우 40g 오징어 70g 쪽파 50g
화양적,부침,한식,메인요리,쇠고기(힘줄없는부위) 150g 표고버섯 3장 도라지 100g 당근 1개 오이 1개,화양적 부침 한식 메인요리 쇠고기(힘줄없는부위) 150g 표고버섯 3장 도라지 100g 당근 1개 오이 1개
떡샌드위치,샌드위치 햄버거,한식,간식,멥쌀가루 4컵 찹쌀가루 2/3컵 녹차가루 약간,떡샌드위치 샌드위치 햄버거 한식 간식 멥쌀가루 4컵 찹쌀가루 2/3컵 녹차가루 약간
간장떡볶이,볶음,한식,간식,가래떡 500g 채썬쇠고기(홍두깨) 300g,간장떡볶이 볶음 한식 간식 가래떡 500g 채썬쇠고기(홍두깨) 300g
개조개쌈장볶음,볶음,한식,메인요리,개조개 2마리 쌈장 1/2큰술,개조개쌈장볶음 볶음 한식 메인요리 개조개 2마리 쌈장 1/2큰술
낙지볶음,볶음,한식,메인요리,낙지 2마리,낙지볶음 볶음 한식 메인요리 낙지 2마리
닭갈비,볶음,한식,메인요리,닭(가슴살) 300g 생강즙 1큰술,닭갈비 볶음 한식 메인요리 닭(가슴살) 300g 생강즙 1큰술
돼지고기김치볶음,볶음,한식,메인요리,김치 1/2포기 돼지고기(목삼겹) 400g,돼지고기김치볶음 볶음 한식 메인요리 김치 1/2포기 돼지고기(목삼겹) 400g
두부버섯볶음,볶음,한식,메인요리,두부 1모 느타리버섯 1줌 팽이버섯 1/2봉지,두부버섯볶음 볶음 한식 메인요리 두부 1모 느타리버섯 1줌 팽이버섯 1/2봉지
떡잡채,볶음,한식,메인요리,가래떡(흰색) 400g 쇠고기 80g,떡잡채 볶음 한식 메인요리 가래떡(흰색) 400g 쇠고기 80g
봄동바지락볶음,볶음,한식,메인요리,봄동 150g 바지락 100g,봄동바지락볶음 볶음 한식 메인요리 봄동 150g 바지락 100g
불고기,볶음,한식,메인요리,쇠고기(등심) 500g,불고기 볶음 한식 메인요리 쇠고기(등심) 500g
쇠고기양송이볶음,볶음,한식,메인요리,쇠고기(안심) 400g 양송이버섯 200g 물엿 1큰술 토마토케첩 4큰술,쇠고기양송이볶음 볶음 한식 메인요리 쇠고기(안심) 400g 양송이버섯 200g 물엿 1큰술 토마토케첩 4큰술
쌈장떡볶이,볶음,한식,반찬,떡볶이떡 400g,쌈장떡볶이 볶음 한식 반찬 떡볶이떡 400g
쑥버섯볶음,볶음,한식,반찬,쑥 50g 표고버섯 3장 양송이 50g 느타리버섯 50g,쑥버섯볶음 볶음 한식 반찬 쑥 50g 표고버섯 3장 양송이 50g 느타리버섯 50g
양배추와버섯두부쌈장,볶음,한식,반찬,쌈장 5큰술 양배추 1/2통 쌈용채소 100g 두부 1모 흰밥 2공기,양배추와버섯두부쌈장 볶음 한식 반찬 쌈장 5큰술 양배추 1/2통 쌈용채소 100g 두부 1모 흰밥 2공기
양상추돼지고기쌈,볶음,한식,메인요리,돼지고기 100g 양상추 10장,양상추돼지고기쌈 볶음 한식 메인요리 돼지고기 100g 양상추 10장
오징어불고기,볶음,한식,메인요리,오징어 2마리,오징어불고기 볶음 한식 메인요리 오징어 2마리
오징어불고기,볶음,한식,메인요리,오징어 2마리,오징어불고기 볶음 한식 메인요리 오징어 2마리
자라호박볶음,볶음,한식,메인요리,자라 1마리 호박 약간,자라호박볶음 볶음 한식 메인요리 자라 1마리 호박 약간
제육쌈장볶음,볶음,한식,메인요리,돼지고기(목살) 600g,제육쌈장볶음 볶음 한식 메인요리 돼지고기(목살) 600g
죽순볶음,볶음,한식,메인요리,죽순 50g 쇠고기(우둔) 50g,죽순볶음 볶음 한식 메인요리 죽순 50g 쇠고기(우둔) 50g
표고버섯감자볶음,볶음,한식,반찬,표고버섯 60g 감자 20g,표고버섯감자볶음 볶음 한식 반찬 표고버섯 60g 감자 20g
풋마늘주꾸미볶음,볶음,한식,반찬,풋마늘 1대 주꾸미 8마리,풋마늘주꾸미볶음 볶음 한식 반찬 풋마늘 1대 주꾸미 8마리
향신양념잡채,볶음,한식,메인요리,당면 200g 새송이버섯 3개 잔새우 30g,향신양념잡채 볶음 한식 메인요리 당면 200g 새송이버섯 3개 잔새우 30g
감자수프,밥 죽 스프,서양,반찬,감자 300g 양파 60g 대파 30g 버터 30g 육수 750g,감자수프 밥 죽 스프 서양 반찬 감자 300g 양파 60g 대파 30g 버터 30g 육수 750g
단호박크림수프,밥 죽 스프,서양,반찬,단호박 1/4통,단호박크림수프 밥 죽 스프 서양 반찬 단호박 1/4통
스피드오므라이스,밥 죽 스프,서양,메인요리,계란 1개 밥 1공기,스피드오므라이스 밥 죽 스프 서양 메인요리 계란 1개 밥 1공기
양송이크림스프,밥 죽 스프,서양,반찬,양송이버섯 50g 생크림 100ml,양송이크림스프 밥 죽 스프 서양 반찬 양송이버섯 50g 생크림 100ml
옥수수수프,밥 죽 스프,서양,반찬,옥수수(알갱이) 3개,옥수수수프 밥 죽 스프 서양 반찬 옥수수(알갱이) 3개
차가운토마토수프,밥 죽 스프,서양,반찬,토마토 250g,차가운토마토수프 밥 죽 스프 서양 반찬 토마토 250g
치킨케밥과 카레볶음밥,밥 죽 스프,서양,메인요리,닭 200g 카레 30g 밥 1공기,치킨케밥과 카레볶음밥 밥 죽 스프 서양 메인요리 닭 200g 카레 30g 밥 1공기
칠리소스라이스,밥 죽 스프,서양,메인요리,밥 800g 쇠고기(등심) 300g,칠리소스라이스 밥 죽 스프 서양 메인요리 밥 800g 쇠고기(등심) 300g
참치볼케첩조림,조림,서양,반찬,참치(통조림) 1통,참치볼케첩조림 조림 서양 반찬 참치(통조림) 1통
감자치즈구이,구이,서양,반찬,감자 4개,감자치즈구이 구이 서양 반찬 감자 4개
건포도간장소스백립,구이,서양,메인요리,백립 1.2대,건포도간장소스백립 구이 서양 메인요리 백립 1.2대
대합구이,구이,서양,메인요리,대합 4개,대합구이 구이 서양 메인요리 대합 4개
라타투유를곁들인대구요리,구이,서양,메인요리,대구 130g,라타투유를곁들인대구요리 구이 서양 메인요리 대구 130g
레이즌 연어 스테이크,구이,서양,메인요리,연어(스테이크용) 200g,레이즌 연어 스테이크 구이 서양 메인요리 연어(스테이크용) 200g
레이즌 폭찹,구이,서양,메인요리,돼지갈비 400g,레이즌 폭찹 구이 서양 메인요리 돼지갈비 400g
로스트치킨,구이,서양,메인요리,닭 1마리,로스트치킨 구이 서양 메인요리 닭 1마리
몬테리치킨,구이,서양,메인요리,닭고기(가슴살) 200g 베이컨 3장 아메리칸치즈 2장 감자 2개,몬테리치킨 구이 서양 메인요리 닭고기(가슴살) 200g 베이컨 3장 아메리칸치즈 2장 감자 2개
바베큐립,구이,서양,메인요리,돼지등갈비 1대,바베큐립 구이 서양 메인요리 돼지등갈비 1대
바베큐립,구이,서양,메인요리,돼지갈비 1대,바베큐립 구이 서양 메인요리 돼지갈비 1대
버팔로윙,구이,서양,메인요리,닭(날개) 10개,버팔로윙 구이 서양 메인요리 닭(날개) 10개
버팔로윙,구이,서양,메인요리,닭고기 1팩 샐러리 3대,버팔로윙 구이 서양 메인요리 닭고기 1팩 샐러리 3대
새우구이,구이,서양,메인요리,새우(중하) 4마리 밥 1/2공기,새우구이 구이 서양 메인요리 새우(중하) 4마리 밥 1/2공기
아메리칸닭구이,구이,서양,메인요리,닭 1마리 토마토소스 1컵,아메리칸닭구이 구이 서양 메인요리 닭 1마리 토마토소스 1컵
양송이치즈구이,구이,서양,메인요리,양송이버섯 10장 쇠고기(간것) 50g 치즈(슬라이스) 2장,양송이치즈구이 구이 서양 메인요리 양송이버섯 10장 쇠고기(간것) 50g 치즈(슬라이스) 2장
에그미트로프,구이,서양,메인요리,계란 4개 다진쇠고기(우둔) 100g 다진돼지고기(안심) 100g 쇠고기(등심) 200g,에그미트로프 구이 서양 메인요리 계란 4개 다진쇠고기(우둔) 100g 다진돼지고기(안심) 100g 쇠고기(등심) 200g
에스프레소 목살 스테이크,구이,서양,메인요리,미국산 냉장 목살(두께 3cm) 200g,에스프레소 목살 스테이크 구이 서양 메인요리 미국산 냉장 목살(두께 3cm) 200g
오징어버터구이,구이,서양,메인요리,오징어 1마리 버터 1큰술,오징어버터구이 구이 서양 메인요리 오징어 1마리 버터 1큰술
와인소스의감자로싼도미요리,구이,서양,메인요리,도미 1쪽 감자 1개 화이트와인 50ml,와인소스의감자로싼도미요리 구이 서양 메인요리 도미 1쪽 감자 1개 화이트와인 50ml
왕새우구이와구운채소,구이,서양,메인요리,대하 3마리,왕새우구이와구운채소 구이 서양 메인요리 대하 3마리
참치양송이구이,구이,서양,메인요리,스타키스트참치통조림 1캔 양송이버섯 6개,참치양송이구이 구이 서양 메인요리 스타키스트참치통조림 1캔 양송이버섯 6개
치킨롤,구이,서양,메인요리,닭(다리살) 300g,치킨롤 구이 서양 메인요리 닭(다리살) 300g
크라포딘닭구이,구이,서양,메인요리,닭고기(안심) 300g,크라포딘닭구이 구이 서양 메인요리 닭고기(안심) 300g
포크소테,구이,서양,메인요리,돼지고기(등심) 400g,포크소테 구이 서양 메인요리 돼지고기(등심) 400g
햄감자그라탕,구이,서양,메인요리,햄 100g 감자 1개,햄감자그라탕 구이 서양 메인요리 햄 100g 감자 1개
햄버거스테이크,구이,서양,메인요리,다진쇠고기(등심) 300g 다진돼지고기(안심) 150g,햄버거스테이크 구이 서양 메인요리 다진쇠고기(등심) 300g 다진돼지고기(안심) 150g
감자고로케,튀김 커틀릿,서양,메인요리,감자 2개,감자고로케 튀김 커틀릿 서양 메인요리 감자 2개
닭날개튀김,튀김 커틀릿,서양,메인요리,닭(날개) 500g,닭날개튀김 튀김 커틀릿 서양 메인요리 닭(날개) 500g
돈까스와베이비콘,튀김 커틀릿,서양,메인요리,돼지고기(등심) 300g,돈까스와베이비콘 튀김 커틀릿 서양 메인요리 돼지고기(등심) 300g
돼지고기치즈말이튀김,튀김 커틀릿,서양,메인요리,돼지고기 200그램 치즈 5장,돼지고기치즈말이튀김 튀김 커틀릿 서양 메인요리 돼지고기 200그램 치즈 5장
모짜렐라치즈스틱,튀김 커틀릿,서양,간식,모짜렐라치즈 300g,모짜렐라치즈스틱 튀김 커틀릿 서양 간식 모짜렐라치즈 300g
베이컨미니커틀릿,튀김 커틀릿,서양,메인요리,삼겹살(구이용) 200g,베이컨미니커틀릿 튀김 커틀릿 서양 메인요리 삼겹살(구이용) 200g
쇠고기치즈튀김,튀김 커틀릿,서양,메인요리,쇠고기(우둔 업진살) 300g 치즈 200g,쇠고기치즈튀김 튀김 커틀릿 서양 메인요리 쇠고기(우둔 업진살) 300g 치즈 200g
쇠고기커틀릿,튀김 커틀릿,서양,메인요리,쇠고기 400g 모짜렐라치즈 100g,쇠고기커틀릿 튀김 커틀릿 서양 메인요리 쇠고기 400g 모짜렐라치즈 100g
옥수수오믈렛,튀김 커틀릿,서양,메인요리,스위트콘 1캔 계란 2개,옥수수오믈렛 튀김 커틀릿 서양 메인요리 스위트콘 1캔 계란 2개
치즈돈까스,튀김 커틀릿,서양,메인요리,돼지고기(돈까스용) 2장 모짜렐라치즈 50g,치즈돈까스 튀김 커틀릿 서양 메인요리 돼지고기(돈까스용) 2장 모짜렐라치즈 50g
치즈크로켓,튀김 커틀릿,서양,메인요리,계란흰자 2개 피자치즈 50g 밀가루(중력분) 50g,치즈크로켓 튀김 커틀릿 서양 메인요리 계란흰자 2개 피자치즈 50g 밀가루(중력분) 50g
칠리소스참치볼,튀김 커틀릿,서양,반찬,참치통조림 1캔 두부 1/2모,칠리소스참치볼 튀김 커틀릿 서양 반찬 참치통조림 1캔 두부 1/2모
카레튀김밥,튀김 커틀릿,서양,메인요리,흰밥 400g 프랑크소시지 4개 카레가루 2큰술,카레튀김밥 튀김 커틀릿 서양 메인요리 흰밥 400g 프랑크소시지 4개 카레가루 2큰술
피자돈까스,튀김 커틀릿,서양,메인요리,돼지고기(등심 슬라이스) 2조각 피자치즈 적당량,피자돈까스 튀김 커틀릿 서양 메인요리 돼지고기(등심 슬라이스) 2조각 피자치즈 적당량
치킨버섯찜,찜,서양,메인요리,닭안심 500g 표고버섯 3장 느타리버섯 30g 팽이버섯 30g,치킨버섯찜 찜 서양 메인요리 닭안심 500g 표고버섯 3장 느타리버섯 30g 팽이버섯 30g
홍합찜,찜,서양,메인요리,홍합 20개,홍합찜 찜 서양 메인요리 홍합 20개
닭가슴살샐러드,나물 생채 샐러드,서양,반찬,닭(가슴살) 400g 샐러드 200g,닭가슴살샐러드 나물 생채 샐러드 서양 반찬 닭(가슴살) 400g 샐러드 200g
발사믹드레싱샐러드,나물 생채 샐러드,서양,반찬,샐러드채소 50g 발사믹식초 2큰술,발사믹드레싱샐러드 나물 생채 샐러드 서양 반찬 샐러드채소 50g 발사믹식초 2큰술
연어양상추쌈,나물 생채 샐러드,서양,메인요리,양상추 4장 훈제연어 100g,연어양상추쌈 나물 생채 샐러드 서양 메인요리 양상추 4장 훈제연어 100g
컬리플라워해물샐러드,나물 생채 샐러드,서양,반찬,컬리플라워 200g 오징어 1마리 새우 8마리,컬리플라워해물샐러드 나물 생채 샐러드 서양 반찬 컬리플라워 200g 오징어 1마리 새우 8마리
파스칼샐러드,나물 생채 샐러드,서양,반찬,바케트빵 1개 계란(완숙) 2개씩 샐러드잎(푸른색) 약간,파스칼샐러드 나물 생채 샐러드 서양 반찬 바케트빵 1개 계란(완숙) 2개씩 샐러드잎(푸른색) 약간
파프리카향의 치킨셀러드,나물 생채 샐러드,서양,반찬,닭 1/2마리,파프리카향의 치킨셀러드 나물 생채 샐러드 서양 반찬 닭 1/2마리
파프리카향의쁘띠첼샐러드,나물 생채 샐러드,서양,반찬,쁘띠첼 2개 파프리카(주황색) 1개 샐러드(치커리 적채 허브 등) 50g,파프리카향의쁘띠첼샐러드 나물 생채 샐러드 서양 반찬 쁘띠첼 2개 파프리카(주황색) 1개 샐러드(치커리 적채 허브 등) 50g
그릴드쉬림프,양식,서양,메인요리,새우 10마리 밥 1공기,그릴드쉬림프 양식 서양 메인요리 새우 10마리 밥 1공기
생선뮈니에르,양식,서양,메인요리,가자미 1마리 후춧가루 약간,생선뮈니에르 양식 서양 메인요리 가자미 1마리 후춧가루 약간
생선버터구이,양식,서양,메인요리,생선(흰살) 600g,생선버터구이 양식 서양 메인요리 생선(흰살) 600g
스페니쉬오믈렛,양식,서양,메인요리,계란 5개,스페니쉬오믈렛 양식 서양 메인요리 계란 5개
안심스테이크,양식,서양,메인요리,쇠고기(스테이크용안심) 2쪽,안심스테이크 양식 서양 메인요리 쇠고기(스테이크용안심) 2쪽
찹스테이크,양식,서양,메인요리,안심(스테이크용) 180g,찹스테이크 양식 서양 메인요리 안심(스테이크용) 180g
감자샐러드,도시락 간식,서양,반찬,감자 2개,감자샐러드 도시락 간식 서양 반찬 감자 2개
김치핫도그,도시락 간식,서양,간식,배추김치 50g 핫도그빵 2개,김치핫도그 도시락 간식 서양 간식 배추김치 50g 핫도그빵 2개
밤베이컨말이,도시락 간식,서양,반찬,밤 40개 베이컨 20조각,밤베이컨말이 도시락 간식 서양 반찬 밤 40개 베이컨 20조각
스카치에그,도시락 간식,서양,반찬,쇠고기(늑간살) 100g 돼지고기 100g,스카치에그 도시락 간식 서양 반찬 쇠고기(늑간살) 100g 돼지고기 100g
오믈렛도시락,도시락 간식,서양,메인요리,밥 2공기 계란 4개,오믈렛도시락 도시락 간식 서양 메인요리 밥 2공기 계란 4개
요거트젤리,도시락 간식,서양,간식,플레인요구르트 1개,요거트젤리 도시락 간식 서양 간식 플레인요구르트 1개
초코넛트바,도시락 간식,서양,간식,초콜릿 100g 생크림 1/4컵,초코넛트바 도시락 간식 서양 간식 초콜릿 100g 생크림 1/4컵
초코비스코티,도시락 간식,서양,간식,버터 50g 밀가루(박력분) 120g,초코비스코티 도시락 간식 서양 간식 버터 50g 밀가루(박력분) 120g
치즈스틱,도시락 간식,서양,간식,밀가루 1컵 버터 80g 체다슬라이스치즈 100g,치즈스틱 도시락 간식 서양 간식 밀가루 1컵 버터 80g 체다슬라이스치즈 100g
크림치즈&키위,도시락 간식,서양,간식,키위 4개 크림치즈 150g,크림치즈&키위 도시락 간식 서양 간식 키위 4개 크림치즈 150g
과일젤리,후식,서양,간식,수박 200g 오렌지 1개 키위 2개,과일젤리 후식 서양 간식 수박 200g 오렌지 1개 키위 2개
바닐라아이스크림,후식,서양,간식,우유 250g 생크림 150g 계란노른자 4개,바닐라아이스크림 후식 서양 간식 우유 250g 생크림 150g 계란노른자 4개
발렌타인초콜릿,후식,서양,간식,판초콜릿 144g,발렌타인초콜릿 후식 서양 간식 판초콜릿 144g
배머랭,후식,서양,간식,배 1개 계란흰자 2개,배머랭 후식 서양 간식 배 1개 계란흰자 2개
수박카나페,후식,서양,간식,수박 250g,수박카나페 후식 서양 간식 수박 250g
애플스튜,후식,서양,간식,사과 1개,애플스튜 후식 서양 간식 사과 1개
옥수수아이스크림,후식,서양,간식,우유 250g 생크림 150g 옥수수가루 30g,옥수수아이스크림 후식 서양 간식 우유 250g 생크림 150g 옥수수가루 30g
요구르트푸딩,후식,서양,간식,플레인요구르트 2개 계란노른자 2개 옥수수전분 15g,요구르트푸딩 후식 서양 간식 플레인요구르트 2개 계란노른자 2개 옥수수전분 15g
초코프루츠,후식,서양,간식,딸기 8개 미니바나나 8개 초콜릿 150g,초코프루츠 후식 서양 간식 딸기 8개 미니바나나 8개 초콜릿 150g
초콜릿아이스크림,후식,서양,간식,우유 250g 생크림 150g 초콜릿 120g,초콜릿아이스크림 후식 서양 간식 우유 250g 생크림 150g 초콜릿 120g
트러플쉘,후식,서양,간식,버터 40g 생크림 100g 밀크초콜릿 200g 럼주 30g,트러플쉘 후식 서양 간식 버터 40g 생크림 100g 밀크초콜릿 200g 럼주 30g
홍초젤리,후식,서양,간식,생수 500g 발효초 150g,홍초젤리 후식 서양 간식 생수 500g 발효초 150g
포도잼,양념장,서양,반찬,포도알 400g,포도잼 양념장 서양 반찬 포도알 400g
프렌치드레싱,양념장,서양,반찬,샐러드오일 4큰술 식초 2큰술,프렌치드레싱 양념장 서양 반찬 샐러드오일 4큰술 식초 2큰술
가토쇼콜라,빵 과자,서양,간식,다크초콜릿(커버쳐) 100g,가토쇼콜라 빵 과자 서양 간식 다크초콜릿(커버쳐) 100g
감자타르트,빵 과자,서양,간식,감자 250g,감자타르트 빵 과자 서양 간식 감자 250g
건포도럼코코아초콜릿,빵 과자,서양,간식,초콜릿 200g 건포도 20g,건포도럼코코아초콜릿 빵 과자 서양 간식 초콜릿 200g 건포도 20g
건포도스콘,빵 과자,서양,간식,밀가루(박력분) 450g 버터 180g 우유 135g,건포도스콘 빵 과자 서양 간식 밀가루(박력분) 450g 버터 180g 우유 135g
건포도초콜릿볼,빵 과자,서양,간식,밀크초콜릿 165g 생크림 70g 깔루아 약간,건포도초콜릿볼 빵 과자 서양 간식 밀크초콜릿 165g 생크림 70g 깔루아 약간
계피설탕빵,빵 과자,서양,간식,밀가루(강력분) 300g 드라이이스트 6g 설탕 50g 소금 3g 물 135g 계란 1개 버터 45g,계피설탕빵 빵 과자 서양 간식 밀가루(강력분) 300g 드라이이스트 6g 설탕 50g 소금 3g 물 135g 계란 1개 버터 45g
고구마케이크,빵 과자,서양,간식,고구마 800g 생크림 400g 박력분 250cc,고구마케이크 빵 과자 서양 간식 고구마 800g 생크림 400g 박력분 250cc
고구마파이,빵 과자,서양,간식,밀가루(강력분) 416g 무염버터 32g 소금 6g 드라이이스트 9g 버터(충전용) 250g 물 120g,고구마파이 빵 과자 서양 간식 밀가루(강력분) 416g 무염버터 32g 소금 6g 드라이이스트 9g 버터(충전용) 250g 물 120g
곰돌이몰드초콜릿,빵 과자,서양,간식,다크초콜릿(커버쳐) 100g 화이트초콜릿(커버쳐) 100g,곰돌이몰드초콜릿 빵 과자 서양 간식 다크초콜릿(커버쳐) 100g 화이트초콜릿(커버쳐) 100g
과일카스테라,빵 과자,서양,간식,카스테라 2쪽,과일카스테라 빵 과자 서양 간식 카스테라 2쪽
과일타르트,빵 과자,서양,간식,[타르트반죽]박력분 250g 버터 150g 계란 25g 분당 100g [필링반죽]버터 100g 설탕 100g 계란 100g 아몬드분말 50g 박력분 25g,과일타르트 빵 과자 서양 간식 [타르트반죽]박력분 250g 버터 150g 계란 25g 분당 100g [필링반죽]버터 100g 설탕 100g 계란 100g 아몬드분말 50g 박력분 25g
과일프리터,빵 과자,서양,간식,사과 1/2개 복숭아(통조림) 1/4개 옥수수 1/4컵,과일프리터 빵 과자 서양 간식 사과 1/2개 복숭아(통조림) 1/4개 옥수수 1/4컵
깨빵,빵 과자,서양,간식,밀가루(강력분) 300g 드라이이스트 6g 설탕 36g 소금 5g 물(미지근한) 190g 버터 18g 검은깨 10g,깨빵 빵 과자 서양 간식 밀가루(강력분) 300g 드라이이스트 6g 설탕 36g 소금 5g 물(미지근한) 190g 버터 18g 검은깨 10g
넛트핫케이크,빵 과자,서양,간식,핫케이크가루 250g,넛트핫케이크 빵 과자 서양 간식 핫케이크가루 250g
노엘케이크(집모양케이크),빵 과자,서양,간식,박력분 100g 코코아 23g,노엘케이크(집모양케이크) 빵 과자 서양 간식 박력분 100g 코코아 23g
녹차머핀,빵 과자,서양,간식,밀가루(박력분) 125g 베이킹파우더 1/2작은술 베이킹소다 1/2작은술 녹차가루 1큰술 버터 70g 설탕 80g 바닐라향 약간,녹차머핀 빵 과자 서양 간식 밀가루(박력분) 125g 베이킹파우더 1/2작은술 베이킹소다 1/2작은술 녹차가루 1큰술 버터 70g 설탕 80g 바닐라향 약간
녹차쉬폰케이크,빵 과자,서양,간식,계란 10개 식용유 225g 설탕ⓑ 290g 소금 7g 럼주 30g 밀가루(박력분) 500g 베이킹파우더 8g 녹차가루 20g 설탕ⓐ 375g 주석산 2g,녹차쉬폰케이크 빵 과자 서양 간식 계란 10개 식용유 225g 설탕ⓑ 290g 소금 7g 럼주 30g 밀가루(박력분) 500g 베이킹파우더 8g 녹차가루 20g 설탕ⓐ 375g 주석산 2g
당근케이크,빵 과자,서양,간식,당근 1개 밀가루(박력분) 2컵 베이킹파우더 1작은술 계란 2개 계핏가루 1/3작은술 설탕 1/2컵 버터 약간 베이킹소다 1작은술 식용유 20g,당근케이크 빵 과자 서양 간식 당근 1개 밀가루(박력분) 2컵 베이킹파우더 1작은술 계란 2개 계핏가루 1/3작은술 설탕 1/2컵 버터 약간 베이킹소다 1작은술 식용유 20g
데쎄르,빵 과자,서양,간식,우유 500ml 계란노른자 4개 설탕 100g 바닐라에센스 약간,데쎄르 빵 과자 서양 간식 우유 500ml 계란노른자 4개 설탕 100g 바닐라에센스 약간
덴마크식치즈케이크,빵 과자,서양,간식,크림치즈 400g 밀가루 1과1/2큰술,덴마크식치즈케이크 빵 과자 서양 간식 크림치즈 400g 밀가루 1과1/2큰술
딸기 샌드쿠키,빵 과자,서양,간식,박력분 25g,딸기 샌드쿠키 빵 과자 서양 간식 박력분 25g
딸기생크림케이크,빵 과자,서양,간식,계란 4개 박력분 120g 딸기 적당량 생크림 800g,딸기생크림케이크 빵 과자 서양 간식 계란 4개 박력분 120g 딸기 적당량 생크림 800g
딸기생크림케이크,빵 과자,서양,간식,딸기 200g [케이크시트]계란 2개 설탕 50g 밀가루(박력분) 60g 옥수수 전분 3g 바닐라오일 약간 버터 15g 우유 15g,딸기생크림케이크 빵 과자 서양 간식 딸기 200g [케이크시트]계란 2개 설탕 50g 밀가루(박력분) 60g 옥수수 전분 3g 바닐라오일 약간 버터 15g 우유 15g
딸기와아몬드추이르,빵 과자,서양,간식,박력분 25g 아몬드가루 25g 딸기 적당량,딸기와아몬드추이르 빵 과자 서양 간식 박력분 25g 아몬드가루 25g 딸기 적당량
땅콩버터쿠키,빵 과자,서양,간식,밀가루 1컵 땅콩버터 1/2컵,땅콩버터쿠키 빵 과자 서양 간식 밀가루 1컵 땅콩버터 1/2컵
레몬수플레,빵 과자,서양,간식,레몬 4개 밀가루(박력분) 50g,레몬수플레 빵 과자 서양 간식 레몬 4개 밀가루(박력분) 50g
레이즌가나슈초코타르트,빵 과자,서양,간식,[타르트지] 밀가루(박력분) 100g,레이즌가나슈초코타르트 빵 과자 서양 간식 [타르트지] 밀가루(박력분) 100g
레이즌애플파이,빵 과자,서양,간식,사과 3개,레이즌애플파이 빵 과자 서양 간식 사과 3개
레이즌컵케이크,빵 과자,서양,간식,[머핀] 버터 70g 밀가루(박력분) 120g 생크림 3큰술 럼레이즌 60g,레이즌컵케이크 빵 과자 서양 간식 [머핀] 버터 70g 밀가루(박력분) 120g 생크림 3큰술 럼레이즌 60g
마들렌,빵 과자,서양,간식,밀가루(박력분) 200g 설탕 200g 계란 200g 버터 200g 소금 1/3작은술 베이킹파우터 1작은술,마들렌 빵 과자 서양 간식 밀가루(박력분) 200g 설탕 200g 계란 200g 버터 200g 소금 1/3작은술 베이킹파우터 1작은술
머랭쿠키,빵 과자,서양,간식,계란흰자 2개,머랭쿠키 빵 과자 서양 간식 계란흰자 2개
메뉴판생크림케이크,빵 과자,서양,간식,밀가루(박력분) 200g,메뉴판생크림케이크 빵 과자 서양 간식 밀가루(박력분) 200g
모닝빵,빵 과자,서양,간식,밀가루(강력분) 250g 설탕 37g 분유 8g 소금 4g 계란 1과1/2개 우유 60g 물 60g 생이스트 8g 버터 30g,모닝빵 빵 과자 서양 간식 밀가루(강력분) 250g 설탕 37g 분유 8g 소금 4g 계란 1과1/2개 우유 60g 물 60g 생이스트 8g 버터 30g
모카케이크,빵 과자,서양,간식,밀가루 100g 설탕 150g 계란 4개 버터 220g 바닐라에센스 약간 물 40g 커피에센스 3g 계란노른자 2개,모카케이크 빵 과자 서양 간식 밀가루 100g 설탕 150g 계란 4개 버터 220g 바닐라에센스 약간 물 40g 커피에센스 3g 계란노른자 2개
미니고구마케이크,빵 과자,서양,간식,카스텔라 250g 고구마 800g,미니고구마케이크 빵 과자 서양 간식 카스텔라 250g 고구마 800g
미니초콜릿케이크,빵 과자,서양,간식,박력분(박력분) 200g 버터 150g 코코아가루 20g,미니초콜릿케이크 빵 과자 서양 간식 박력분(박력분) 200g 버터 150g 코코아가루 20g
바나나초코카스텔라롤,빵 과자,서양,간식,바나나 1개 초콜릿 50g 카스텔라 120g,바나나초코카스텔라롤 빵 과자 서양 간식 바나나 1개 초콜릿 50g 카스텔라 120g
바나나컵케이크,빵 과자,서양,간식,버터 90g 계란 1개 바나나 4개 박력분 80g,바나나컵케이크 빵 과자 서양 간식 버터 90g 계란 1개 바나나 4개 박력분 80g
밤식빵,빵 과자,서양,간식,밀가루(강력분) 240g 밀가루(중력분) 15g 버터 60g 밤통조림 30g 밀가루(중력분 토핑) 15g,밤식빵 빵 과자 서양 간식 밀가루(강력분) 240g 밀가루(중력분) 15g 버터 60g 밤통조림 30g 밀가루(중력분 토핑) 15g
버터링쿠키,빵 과자,서양,간식,밀가루(박력분) 200g 버터 150g 설탕 80g,버터링쿠키 빵 과자 서양 간식 밀가루(박력분) 200g 버터 150g 설탕 80g
베이비슈크림,빵 과자,서양,간식,밀가루(박력분) 150g 버터 100g 계란 6개 우유 125g 물 125g 설탕 7g 소금 3g,베이비슈크림 빵 과자 서양 간식 밀가루(박력분) 150g 버터 100g 계란 6개 우유 125g 물 125g 설탕 7g 소금 3g
브라우니치즈케이크,빵 과자,서양,간식,[브라우니 재료] 다크초콜릿 50g,브라우니치즈케이크 빵 과자 서양 간식 [브라우니 재료] 다크초콜릿 50g
블루베리케이크,빵 과자,서양,간식,박력분 90g,블루베리케이크 빵 과자 서양 간식 박력분 90g
쁘띠파운드케이크,빵 과자,서양,간식,밀가루(박력분) 140g 베이킹파우더 1작은술 버터 150g 설탕 120g 계란 3개 바닐라향 약간,쁘띠파운드케이크 빵 과자 서양 간식 밀가루(박력분) 140g 베이킹파우더 1작은술 버터 150g 설탕 120g 계란 3개 바닐라향 약간
사과케이크,빵 과자,서양,간식,밀가루 250g 사과(홍옥) 5개,사과케이크 빵 과자 서양 간식 밀가루 250g 사과(홍옥) 5개
사과타르트풍핫케이크,빵 과자,서양,간식,사과 1개 핫케이크가루 200g,사과타르트풍핫케이크 빵 과자 서양 간식 사과 1개 핫케이크가루 200g
쉬퐁케이크,빵 과자,서양,간식,중력분 150g,쉬퐁케이크 빵 과자 서양 간식 중력분 150g
식빵,빵 과자,서양,간식,강력분 300g 드라이이스트 6g,식빵 빵 과자 서양 간식 강력분 300g 드라이이스트 6g
아마렛띠,빵 과자,서양,간식,아몬드(갈은것) 88g 호두(갈은것) 29g,아마렛띠 빵 과자 서양 간식 아몬드(갈은것) 88g 호두(갈은것) 29g
아이스크림와플,빵 과자,서양,간식,밀가루(박력분) 120g 우유 100g 시판용아이스크림 2~3스쿱 바나나(썰은 것) 1개,아이스크림와플 빵 과자 서양 간식 밀가루(박력분) 120g 우유 100g 시판용아이스크림 2~3스쿱 바나나(썰은 것) 1개
아이싱쿠키,빵 과자,서양,간식,박력분 405g 아몬드분말 80g,아이싱쿠키 빵 과자 서양 간식 박력분 405g 아몬드분말 80g
애플크레이프,빵 과자,서양,간식,사과 2개,애플크레이프 빵 과자 서양 간식 사과 2개
오렌지건포도빵,빵 과자,서양,간식,강력분 300g 드라이이스트 6g 설탕 30g,오렌지건포도빵 빵 과자 서양 간식 강력분 300g 드라이이스트 6g 설탕 30g
오렌지아몬드트일,빵 과자,서양,간식,밀가루(박력분) 100g 아몬드슬라이스(슬라이스한것) 180g 오렌지시럽 1큰술,오렌지아몬드트일 빵 과자 서양 간식 밀가루(박력분) 100g 아몬드슬라이스(슬라이스한것) 180g 오렌지시럽 1큰술
오렌지크레이프,빵 과자,서양,간식,밀가루(박력분) 100g,오렌지크레이프 빵 과자 서양 간식 밀가루(박력분) 100g
전기밥솥케이크,빵 과자,서양,간식,계란 4개 밀가루(박력분) 3/4컵 설탕 1/2컵,전기밥솥케이크 빵 과자 서양 간식 계란 4개 밀가루(박력분) 3/4컵 설탕 1/2컵
초코버터쿠키,빵 과자,서양,간식,밀가루 200g,초코버터쿠키 빵 과자 서양 간식 밀가루 200g
초코칩쿠키,빵 과자,서양,간식,밀가루(박력분) 180g 버터 80g 초콜릿 80g,초코칩쿠키 빵 과자 서양 간식 밀가루(박력분) 180g 버터 80g 초콜릿 80g
초코칩쿠키,빵 과자,서양,간식,박력분 180g 초콜릿 80g,초코칩쿠키 빵 과자 서양 간식 박력분 180g 초콜릿 80g
초코크리스피,빵 과자,서양,간식,씨리얼 120g 초콜릿 150g,초코크리스피 빵 과자 서양 간식 씨리얼 120g 초콜릿 150g
초콜릿무스,빵 과자,서양,간식,초콜릿 100g 생크림 150cc,초콜릿무스 빵 과자 서양 간식 초콜릿 100g 생크림 150cc
초콜릿케이크,빵 과자,서양,간식,밀가루 35g 코코아 15g 초콜릿 150g,초콜릿케이크 빵 과자 서양 간식 밀가루 35g 코코아 15g 초콜릿 150g
초콜릿케이크,빵 과자,서양,간식,코코아 160g 밀가루 80g,초콜릿케이크 빵 과자 서양 간식 코코아 160g 밀가루 80g
쵸코생크림케이크,빵 과자,서양,간식,박력분 125g 쵸코렛 75g,쵸코생크림케이크 빵 과자 서양 간식 박력분 125g 쵸코렛 75g
치즈케이크,빵 과자,서양,간식,크림치즈 250g 박력분 60g,치즈케이크 빵 과자 서양 간식 크림치즈 250g 박력분 60g
카스테라,빵 과자,서양,간식,박력분 192g 계란 6개,카스테라 빵 과자 서양 간식 박력분 192g 계란 6개
커스터드푸딩,빵 과자,서양,간식,계란 3개 설탕 90g 우유 2컵,커스터드푸딩 빵 과자 서양 간식 계란 3개 설탕 90g 우유 2컵
커피머핀,빵 과자,서양,간식,박력분 400g 커피 5g,커피머핀 빵 과자 서양 간식 박력분 400g 커피 5g
쿠키카드,빵 과자,서양,간식,박력분 300g,쿠키카드 빵 과자 서양 간식 박력분 300g
크리스마스케이크,빵 과자,서양,간식,밀가루(박력분) 500g 계란 900g 생크림 적당량,크리스마스케이크 빵 과자 서양 간식 밀가루(박력분) 500g 계란 900g 생크림 적당량
크림치즈팬케이크,빵 과자,서양,간식,밀가루 75g 크림치즈 150g,크림치즈팬케이크 빵 과자 서양 간식 밀가루 75g 크림치즈 150g
클래식 쇼콜라,빵 과자,서양,간식,다크초콜릿 80g 생크림 68g 강력분 12g 박력분 12g 코코아 48g,클래식 쇼콜라 빵 과자 서양 간식 다크초콜릿 80g 생크림 68g 강력분 12g 박력분 12g 코코아 48g
키세스초코땅콩쿠키,빵 과자,서양,간식,다진아몬드(혹은 땅콩) 40g 키세스초콜릿 20개,키세스초코땅콩쿠키 빵 과자 서양 간식 다진아몬드(혹은 땅콩) 40g 키세스초콜릿 20개
팥앙금빵,빵 과자,서양,간식,강력분 250g 팥앙금 300g 삶은밤 2톨,팥앙금빵 빵 과자 서양 간식 강력분 250g 팥앙금 300g 삶은밤 2톨
프라이팬넛트쿠키,빵 과자,서양,간식,박력분 200g 땅콩 1큰술 호두 1알 분설탕 적당량,프라이팬넛트쿠키 빵 과자 서양 간식 박력분 200g 땅콩 1큰술 호두 1알 분설탕 적당량
프럼케이크,빵 과자,서양,간식,밀가루 1컵 설탕에절인과일(설탕에절인것) 50g 브랜디 1과1/2큰술,프럼케이크 빵 과자 서양 간식 밀가루 1컵 설탕에절인과일(설탕에절인것) 50g 브랜디 1과1/2큰술
요구르트젤리,음료,서양,간식,우유 200g 플레인요구르트 100g,요구르트젤리 음료 서양 간식 우유 200g 플레인요구르트 100g
카푸치노,음료,서양,간식,카페에스프레소 2샷 우유 2와1/2컵,카푸치노 음료 서양 간식 카페에스프레소 2샷 우유 2와1/2컵
게살소스스파게티,만두 면류,서양,메인요리,스파게티 70g 게살소스 150ml,게살소스스파게티 만두 면류 서양 메인요리 스파게티 70g 게살소스 150ml
매운토마토소스펜네,만두 면류,서양,메인요리,펜네 400g 토마토 1개,매운토마토소스펜네 만두 면류 서양 메인요리 펜네 400g 토마토 1개
빕앤터커파스타,만두 면류,서양,메인요리,스파게티 50g,빕앤터커파스타 만두 면류 서양 메인요리 스파게티 50g
뽀모도로 토마토파스타,만두 면류,서양,메인요리,토마토홀 450g 스파게티 80g,뽀모도로 토마토파스타 만두 면류 서양 메인요리 토마토홀 450g 스파게티 80g
시칠리아식 파스타,만두 면류,서양,메인요리,가지 3개,시칠리아식 파스타 만두 면류 서양 메인요리 가지 3개
정통 나폴리 까르보나라,만두 면류,서양,메인요리,페델리니 60g 베이컨 20g,정통 나폴리 까르보나라 만두 면류 서양 메인요리 페델리니 60g 베이컨 20g
감자양파그라탕,그라탕 리조또,서양,메인요리,감자 2개 양파 1개 베이컨 4장,감자양파그라탕 그라탕 리조또 서양 메인요리 감자 2개 양파 1개 베이컨 4장
닭고기콘그라탕,그라탕 리조또,서양,메인요리,닭고기(가슴살) 200g,닭고기콘그라탕 그라탕 리조또 서양 메인요리 닭고기(가슴살) 200g
브로콜리치즈구이,그라탕 리조또,서양,반찬,브로콜리 200g 새우(중간것) 150g 치즈 100g,브로콜리치즈구이 그라탕 리조또 서양 반찬 브로콜리 200g 새우(중간것) 150g 치즈 100g
송편라비올리그라탕,그라탕 리조또,서양,메인요리,송편 10개,송편라비올리그라탕 그라탕 리조또 서양 메인요리 송편 10개
감자햄버거,샌드위치 햄버거,서양,간식,감자 4개 쇠고기(안심) 200g 레몬즙 약간,감자햄버거 샌드위치 햄버거 서양 간식 감자 4개 쇠고기(안심) 200g 레몬즙 약간
레이즌랩샌드위치,샌드위치 햄버거,서양,간식,닭가슴살 2개,레이즌랩샌드위치 샌드위치 햄버거 서양 간식 닭가슴살 2개
미니햄버거,샌드위치 햄버거,서양,간식,모닝빵 8개 쇠고기(우둔) 100g 돼지고기(안심) 50g 양파 1/8개 샐러리 1/8대 계란노른자 1/2개 빵가루 1큰술 밀가루 1큰술 소금 약간,미니햄버거 샌드위치 햄버거 서양 간식 모닝빵 8개 쇠고기(우둔) 100g 돼지고기(안심) 50g 양파 1/8개 샐러리 1/8대 계란노른자 1/2개 빵가루 1큰술 밀가루 1큰술 소금 약간
바게트샌드위치,샌드위치 햄버거,서양,간식,바게트 1통,바게트샌드위치 샌드위치 햄버거 서양 간식 바게트 1통
치킨랩샌드위치,샌드위치 햄버거,서양,간식,밀가루(강력분) 100g 우유 230ml 닭고기(안심) 250g,치킨랩샌드위치 샌드위치 햄버거 서양 간식 밀가루(강력분) 100g 우유 230ml 닭고기(안심) 250g
크로아상샌드위치,샌드위치 햄버거,서양,간식,미니크로아상 4개,크로아상샌드위치 샌드위치 햄버거 서양 간식 미니크로아상 4개
타코샌드위치,샌드위치 햄버거,서양,간식,밀가루(중력분) 1컵 토마토 1개 베이컨 4장 양상추 10장,타코샌드위치 샌드위치 햄버거 서양 간식 밀가루(중력분) 1컵 토마토 1개 베이컨 4장 양상추 10장
프랜치토스트샌드위치,샌드위치 햄버거,서양,간식,식빵 4쪽 햄 2장 치즈 2장,프랜치토스트샌드위치 샌드위치 햄버거 서양 간식 식빵 4쪽 햄 2장 치즈 2장
핫샌드위치,샌드위치 햄버거,서양,간식,크로와상 2개 흰살생선 50g,핫샌드위치 샌드위치 햄버거 서양 간식 크로와상 2개 흰살생선 50g
디저트피자,피자,서양,간식,강력분 200g,디저트피자 피자 서양 간식 강력분 200g
미니피자,피자,서양,간식,밀가루(강력분) 150g 이스트 설탕 소금 1작은술씩 우유 2큰술 물(미온수) 1/3컵 버터 25g 식용유 1큰술 올리브 4개,미니피자 피자 서양 간식 밀가루(강력분) 150g 이스트 설탕 소금 1작은술씩 우유 2큰술 물(미온수) 1/3컵 버터 25g 식용유 1큰술 올리브 4개
컴비네이션피자,피자,서양,간식,밀가루(강력분) 1컵 소시지 30g 햄 40g 양송이 3개 피자치즈(피자용) 150g,컴비네이션피자 피자 서양 간식 밀가루(강력분) 1컵 소시지 30g 햄 40g 양송이 3개 피자치즈(피자용) 150g
토스트피자,피자,서양,간식,식빵 4쪽 피자치즈 20g,토스트피자 피자 서양 간식 식빵 4쪽 피자치즈 20g
덴마크식오믈렛,볶음,서양,메인요리,계란 2개 우유 1/4컵,덴마크식오믈렛 볶음 서양 메인요리 계란 2개 우유 1/4컵
두부오믈렛,볶음,서양,메인요리,계란 2개 두부 1/3모 우유 2작은술,두부오믈렛 볶음 서양 메인요리 계란 2개 두부 1/3모 우유 2작은술
바비큐폭찹,볶음,서양,메인요리,돼지고기(등심) 300g,바비큐폭찹 볶음 서양 메인요리 돼지고기(등심) 300g
비프스트로가노프,볶음,서양,메인요리,쇠고기(안심) 300g 밥 1공기,비프스트로가노프 볶음 서양 메인요리 쇠고기(안심) 300g 밥 1공기
아스파라거스새우볶음,볶음,서양,메인요리,아스파라거스 100g 새우 200g,아스파라거스새우볶음 볶음 서양 메인요리 아스파라거스 100g 새우 200g
와인소스미트볼,볶음,서양,메인요리,다진쇠고기(우둔) 150g 다진돼지고기(목살) 100g,와인소스미트볼 볶음 서양 메인요리 다진쇠고기(우둔) 150g 다진돼지고기(목살) 100g
퓨전찹스테이크,볶음,서양,메인요리,피망 1개 양송이 80g 양파 1/2개 쇠고기 300g 쇠고기(안심) 300g,퓨전찹스테이크 볶음 서양 메인요리 피망 1개 양송이 80g 양파 1/2개 쇠고기 300g 쇠고기(안심) 300g
계란돈부리,밥 죽 스프,일본,메인요리,밥 4공기 계란 3개,계란돈부리 밥 죽 스프 일본 메인요리 밥 4공기 계란 3개
깻잎마끼,밥 죽 스프,일본,메인요리,밥 2공기 깻잎 10장,깻잎마끼 밥 죽 스프 일본 메인요리 밥 2공기 깻잎 10장
돈부리,밥 죽 스프,일본,메인요리,밥 2공기 쇠고기(등심) 60g,돈부리 밥 죽 스프 일본 메인요리 밥 2공기 쇠고기(등심) 60g
모듬초밥,밥 죽 스프,일본,메인요리,쌀 3컵 참치 150g 오징어 150g 문어 100g 새우 8마리,모듬초밥 밥 죽 스프 일본 메인요리 쌀 3컵 참치 150g 오징어 150g 문어 100g 새우 8마리
무지개초밥,밥 죽 스프,일본,메인요리,참치 30g 초새우 4마리 고등어 50g 연어 50g 김 2장 초밥 200g,무지개초밥 밥 죽 스프 일본 메인요리 참치 30g 초새우 4마리 고등어 50g 연어 50g 김 2장 초밥 200g
문전초밥,밥 죽 스프,일본,메인요리,김 1장 계란 1개 오보로 약간 밥 1그릇,문전초밥 밥 죽 스프 일본 메인요리 김 1장 계란 1개 오보로 약간 밥 1그릇
복주머니초밥,밥 죽 스프,일본,메인요리,초밥 200g 초새우 4마리,복주머니초밥 밥 죽 스프 일본 메인요리 초밥 200g 초새우 4마리
삼색태극말이초밥,밥 죽 스프,일본,메인요리,김 5장 밥 1공기,삼색태극말이초밥 밥 죽 스프 일본 메인요리 김 5장 밥 1공기
새우초밥,밥 죽 스프,일본,메인요리,쌀 3컵 새우(초밥용) 40마리 고추냉이 약간,새우초밥 밥 죽 스프 일본 메인요리 쌀 3컵 새우(초밥용) 40마리 고추냉이 약간
세공초밥,밥 죽 스프,일본,메인요리,김 1장 밥 1그릇,세공초밥 밥 죽 스프 일본 메인요리 김 1장 밥 1그릇
치라시스시,밥 죽 스프,일본,메인요리,참치 50g 광어(광어살) 50g 오징어 50g 도미(도미살) 50g 새우(초밥용) 4마리 문어 50g 밥 2공기,치라시스시 밥 죽 스프 일본 메인요리 참치 50g 광어(광어살) 50g 오징어 50g 도미(도미살) 50g 새우(초밥용) 4마리 문어 50g 밥 2공기
캘리포니아롤,밥 죽 스프,일본,메인요리,김 1장 밥 1그릇,캘리포니아롤 밥 죽 스프 일본 메인요리 김 1장 밥 1그릇
캘리포니아롤,밥 죽 스프,일본,메인요리,김 2장 밥 2공기,캘리포니아롤 밥 죽 스프 일본 메인요리 김 2장 밥 2공기
현미초밥,밥 죽 스프,일본,메인요리,흰쌀 1과1/2컵 현미 1/2컵 다시마 1쪽 표고버섯 4장,현미초밥 밥 죽 스프 일본 메인요리 흰쌀 1과1/2컵 현미 1/2컵 다시마 1쪽 표고버섯 4장
회덮밥,밥 죽 스프,일본,메인요리,생선(흰살) 300g 밥 2공기,회덮밥 밥 죽 스프 일본 메인요리 생선(흰살) 300g 밥 2공기
닭꼬치구이,조림,일본,메인요리,닭고기(안심) 200g,닭꼬치구이 조림 일본 메인요리 닭고기(안심) 200g
돈까스,튀김 커틀릿,일본,메인요리,돼기고기(안심) 400g,돈까스 튀김 커틀릿 일본 메인요리 돼기고기(안심) 400g
게살과 소바 샐러드,나물 생채 샐러드,일본,반찬,메밀국수 50g 게살 20g,게살과 소바 샐러드 나물 생채 샐러드 일본 반찬 메밀국수 50g 게살 20g
생선다대기회,나물 생채 샐러드,일본,메인요리,생선 600g,생선다대기회 나물 생채 샐러드 일본 메인요리 생선 600g
스팀보트,양식,일본,메인요리,쇠고기 약간 닭고기 약간 오징어 약간 새우 약간 조개 약간 팽이버섯 약간 느타리버섯 약간 표고버섯 약간 시금치 약간 배추 약간,스팀보트 양식 일본 메인요리 쇠고기 약간 닭고기 약간 오징어 약간 새우 약간 조개 약간 팽이버섯 약간 느타리버섯 약간 표고버섯 약간 시금치 약간 배추 약간
국수계란말이,만두 면류,일본,메인요리,계란 4개 국수 100g,국수계란말이 만두 면류 일본 메인요리 계란 4개 국수 100g
모밀국수,만두 면류,일본,메인요리,모밀국수 400g,모밀국수 만두 면류 일본 메인요리 모밀국수 400g
새우튀김우동,만두 면류,일본,메인요리,우동사리 250g 새우 6마리 쑥갓 약간,새우튀김우동 만두 면류 일본 메인요리 우동사리 250g 새우 6마리 쑥갓 약간
장어소면,만두 면류,일본,메인요리,소면 100g 장어 50g,장어소면 만두 면류 일본 메인요리 소면 100g 장어 50g
정통일본식우동,만두 면류,일본,메인요리,중력분 500g 가쓰오브시 60g,정통일본식우동 만두 면류 일본 메인요리 중력분 500g 가쓰오브시 60g
스끼야끼,찌개 전골 스튜,일본,메인요리,쇠고기(안심) 200g 배추 100g,스끼야끼 찌개 전골 스튜 일본 메인요리 쇠고기(안심) 200g 배추 100g
어묵냄비,찌개 전골 스튜,일본,반찬,어묵 1봉지 유부 4~5개 무 1/4쪽,어묵냄비 찌개 전골 스튜 일본 반찬 어묵 1봉지 유부 4~5개 무 1/4쪽
오코노미야키,부침,일본,메인요리,밀가루 3컵 다시물 2컵 계란 2개,오코노미야키 부침 일본 메인요리 밀가루 3컵 다시물 2컵 계란 2개
치킨데리야끼,볶음,일본,메인요리,닭(가슴살) 500g,치킨데리야끼 볶음 일본 메인요리 닭(가슴살) 500g
누룽지탕,밥 죽 스프,중국,반찬,누룽지 3조각 표고버섯 2장 죽순 30g 새우 100g,누룽지탕 밥 죽 스프 중국 반찬 누룽지 3조각 표고버섯 2장 죽순 30g 새우 100g
새우볶음밥,밥 죽 스프,중국,메인요리,건포도 30g 칵테일새우 100g 양파 1/2개 찬밥 2공기,새우볶음밥 밥 죽 스프 중국 메인요리 건포도 30g 칵테일새우 100g 양파 1/2개 찬밥 2공기
잡채밥,밥 죽 스프,중국,메인요리,당면 50g 돼지고기 100g 표고버섯 1장 부추 30g,잡채밥 밥 죽 스프 중국 메인요리 당면 50g 돼지고기 100g 표고버섯 1장 부추 30g
잡탕밥,밥 죽 스프,중국,메인요리,해삼 2마리 새우 50g 오징어 1/2마리 홍합 50g,잡탕밥 밥 죽 스프 중국 메인요리 해삼 2마리 새우 50g 오징어 1/2마리 홍합 50g
중국식볶음밥,밥 죽 스프,중국,메인요리,밥 800g 계란 2개 돼지고기(안심) 200g,중국식볶음밥 밥 죽 스프 중국 메인요리 밥 800g 계란 2개 돼지고기(안심) 200g
짬뽕해물탕밥,밥 죽 스프,중국,메인요리,밥 2그릇 돼기고기 150g 오징어 1/2마리 조개살 100g 홍합 200g,짬뽕해물탕밥 밥 죽 스프 중국 메인요리 밥 2그릇 돼기고기 150g 오징어 1/2마리 조개살 100g 홍합 200g
해물별미밥,밥 죽 스프,중국,메인요리,쌀 2컵 갑오징어 1마리 새우 8마리 소라 1개,해물별미밥 밥 죽 스프 중국 메인요리 쌀 2컵 갑오징어 1마리 새우 8마리 소라 1개
짜사이콩나물국,국,중국,메인요리,짜사이 150g 돼지고기 300g 콩나물 50g,짜사이콩나물국 국 중국 메인요리 짜사이 150g 돼지고기 300g 콩나물 50g
오향장육,조림,중국,메인요리,돼지고기(사태) 300g,오향장육 조림 중국 메인요리 돼지고기(사태) 300g
군만두,구이,중국,간식,돼기고기(우둔) 300g 밀가루 2와1/2컵,군만두 구이 중국 간식 돼기고기(우둔) 300g 밀가루 2와1/2컵
깐풍기,튀김 커틀릿,중국,메인요리,닭고기(다리살) 1마리,깐풍기 튀김 커틀릿 중국 메인요리 닭고기(다리살) 1마리
깐풍새우,튀김 커틀릿,중국,메인요리,새우 12마리,깐풍새우 튀김 커틀릿 중국 메인요리 새우 12마리
레몬치킨,튀김 커틀릿,중국,메인요리,닭안심(안심) 300g,레몬치킨 튀김 커틀릿 중국 메인요리 닭안심(안심) 300g
쇠고기탕수,튀김 커틀릿,중국,메인요리,쇠고기(홍두깨살) 1근,쇠고기탕수 튀김 커틀릿 중국 메인요리 쇠고기(홍두깨살) 1근
오징어탕수,튀김 커틀릿,중국,메인요리,오징어 1마리 계란 1개 녹말 1컵 옥수수 3큰술,오징어탕수 튀김 커틀릿 중국 메인요리 오징어 1마리 계란 1개 녹말 1컵 옥수수 3큰술
왕새우칠리소스,튀김 커틀릿,중국,메인요리,새우(대하) 6마리,왕새우칠리소스 튀김 커틀릿 중국 메인요리 새우(대하) 6마리
콘소스탕수육,튀김 커틀릿,중국,메인요리,돼지고기(등심) 400g,콘소스탕수육 튀김 커틀릿 중국 메인요리 돼지고기(등심) 400g
탕수육,튀김 커틀릿,중국,메인요리,홍피망 1개 돼지고기(안심) 300g 녹말 1큰술,탕수육 튀김 커틀릿 중국 메인요리 홍피망 1개 돼지고기(안심) 300g 녹말 1큰술
파인애플탕수육,튀김 커틀릿,중국,메인요리,돼지고기 200g,파인애플탕수육 튀김 커틀릿 중국 메인요리 돼지고기 200g
김치채소볶음,밑반찬 김치,중국,반찬,배추김치 1/8포기 돼지고기(안심) 80g 죽순 50g 양송이버섯 2개,김치채소볶음 밑반찬 김치 중국 반찬 배추김치 1/8포기 돼지고기(안심) 80g 죽순 50g 양송이버섯 2개
기스면,만두 면류,중국,메인요리,닭다리 150g 물 10컵 소면 400g 중국부추 50g,기스면 만두 면류 중국 메인요리 닭다리 150g 물 10컵 소면 400g 중국부추 50g
꽃만두국(완당국),만두 면류,중국,메인요리,밀가루 2컵 쇠고기(우둔) 200g 배추 200g,꽃만두국(완당국) 만두 면류 중국 메인요리 밀가루 2컵 쇠고기(우둔) 200g 배추 200g
딤섬,만두 면류,중국,간식,돼지고기(또는 쇠고기 닭고기) 250g 새우 15마리,딤섬 만두 면류 중국 간식 돼지고기(또는 쇠고기 닭고기) 250g 새우 15마리
울만두,만두 면류,중국,간식,시판용 손만두 4개 칵테일새우 10마리 갑오징어새끼 2마리,울만두 만두 면류 중국 간식 시판용 손만두 4개 칵테일새우 10마리 갑오징어새끼 2마리
자장면,만두 면류,중국,메인요리,국수(생면) 400g 자장 2큰술,자장면 만두 면류 중국 메인요리 국수(생면) 400g 자장 2큰술
해물누룽지탕,찌개 전골 스튜,중국,메인요리,누룽지 8조각 오징어 1/2마리 새우 8마리,해물누룽지탕 찌개 전골 스튜 중국 메인요리 누룽지 8조각 오징어 1/2마리 새우 8마리
두반장해물볶음,볶음,중국,메인요리,불린해삼 2개 홍합 80g 칵테일새우 10마리 소라 3개 오징어 1마리 돼지고기 50g 고추기름 약간,두반장해물볶음 볶음 중국 메인요리 불린해삼 2개 홍합 80g 칵테일새우 10마리 소라 3개 오징어 1마리 돼지고기 50g 고추기름 약간
마파두부,볶음,중국,메인요리,두부 1모 다진돼지고기(안심) 50g 녹말 1큰술 물 1큰술,마파두부 볶음 중국 메인요리 두부 1모 다진돼지고기(안심) 50g 녹말 1큰술 물 1큰술
부추표고버섯볶음,볶음,중국,반찬,부추 1단 표고버섯 4장,부추표고버섯볶음 볶음 중국 반찬 부추 1단 표고버섯 4장
죽순표고버섯볶음나물,볶음,중국,반찬,죽순 2개 표고버섯 8장,죽순표고버섯볶음나물 볶음 중국 반찬 죽순 2개 표고버섯 8장
중국식연두부,볶음,중국,메인요리,연두부 400g,중국식연두부 볶음 중국 메인요리 연두부 400g
중국식오징어볶음,볶음,중국,메인요리,오징어 2마리,중국식오징어볶음 볶음 중국 메인요리 오징어 2마리
칠리새우,볶음,중국,반찬,대하 10마리 청피망 1/2개 홍피망 1/2개,칠리새우 볶음 중국 반찬 대하 10마리 청피망 1/2개 홍피망 1/2개
피망잡채,볶음,중국,반찬,피망 4개 쇠고기(잡채용) 200g 표고버섯 3장,피망잡채 볶음 중국 반찬 피망 4개 쇠고기(잡채용) 200g 표고버섯 3장
지중해식볶음밥,밥 죽 스프,동남아시아,메인요리,쌀 2컵 바지락 200g,지중해식볶음밥 밥 죽 스프 동남아시아 메인요리 쌀 2컵 바지락 200g
톰얌꿍,밥 죽 스프,동남아시아,메인요리,새우 5마리 타마린드 1/2큰술 피쉬소스 2큰술 칠리페이스트 1/2큰술 생라임즙 1과1/2큰술,톰얌꿍 밥 죽 스프 동남아시아 메인요리 새우 5마리 타마린드 1/2큰술 피쉬소스 2큰술 칠리페이스트 1/2큰술 생라임즙 1과1/2큰술
쌀전병냉채,나물 생채 샐러드,동남아시아,반찬,라이스페이퍼 10장 깻잎 10장 햄 100g 오이 1개 계란 2개 표고버섯 5장,쌀전병냉채 나물 생채 샐러드 동남아시아 반찬 라이스페이퍼 10장 깻잎 10장 햄 100g 오이 1개 계란 2개 표고버섯 5장
월남쌈,나물 생채 샐러드,동남아시아,메인요리,라이스페이퍼 8장 쌀국수 50g 오징어 1/2마리,월남쌈 나물 생채 샐러드 동남아시아 메인요리 라이스페이퍼 8장 쌀국수 50g 오징어 1/2마리
해물팟타이,만두 면류,동남아시아,메인요리,쌀국수 100g 오징어 1마리 새우 10마리 숙주 30g,해물팟타이 만두 면류 동남아시아 메인요리 쌀국수 100g 오징어 1마리 새우 10마리 숙주 30g
단호박주뻬따,밥 죽 스프,이탈리아,메인요리,[주뻬따] 단호박 50g 생크림 50g,단호박주뻬따 밥 죽 스프 이탈리아 메인요리 [주뻬따] 단호박 50g 생크림 50g
닭가슴살 샤프란 리조또,밥 죽 스프,이탈리아,메인요리,닭가슴살 50g 샤프론 리조또 100g,닭가슴살 샤프란 리조또 밥 죽 스프 이탈리아 메인요리 닭가슴살 50g 샤프론 리조또 100g
버섯 크림 리조또,밥 죽 스프,이탈리아,메인요리,버섯 리조또 80~90g 닭가슴살 50g 양송이버섯 1개,버섯 크림 리조또 밥 죽 스프 이탈리아 메인요리 버섯 리조또 80~90g 닭가슴살 50g 양송이버섯 1개
자색고구마수프,밥 죽 스프,이탈리아,반찬,자색고구마 500g 우유 500ml 생크림 200ml,자색고구마수프 밥 죽 스프 이탈리아 반찬 자색고구마 500g 우유 500ml 생크림 200ml
감자로싼도미스테이크,구이,이탈리아,메인요리,도미살 150g 감자 1개,감자로싼도미스테이크 구이 이탈리아 메인요리 도미살 150g 감자 1개
빈스크림왕새우,구이,이탈리아,메인요리,흰살생선 80g 왕새우 2마리,빈스크림왕새우 구이 이탈리아 메인요리 흰살생선 80g 왕새우 2마리
바지락와인찜,찜,이탈리아,메인요리,바지락 1kg 화이트와인 250cc,바지락와인찜 찜 이탈리아 메인요리 바지락 1kg 화이트와인 250cc
닭가슴살과토마토양파소스,나물 생채 샐러드,이탈리아,반찬,닭가슴살 1개 검은올리브(다진것) 2개,닭가슴살과토마토양파소스 나물 생채 샐러드 이탈리아 반찬 닭가슴살 1개 검은올리브(다진것) 2개
시칠리아식카포나타,나물 생채 샐러드,이탈리아,반찬,가지 1개 샐러리 100g 양파 50g 토마토 1개 케이퍼 20g,시칠리아식카포나타 나물 생채 샐러드 이탈리아 반찬 가지 1개 샐러리 100g 양파 50g 토마토 1개 케이퍼 20g
카프레제,나물 생채 샐러드,이탈리아,반찬,토마토 2개 후레쉬모짜렐라치즈 1개,카프레제 나물 생채 샐러드 이탈리아 반찬 토마토 2개 후레쉬모짜렐라치즈 1개
해산물샐러드,나물 생채 샐러드,이탈리아,반찬,삶은 문어살 80g 갑오징어 80g 꼴뚜기 80g 중새우살 6개 쭈꾸미 4개 참소라살 60g 모시조개 10개 가리비 2개 검은껍질홍합 10개 가재새우 2개,해산물샐러드 나물 생채 샐러드 이탈리아 반찬 삶은 문어살 80g 갑오징어 80g 꼴뚜기 80g 중새우살 6개 쭈꾸미 4개 참소라살 60g 모시조개 10개 가리비 2개 검은껍질홍합 10개 가재새우 2개
스파게티카레미트소스,양식,이탈리아,메인요리,카레 40g 다진쇠고기 200g 양송이 50g 스파게티 300g,스파게티카레미트소스 양식 이탈리아 메인요리 카레 40g 다진쇠고기 200g 양송이 50g 스파게티 300g
홍합 봉골레 페투치니 알리올리,양식,이탈리아,메인요리,페투치니 40g 오징어 30g 새우(중하) 2마리 홍합 3개 중합 2개,홍합 봉골레 페투치니 알리올리 양식 이탈리아 메인요리 페투치니 40g 오징어 30g 새우(중하) 2마리 홍합 3개 중합 2개
생크림무스,후식,이탈리아,간식,생크림 170g,생크림무스 후식 이탈리아 간식 생크림 170g
라비올리,만두 면류,이탈리아,반찬,흰살생선 50g 양송이버섯 4개 닭고기(가슴살) 50g 만두피 10장,라비올리 만두 면류 이탈리아 반찬 흰살생선 50g 양송이버섯 4개 닭고기(가슴살) 50g 만두피 10장
리본모양파스타,만두 면류,이탈리아,메인요리,파스타(파르팔레) 120g 토마토 2개 쇠고기 80g 토마토주스 1컵,리본모양파스타 만두 면류 이탈리아 메인요리 파스타(파르팔레) 120g 토마토 2개 쇠고기 80g 토마토주스 1컵
버섯크림스파게티,만두 면류,이탈리아,메인요리,스파게티 110g 양송이버섯 50g 새송이버섯 1개,버섯크림스파게티 만두 면류 이탈리아 메인요리 스파게티 110g 양송이버섯 50g 새송이버섯 1개
시금치라비올리,만두 면류,이탈리아,메인요리,만두피 40장 시금치 100g 계란노른자 2개,시금치라비올리 만두 면류 이탈리아 메인요리 만두피 40장 시금치 100g 계란노른자 2개
아마뜨리치아나스파게티,만두 면류,이탈리아,메인요리,스파게티 160g 구안찰레 40g 판체타 약간,아마뜨리치아나스파게티 만두 면류 이탈리아 메인요리 스파게티 160g 구안찰레 40g 판체타 약간
알리오올리오 스파게티,만두 면류,이탈리아,메인요리,올리브오일 40g 다진 양파 20g 스파게티 100g,알리오올리오 스파게티 만두 면류 이탈리아 메인요리 올리브오일 40g 다진 양파 20g 스파게티 100g
오징어먹물 파스타,만두 면류,이탈리아,메인요리,스파게티니 40g 갑오징어 20g,오징어먹물 파스타 만두 면류 이탈리아 메인요리 스파게티니 40g 갑오징어 20g
오징어먹물스파게티,만두 면류,이탈리아,메인요리,오징어 50g 스파게티 70g 오징어먹물 2g,오징어먹물스파게티 만두 면류 이탈리아 메인요리 오징어 50g 스파게티 70g 오징어먹물 2g
카펠리니 버섯 크림파스타,만두 면류,이탈리아,메인요리,카펠리니 40g 양송이 2개 표고버섯 1개,카펠리니 버섯 크림파스타 만두 면류 이탈리아 메인요리 카펠리니 40g 양송이 2개 표고버섯 1개
크림소스파스타,만두 면류,이탈리아,메인요리,파스타 200g 생크림 1과1/2컵 우유 1/2컵,크림소스파스타 만두 면류 이탈리아 메인요리 파스타 200g 생크림 1과1/2컵 우유 1/2컵
토마토미트소스파스타,만두 면류,이탈리아,메인요리,다진쇠고기(안심) 200g 토마토주스 2컵 펜네파스타 150g,토마토미트소스파스타 만두 면류 이탈리아 메인요리 다진쇠고기(안심) 200g 토마토주스 2컵 펜네파스타 150g
푸타네스카스파게티,만두 면류,이탈리아,메인요리,스파게티 80g 올리브오일 30g 엔쵸비 1조각 케이퍼 10g,푸타네스카스파게티 만두 면류 이탈리아 메인요리 스파게티 80g 올리브오일 30g 엔쵸비 1조각 케이퍼 10g
라자니아,그라탕 리조또,이탈리아,메인요리,밀가루 1컵 쇠고기 80g 양송이 3개 샐러리 1/2대,라자니아 그라탕 리조또 이탈리아 메인요리 밀가루 1컵 쇠고기 80g 양송이 3개 샐러리 1/2대
리조또,그라탕 리조또,이탈리아,메인요리,쌀 1컵,리조또 그라탕 리조또 이탈리아 메인요리 쌀 1컵
새우도리아,그라탕 리조또,이탈리아,메인요리,새우(중하) 5마리 밥 1공기,새우도리아 그라탕 리조또 이탈리아 메인요리 새우(중하) 5마리 밥 1공기
시금치리조또,그라탕 리조또,이탈리아,메인요리,쌀 200g 다진시금치 50g,시금치리조또 그라탕 리조또 이탈리아 메인요리 쌀 200g 다진시금치 50g
시금치크림리조또,그라탕 리조또,이탈리아,메인요리,쌀 120g 휘핑크림 300g 시금치 잎 100g,시금치크림리조또 그라탕 리조또 이탈리아 메인요리 쌀 120g 휘핑크림 300g 시금치 잎 100g
파스타그라탕,그라탕 리조또,이탈리아,메인요리,오징어(몸통) 1/2마리 칵테일새우 10마리 마카로니 80g,파스타그라탕 그라탕 리조또 이탈리아 메인요리 오징어(몸통) 1/2마리 칵테일새우 10마리 마카로니 80g
고구마깔조네,피자,이탈리아,메인요리,피자반죽(개당 180g) 2개 삶은고구마 100g,고구마깔조네 피자 이탈리아 메인요리 피자반죽(개당 180g) 2개 삶은고구마 100g
디아볼로피자,피자,이탈리아,메인요리,강력분 200g 생이스트 60g,디아볼로피자 피자 이탈리아 메인요리 강력분 200g 생이스트 60g
루꼴라 피자,피자,이탈리아,메인요리,[도우] 밀가루(강력분) 375g,루꼴라 피자 피자 이탈리아 메인요리 [도우] 밀가루(강력분) 375g
마르게리따 피자,피자,이탈리아,메인요리,[반죽] 밀가루(강력분) 375g,마르게리따 피자 피자 이탈리아 메인요리 [반죽] 밀가루(강력분) 375g
모짜렐라깔조네,피자,이탈리아,메인요리,피자반죽(개당 180g) 2개 모짜렐라치즈 80g,모짜렐라깔조네 피자 이탈리아 메인요리 피자반죽(개당 180g) 2개 모짜렐라치즈 80g
토마토피자,피자,이탈리아,메인요리,강력분 150g 토마토 2개,토마토피자 피자 이탈리아 메인요리 강력분 150g 토마토 2개
잠발라야,밥 죽 스프,멕시코,메인요리,돼지고기 200g 토마토 2개 쌀 1컵,잠발라야 밥 죽 스프 멕시코 메인요리 돼지고기 200g 토마토 2개 쌀 1컵
해물빠에야,밥 죽 스프,멕시코,메인요리,쌀(불린것) 1컵 오징어 1/2마리 새우 10마리 모시조개 10개,해물빠에야 밥 죽 스프 멕시코 메인요리 쌀(불린것) 1컵 오징어 1/2마리 새우 10마리 모시조개 10개
치킨케밥구이,구이,멕시코,메인요리,닭고기(다리살) 400g,치킨케밥구이 구이 멕시코 메인요리 닭고기(다리살) 400g
퀘사딜라,양식,멕시코,메인요리,또띠아 2장 모짜렐라치즈 200g,퀘사딜라 양식 멕시코 메인요리 또띠아 2장 모짜렐라치즈 200g
비프케밥,샌드위치 햄버거,멕시코,간식,쇠고기(불고기감) 150g,비프케밥 샌드위치 햄버거 멕시코 간식 쇠고기(불고기감) 150g
치킨퀘사디아,샌드위치 햄버거,멕시코,간식,또띠아 4장 닭고기(다리) 300g 양파 1/2개 양송이 3개,치킨퀘사디아 샌드위치 햄버거 멕시코 간식 또띠아 4장 닭고기(다리) 300g 양파 1/2개 양송이 3개
과일주먹밥,밥 죽 스프,퓨전,메인요리,밥 2공기 딸기 5개 키위 1/2개 흑임자 약간,과일주먹밥 밥 죽 스프 퓨전 메인요리 밥 2공기 딸기 5개 키위 1/2개 흑임자 약간
떡김밥,밥 죽 스프,퓨전,메인요리,멥쌀 250g,떡김밥 밥 죽 스프 퓨전 메인요리 멥쌀 250g
롤캐비지라이스,밥 죽 스프,퓨전,메인요리,양배추 8장 쇠고기(사태) 100g 밥 2공기,롤캐비지라이스 밥 죽 스프 퓨전 메인요리 양배추 8장 쇠고기(사태) 100g 밥 2공기
쌈장오므라이스,밥 죽 스프,퓨전,메인요리,계란 2개반 찬밥 2공기,쌈장오므라이스 밥 죽 스프 퓨전 메인요리 계란 2개반 찬밥 2공기
연어초밥,밥 죽 스프,퓨전,메인요리,밥 2공기 훈제연어 1/2팩,연어초밥 밥 죽 스프 퓨전 메인요리 밥 2공기 훈제연어 1/2팩
오곡밥에그,밥 죽 스프,퓨전,메인요리,오곡밥 1공기 계란 3개,오곡밥에그 밥 죽 스프 퓨전 메인요리 오곡밥 1공기 계란 3개
옥수수볶음밥,밥 죽 스프,퓨전,메인요리,밥 3공기 옥수수통조림 300g,옥수수볶음밥 밥 죽 스프 퓨전 메인요리 밥 3공기 옥수수통조림 300g
팔보라면,밥 죽 스프,퓨전,메인요리,해삼 1마리 갑오징어 1/2마리 라면 1개,팔보라면 밥 죽 스프 퓨전 메인요리 해삼 1마리 갑오징어 1/2마리 라면 1개
필라델피아롤,밥 죽 스프,퓨전,메인요리,아보카도 1/2개,필라델피아롤 밥 죽 스프 퓨전 메인요리 아보카도 1/2개
Rock’N Roll,밥 죽 스프,퓨전,메인요리,아보카도 1/2개,Rock’N Roll 밥 죽 스프 퓨전 메인요리 아보카도 1/2개
닭안심채소말이,조림,퓨전,메인요리,닭고기(안심) 3쪽,닭안심채소말이 조림 퓨전 메인요리 닭고기(안심) 3쪽
베이컨마늘조림,조림,퓨전,메인요리,베이컨 12장 마늘 36톨,베이컨마늘조림 조림 퓨전 메인요리 베이컨 12장 마늘 36톨
갈치카레구이,구이,퓨전,메인요리,갈치 1마리,갈치카레구이 구이 퓨전 메인요리 갈치 1마리
닭봉오븐구이,구이,퓨전,메인요리,닭봉 12개,닭봉오븐구이 구이 퓨전 메인요리 닭봉 12개
떡치즈구이,구이,퓨전,메인요리,가래떡 1개,떡치즈구이 구이 퓨전 메인요리 가래떡 1개
롤치킨,구이,퓨전,메인요리,닭가슴살 250g,롤치킨 구이 퓨전 메인요리 닭가슴살 250g
베이컨꼬치구이,구이,퓨전,메인요리,베이컨 15장,베이컨꼬치구이 구이 퓨전 메인요리 베이컨 15장
삼겹살치즈구이,구이,퓨전,메인요리,돼지고기(삼겹살) 200g 모짜렐라치즈 50g,삼겹살치즈구이 구이 퓨전 메인요리 돼지고기(삼겹살) 200g 모짜렐라치즈 50g
패주베이컨말이구이,구이,퓨전,메인요리,베이컨 8개 패주 8개,패주베이컨말이구이 구이 퓨전 메인요리 베이컨 8개 패주 8개
해물떡꼬치,구이,퓨전,간식,오징어 1마리 새우 50g 가래떡 50g,해물떡꼬치 구이 퓨전 간식 오징어 1마리 새우 50g 가래떡 50g
건포도완자탕수,튀김 커틀릿,퓨전,반찬,다진건포도 2큰술 다진쇠고기 140g 다진돼지고기 140g 다진양파 2큰술 다진샐러리 2큰술 간장 2작은술 굴소스/설탕 1작은술씩 다진파/다진마늘 2작은술씩 계란물 약간,건포도완자탕수 튀김 커틀릿 퓨전 반찬 다진건포도 2큰술 다진쇠고기 140g 다진돼지고기 140g 다진양파 2큰술 다진샐러리 2큰술 간장 2작은술 굴소스/설탕 1작은술씩 다진파/다진마늘 2작은술씩 계란물 약간
고등어강정,튀김 커틀릿,퓨전,반찬,고등어 1마리,고등어강정 튀김 커틀릿 퓨전 반찬 고등어 1마리
고추장닭강정,튀김 커틀릿,퓨전,간식,닭(안심) 500g,고추장닭강정 튀김 커틀릿 퓨전 간식 닭(안심) 500g
김치어묵,튀김 커틀릿,퓨전,반찬,생선살 150g 새우살 100g 김치 50g,김치어묵 튀김 커틀릿 퓨전 반찬 생선살 150g 새우살 100g 김치 50g
닭고기명란튀김,튀김 커틀릿,퓨전,반찬,닭고기(가슴살) 200g 명란젓 2개,닭고기명란튀김 튀김 커틀릿 퓨전 반찬 닭고기(가슴살) 200g 명란젓 2개
닭고기카레튀김,튀김 커틀릿,퓨전,반찬,닭(안심) 100g 콘플레이크 1컵 카레가루 30g,닭고기카레튀김 튀김 커틀릿 퓨전 반찬 닭(안심) 100g 콘플레이크 1컵 카레가루 30g
닭안심카레튀김,튀김 커틀릿,퓨전,반찬,닭안심 250g,닭안심카레튀김 튀김 커틀릿 퓨전 반찬 닭안심 250g
라면김말이튀김,튀김 커틀릿,퓨전,반찬,김 2장 라면 1개,라면김말이튀김 튀김 커틀릿 퓨전 반찬 김 2장 라면 1개
마늘팡세,튀김 커틀릿,퓨전,메인요리,꽃게 2마리 마늘 20알,마늘팡세 튀김 커틀릿 퓨전 메인요리 꽃게 2마리 마늘 20알
마요네즈새우,튀김 커틀릿,퓨전,메인요리,새우 10마리,마요네즈새우 튀김 커틀릿 퓨전 메인요리 새우 10마리
매운꽃게튀김,튀김 커틀릿,퓨전,메인요리,꽃게 2마리,매운꽃게튀김 튀김 커틀릿 퓨전 메인요리 꽃게 2마리
새우베이컨말이,튀김 커틀릿,퓨전,메인요리,새우(대하) 8개 아스파라거스 8개 베이컨 8줄,새우베이컨말이 튀김 커틀릿 퓨전 메인요리 새우(대하) 8개 아스파라거스 8개 베이컨 8줄
새우볶음밥춘권피튀김,튀김 커틀릿,퓨전,메인요리,밥 2공기 새우 100g 계란 2개,새우볶음밥춘권피튀김 튀김 커틀릿 퓨전 메인요리 밥 2공기 새우 100g 계란 2개
생선탕수,튀김 커틀릿,퓨전,반찬,동태살 300g,생선탕수 튀김 커틀릿 퓨전 반찬 동태살 300g
양상추튀김,튀김 커틀릿,퓨전,반찬,양상추 10장 말린표고버섯 200g 부추 100g 고구마(큰것) 1개,양상추튀김 튀김 커틀릿 퓨전 반찬 양상추 10장 말린표고버섯 200g 부추 100g 고구마(큰것) 1개
왕새우당면프라이드,튀김 커틀릿,퓨전,반찬,대하 4마리,왕새우당면프라이드 튀김 커틀릿 퓨전 반찬 대하 4마리
치즈만두튀김,튀김 커틀릿,퓨전,간식,모짜렐라치즈 50g 깻잎 8장 체다치즈 50g,치즈만두튀김 튀김 커틀릿 퓨전 간식 모짜렐라치즈 50g 깻잎 8장 체다치즈 50g
새우두부찜,찜,퓨전,메인요리,두부 200g 새우(중하) 5마리,새우두부찜 찜 퓨전 메인요리 두부 200g 새우(중하) 5마리
치킨갈란틴,찜,퓨전,반찬,닭 1/4마리,치킨갈란틴 찜 퓨전 반찬 닭 1/4마리
콩국계란찜,찜,퓨전,반찬,메주콩 1컵 계란 4개,콩국계란찜 찜 퓨전 반찬 메주콩 1컵 계란 4개
표고보트,찜,퓨전,메인요리,표고버섯 8개 새우(중하) 4마리 맛살 2개,표고보트 찜 퓨전 메인요리 표고버섯 8개 새우(중하) 4마리 맛살 2개
꽃만두피컵참치샐러드,나물 생채 샐러드,퓨전,반찬,스타키스트참치 1캔 만두피 10장,꽃만두피컵참치샐러드 나물 생채 샐러드 퓨전 반찬 스타키스트참치 1캔 만두피 10장
삼색나물월남쌈,나물 생채 샐러드,퓨전,메인요리,시금치나물 100g 도라지나물 100g 고사리나물 100g 고기산적 100g 라이스페이퍼 1팩,삼색나물월남쌈 나물 생채 샐러드 퓨전 메인요리 시금치나물 100g 도라지나물 100g 고사리나물 100g 고기산적 100g 라이스페이퍼 1팩
컵샐러드,나물 생채 샐러드,퓨전,반찬,햄 50g 만두피 6장 오이 1/3개,컵샐러드 나물 생채 샐러드 퓨전 반찬 햄 50g 만두피 6장 오이 1/3개
퓨전오절판과콩비지땅콩버터소스,나물 생채 샐러드,퓨전,반찬,두부 1/2모 쇠고기 100g 피망 1/2개 파프리카 1/2개,퓨전오절판과콩비지땅콩버터소스 나물 생채 샐러드 퓨전 반찬 두부 1/2모 쇠고기 100g 피망 1/2개 파프리카 1/2개
한국식타코샐러드,나물 생채 샐러드,퓨전,메인요리,춘권피 10장 쇠고기(우둔 불고기감) 300g 깻잎 20장 무순 1팩 양파 1개 토마토 1개 식용유 약간,한국식타코샐러드 나물 생채 샐러드 퓨전 메인요리 춘권피 10장 쇠고기(우둔 불고기감) 300g 깻잎 20장 무순 1팩 양파 1개 토마토 1개 식용유 약간
햄&베이컨채소쌈,나물 생채 샐러드,퓨전,메인요리,햄 10장 베이컨 10장 깻잎 3묶음,햄&베이컨채소쌈 나물 생채 샐러드 퓨전 메인요리 햄 10장 베이컨 10장 깻잎 3묶음
마쉬멜로우볼,도시락 간식,퓨전,간식,마쉬멜로우 100g 씨리얼 1/2컵 호두 약간 아몬드 약간 땅콩 약간,마쉬멜로우볼 도시락 간식 퓨전 간식 마쉬멜로우 100g 씨리얼 1/2컵 호두 약간 아몬드 약간 땅콩 약간
사천식볶음라면,도시락 간식,퓨전,메인요리,라면 1개,사천식볶음라면 도시락 간식 퓨전 메인요리 라면 1개
우유두부,도시락 간식,퓨전,간식,우유 5컵,우유두부 도시락 간식 퓨전 간식 우유 5컵
유부치즈밥,도시락 간식,퓨전,메인요리,밥 1공기 유부 10장 치즈 50g 새우(중하) 4마리,유부치즈밥 도시락 간식 퓨전 메인요리 밥 1공기 유부 10장 치즈 50g 새우(중하) 4마리
카레떡볶이,도시락 간식,퓨전,간식,가래떡 150g 양파 1/2개,카레떡볶이 도시락 간식 퓨전 간식 가래떡 150g 양파 1/2개
과일화채,후식,퓨전,간식,수박 1개 파인애플슬라이스 3개 복숭아칵테일 2쪽 오렌지 1/2개 키위 1개 메론 1/2개,과일화채 후식 퓨전 간식 수박 1개 파인애플슬라이스 3개 복숭아칵테일 2쪽 오렌지 1/2개 키위 1개 메론 1/2개
건포도찰떡파이,떡 한과,퓨전,간식,건포도 100g 찹쌀가루 500g 찐단호박 250g,건포도찰떡파이 떡 한과 퓨전 간식 건포도 100g 찹쌀가루 500g 찐단호박 250g
고구마찹쌀도넛,빵 과자,퓨전,간식,찹쌀가루(가루) 3과1/2컵 밀가루 4큰술 베이킹파우더 12g 고구마 1/2개 설탕 18g 버터 180g 우유 135g 건포도 113g,고구마찹쌀도넛 빵 과자 퓨전 간식 찹쌀가루(가루) 3과1/2컵 밀가루 4큰술 베이킹파우더 12g 고구마 1/2개 설탕 18g 버터 180g 우유 135g 건포도 113g
김치쿠키,빵 과자,퓨전,간식,밀가루(박력분) 200g 무염버터 100g 김치 30g 베이킹파우더 1/2작은술,김치쿠키 빵 과자 퓨전 간식 밀가루(박력분) 200g 무염버터 100g 김치 30g 베이킹파우더 1/2작은술
고추장스파게티,만두 면류,퓨전,메인요리,스파게티 80g 고추장 2큰술,고추장스파게티 만두 면류 퓨전 메인요리 스파게티 80g 고추장 2큰술
굴소스파스타,만두 면류,퓨전,메인요리,왕새우 3마리 오징어몸통 1/2마리 새송이버섯 1개 파스타 140g,굴소스파스타 만두 면류 퓨전 메인요리 왕새우 3마리 오징어몸통 1/2마리 새송이버섯 1개 파스타 140g
라면전,만두 면류,퓨전,메인요리,라면 1개 호박 1/2개 당근 1/2개,라면전 만두 면류 퓨전 메인요리 라면 1개 호박 1/2개 당근 1/2개
라면채소스파게티,만두 면류,퓨전,메인요리,라면 1개 다진쇠고기(사태) 30g,라면채소스파게티 만두 면류 퓨전 메인요리 라면 1개 다진쇠고기(사태) 30g
버섯슈마이,만두 면류,퓨전,반찬,새송이버섯 50g 느타리버섯 50g 표고버섯 2장 팽이버섯 30g 칵테일새우 50g 만두피 10장,버섯슈마이 만두 면류 퓨전 반찬 새송이버섯 50g 느타리버섯 50g 표고버섯 2장 팽이버섯 30g 칵테일새우 50g 만두피 10장
볶음쌀국수,만두 면류,퓨전,메인요리,쌀국수 30g 돼지고기 20g 숙주나물 30g,볶음쌀국수 만두 면류 퓨전 메인요리 쌀국수 30g 돼지고기 20g 숙주나물 30g
쇠고기두반장스파게티,만두 면류,퓨전,메인요리,쇠고기 60g 스파게티 150g,쇠고기두반장스파게티 만두 면류 퓨전 메인요리 쇠고기 60g 스파게티 150g
철판우동,만두 면류,퓨전,메인요리,우동면 150g 오징어 1/2마리,철판우동 만두 면류 퓨전 메인요리 우동면 150g 오징어 1/2마리
치킨볼과소면,만두 면류,퓨전,메인요리,닭안심(안심) 300g 소면 200g,치킨볼과소면 만두 면류 퓨전 메인요리 닭안심(안심) 300g 소면 200g
카레국수,만두 면류,퓨전,메인요리,국수 400g 카레 70g,카레국수 만두 면류 퓨전 메인요리 국수 400g 카레 70g
해물볶음우동,만두 면류,퓨전,메인요리,우동면 200g 새우 4마리 홍합 100g 오징어 1마리,해물볶음우동 만두 면류 퓨전 메인요리 우동면 200g 새우 4마리 홍합 100g 오징어 1마리
라면샤부샤부,찌개 전골 스튜,퓨전,메인요리,라면 2봉 쇠고기 200g 표고버섯 100g 배추 100g,라면샤부샤부 찌개 전골 스튜 퓨전 메인요리 라면 2봉 쇠고기 200g 표고버섯 100g 배추 100g
닭고기유부말이,부침,퓨전,반찬,닭가슴살 300g 유부(시판용) 10장,닭고기유부말이 부침 퓨전 반찬 닭가슴살 300g 유부(시판용) 10장
크림소스를곁들인생선전,부침,퓨전,반찬,생선전유어 8장,크림소스를곁들인생선전 부침 퓨전 반찬 생선전유어 8장
떡갈비샌드위치,샌드위치 햄버거,퓨전,간식,식빵 4장 쇠고기(우둔) 200g,떡갈비샌드위치 샌드위치 햄버거 퓨전 간식 식빵 4장 쇠고기(우둔) 200g
바게트라이스,샌드위치 햄버거,퓨전,간식,밥 2공기 바게트 1개,바게트라이스 샌드위치 햄버거 퓨전 간식 밥 2공기 바게트 1개
오징어피자스테이크,샌드위치 햄버거,퓨전,메인요리,오징어 1마리 프랑크소시지 2개,오징어피자스테이크 샌드위치 햄버거 퓨전 메인요리 오징어 1마리 프랑크소시지 2개
파티샌드위치,샌드위치 햄버거,퓨전,간식,[모짜렐라치즈샌드위치] 식빵 2조각 모짜렐라치즈 50g 토마토 1/4개 햄 50g 채소조각(치커리 양상추 적채) 적당량 꼬치 2개,파티샌드위치 샌드위치 햄버거 퓨전 간식 [모짜렐라치즈샌드위치] 식빵 2조각 모짜렐라치즈 50g 토마토 1/4개 햄 50g 채소조각(치커리 양상추 적채) 적당량 꼬치 2개
호박미니버거,샌드위치 햄버거,퓨전,간식,애호박 70g 돼지고기 100g 양파 50g,호박미니버거 샌드위치 햄버거 퓨전 간식 애호박 70g 돼지고기 100g 양파 50g
김치피자,피자,퓨전,반찬,바게트 1/4개 모짜렐라치즈(피자용) 100g 신김치 1/5포기,김치피자 피자 퓨전 반찬 바게트 1/4개 모짜렐라치즈(피자용) 100g 신김치 1/5포기
두부밥피자,피자,퓨전,메인요리,두부 1/2모 찬밥 1공기 당근 1/4개,두부밥피자 피자 퓨전 메인요리 두부 1/2모 찬밥 1공기 당근 1/4개
두부피자,피자,퓨전,메인요리,두부 300g,두부피자 피자 퓨전 메인요리 두부 300g
찬밥팬피자,피자,퓨전,메인요리,감자(큰것) 2개 치즈(피자용) 200g 찬밥 1공기 하이포크팜햄 30g,찬밥팬피자 피자 퓨전 메인요리 감자(큰것) 2개 치즈(피자용) 200g 찬밥 1공기 하이포크팜햄 30g
흰떡베이컨말이피자,피자,퓨전,메인요리,가래떡(흰색) 250g 베이컨 6장,흰떡베이컨말이피자 피자 퓨전 메인요리 가래떡(흰색) 250g 베이컨 6장
감자베이컨볶음,볶음,퓨전,반찬,감자(큰것) 1개 베이컨 1줄,감자베이컨볶음 볶음 퓨전 반찬 감자(큰것) 1개 베이컨 1줄
볶음쌀국수,볶음,퓨전,메인요리,쌀국수 100g,볶음쌀국수 볶음 퓨전 메인요리 쌀국수 100g
쇠고기케첩볶음,볶음,퓨전,반찬,쇠고기 350g,쇠고기케첩볶음 볶음 퓨전 반찬 쇠고기 350g
